desc::paper_id,desc::title,desc::authors,desc::keywords,dim::section_name,dim::source,desc::link,dim::have_evidential_data,desc::paper_url
9,Durational adjustment in Cantonese focus marking of native and non-native speakers,Yang Yike,"second language, speech production, speech prosody, focus, duration",Speech Acoustics,none,none,FALSE,https://www.internationalphoneticassociation.org/icphs-proceedings/ICPhS2023/full_papers/9.pdf
10,Phonetic description of filled pauses as discourse markers in Totoli,"Kaland Constantijn, Bardají Maria","ﬁlled pause, discourse marker, acoustic analysis, vowel quality, duration",Phonetics of Lesser Documented and Endangered Languages,osf,https://osf.io/yah89/,TRUE,https://www.internationalphoneticassociation.org/icphs-proceedings/ICPhS2023/full_papers/10.pdf
11,Ghost segments in the Flemish Tussentaal,"Bozhinoski Mishko, Boersma Paul","Franconian dialectology, ghost segments, sound change, corpus linguistics, sandhi",Phonetics of Sound Change,none,none,FALSE,https://www.internationalphoneticassociation.org/icphs-proceedings/ICPhS2023/full_papers/11.pdf
12,Native-Language Phonotactic Processing in Bilinguals,"Freeman Max, Marian Viorica","bilingualism, phonotactic constraints, phonology, visual world paradigm, speech perception",Bilingual/Multilingual Phonetics,none,none,FALSE,https://www.internationalphoneticassociation.org/icphs-proceedings/ICPhS2023/full_papers/12.pdf
14,Getting from A to B: complexities of turn change and retention in conversation,"Gilmartin Emer, Wlodarczak Marcin",,Phonetics of Conversation,none,none,FALSE,https://www.internationalphoneticassociation.org/icphs-proceedings/ICPhS2023/full_papers/14.pdf
15,Aerodynamics and articulation of word-final ejectives in Eastern Armenian,"Toparlak Tabita, Dolatian Hossep","Armenian, aspiration, ejectivization, aerodynamics, EGG",Phonetics of Lesser Documented and Endangered Languages,none,none,FALSE,https://www.internationalphoneticassociation.org/icphs-proceedings/ICPhS2023/full_papers/15.pdf
16,Towards Automating the Assessment of Teachers' Teaching Emotions in Preschool Classrooms,"Huo Mingyue, Tang Yan","teaching emotion, spontaneous speech, neu- ral network, acoustic features",Phonetics of Affective Speech,none,none,FALSE,https://www.internationalphoneticassociation.org/icphs-proceedings/ICPhS2023/full_papers/16.pdf
17,Prosody of pre-focal background depends on following focus,Roessig Simon,"prosody, information structure, pre- nuclear, F0, duration",Speech Prosody,osf,https://osf.io/2an3v/,TRUE,https://www.internationalphoneticassociation.org/icphs-proceedings/ICPhS2023/full_papers/17.pdf
19,Lasting stress ‘deafness’ after auditory training: French listeners revisited,"Peperkamp Sharon, Brazeal Jason","speech perception, stress ‘deafness’, auditory training, French",Speech Perception,none,none,FALSE,https://www.internationalphoneticassociation.org/icphs-proceedings/ICPhS2023/full_papers/19.pdf
22,Phonetic approaches to analyses of great ape quasi-vowels,"Ekström Axel G., Moran Steven, Sundberg Johan, Lameira Adriano R.","Primatology, Speech acoustics, Vowel space, Evolution of speech, Bioacoustics",Speech Evolution,none,none,FALSE,https://www.internationalphoneticassociation.org/icphs-proceedings/ICPhS2023/full_papers/22.pdf
24,Characteristics and distribution of silent pauses in conversations between autistic and non-autistic dyads,"Wehrle Simon, Vogeley Kai, Grice Martine",autism spectrum disorder; silent pause; filled pause; conversation; Bayesian modelling,Phonetics of Conversation,osf,https://osf.io/bph2t/,TRUE,https://www.internationalphoneticassociation.org/icphs-proceedings/ICPhS2023/full_papers/24.pdf
25,Relation between musical aptitude and L2 stress perception in French- and Korean-speaking listeners,"Martinez Garcia Maria Teresa, Schwab Sandra","music aptitude; L2 prosody; stress 'deafness'; Korean, French",Phonetics of Second and Foreign Language Acquisition,none,none,FALSE,https://www.internationalphoneticassociation.org/icphs-proceedings/ICPhS2023/full_papers/25.pdf
26,Poem declamation in two varieties of Portuguese: the link between prosody and pleasantness,Barbosa Plinio,"Poem declamation, Prosody, Portuguese, Pleasantness",Speech Prosody,github;figshare,https://github.com/pabarbosa/prosody-scripts/tree/;ﬁgshare.com/authors/Plinio_Barbosa/11320902,TRUE,https://www.internationalphoneticassociation.org/icphs-proceedings/ICPhS2023/full_papers/26.pdf
27,A review of palatographic measurement devices developed at the TU Dresden from 2011 to 2022,"Birkholz Peter, Stone Simon, Wagner Christoph, Kürbis Steffen, Wilbrandt Alexander, Bosshammer Mats",Optical palatography,Speech Production and Speech Physiology,none,none,FALSE,https://www.internationalphoneticassociation.org/icphs-proceedings/ICPhS2023/full_papers/27.pdf
28,SPRAAKLAB: a mobile laboratory for collecting speech production data,"Wieling Martijn, Rebernik Teja, Jacobi Jidde","Mobile speech laboratory, large-scale data collection, public engagement",Laboratory Phonology,none,none,FALSE,https://www.internationalphoneticassociation.org/icphs-proceedings/ICPhS2023/full_papers/28.pdf
30,The influence of syllable structure on lexical tones in Croatian: no effect?,"Tabain Marija, Kapović Mate, Gordon Matthew, Gregory Adele, Beare Richard","lexical pitch accents, timing, syllable structure, Croatian",Speech Prosody,none,none,FALSE,https://www.internationalphoneticassociation.org/icphs-proceedings/ICPhS2023/full_papers/30.pdf
31,"Interaction of quantity, foot structure, and stress in the 2nd/3rd syllable sonorants of Soikkola Ingrian trisyllables","Kuznetsova Natalia, Brodskaya Irina, Markus Elena","quantity contrast loss, trisyllabic foot, sonorants, temporal compensation, Soikkola Ingrian",Phonetics of Sound Change,osf,https://osf.io/rbw3m/,TRUE,https://www.internationalphoneticassociation.org/icphs-proceedings/ICPhS2023/full_papers/31.pdf
32,Words or rules: Phonological mutations in Wubuy,"Bundgaard-Nielsen Rikke, Baker Brett, Wang Yizhou","Polysynthesis, phonological alternations, word-recognition, word processing",Phonetic Psycholinguistics,none,none,FALSE,https://www.internationalphoneticassociation.org/icphs-proceedings/ICPhS2023/full_papers/32.pdf
33,Perception of lexical pitch accent and rising shape in South Kyungsang Korean,"Joo Hyunjung, D'Imperio Mariapaola","perception, lexical pitch accent, f0 rise shape, South Kyungsang Korean",Speech Prosody,none,none,FALSE,https://www.internationalphoneticassociation.org/icphs-proceedings/ICPhS2023/full_papers/33.pdf
35,Text-to-tune alignment in Japanese “Happy Birthday to You”,"Kubozono Haruo, Mizoguchi Ai","text-to-tune alignment, Japanese, syllable and mora, lexical pitch accent, word segmentation",Special Session - Interplay or intermezzo? Structures and processes in prosody and music,none,none,FALSE,https://www.internationalphoneticassociation.org/icphs-proceedings/ICPhS2023/full_papers/35.pdf
37,Testing the locus of speech-act meaning in english intonation,"Sostarics Thomas, Cole Jennifer","intonational meaning, prosody, speech perception, rising declaratives, compositionality",Speech Prosody,osf,osf.io/8hrfv,TRUE,https://www.internationalphoneticassociation.org/icphs-proceedings/ICPhS2023/full_papers/37.pdf
39,/R/ lenition in Quebec French : Evidence from the distribution of 9 allophones in large corpora,"Lancien Mélanie, Hutin Mathilde, Adda-Decker Martine, Vasilescu Ioana, Stuart-Smith Jane","Lenition, French, rhotics, big data phonetics, laboratory phonology",Laboratory Phonology,none,none,FALSE,https://www.internationalphoneticassociation.org/icphs-proceedings/ICPhS2023/full_papers/39.pdf
40,Phonlab project: Coimbra – Harvard. Rethinking 20th-century scientific centres and peripheries,"Lopes Quintino, Ferreira Carla, Pereira Gilberto, Ferreira Carolina, Silva Diogo, Quaresma Helena","Armando de Lacerda, Coimbra Phonetics Laboratory, Chromograph, PHONLAB",History of Phonetics,none,none,FALSE,https://www.internationalphoneticassociation.org/icphs-proceedings/ICPhS2023/full_papers/40.pdf
41,Correlation of prosodic boundary cues in German,"Zerbian Sabine, Schubö Fabian",,Speech Prosody,none,none,FALSE,https://www.internationalphoneticassociation.org/icphs-proceedings/ICPhS2023/full_papers/41.pdf
42,"Voice quality in Norwegian: effects of dialect, speaker age, sex, and speaking mode",van Dommelen Wim,"Voice quality, Norwegian dialects, speaker age, sex, speaking mode",Phonation and Voice Quality,none,none,FALSE,https://www.internationalphoneticassociation.org/icphs-proceedings/ICPhS2023/full_papers/42.pdf
43,Perception of word stress amongst French learners of English: tone & suffix,"Kamiyama Takeki, Amand Maelle","L2 word-stress perception, nuclear tone, French learners of English, stress-imposing endings",Phonetics of Second and Foreign Language Acquisition,none,none,FALSE,https://www.internationalphoneticassociation.org/icphs-proceedings/ICPhS2023/full_papers/43.pdf
44,Early activities in the field of x-ray imaging in experimental phonetics and speech training,Hoffmann Ruediger,X-rays in phonetics; sagittal sections; sound charts; Hamburg Phonetics Laboratory,Special Session - The history of phonetic sciences,none,none,FALSE,https://www.internationalphoneticassociation.org/icphs-proceedings/ICPhS2023/full_papers/44.pdf
45,Speakers talk more clearly when they see an East Asian face: Effects of visual guise on speech production,"Aoki Nicholas, Zellou Georgia","Speaking style, Visual guise, Non-native- directed speech, Perceived ethnicity, Sociolinguistics",Special Session - Acoustic manifestations of speech register,none,none,FALSE,https://www.internationalphoneticassociation.org/icphs-proceedings/ICPhS2023/full_papers/45.pdf
46,Exposure-independent comprehension of Greek-accented speech: evidence from New Zealand listeners,"Cooper Stephanie, Cooper Sarah","Speech perception, perceptual learning, accent comprehension, dual mapping",Speech Perception,none,none,FALSE,https://www.internationalphoneticassociation.org/icphs-proceedings/ICPhS2023/full_papers/46.pdf
48,Production of Mandarin Disyllabic Tones by Vietnamese Speakers,Tu Jung-yueh,"Mandarin tones, L2 tonal production, disyllabic words, Vietnamese CSL learners",Phonetics of Second and Foreign Language Acquisition,none,none,FALSE,https://www.internationalphoneticassociation.org/icphs-proceedings/ICPhS2023/full_papers/48.pdf
49,Multimodal signalling: the interplay of oral and visual feedback in conversation,"Spaniol Malin, Janz Alicia, Wehrle Simon, Vogeley Kai, Grice Martine","face-to-face interaction, feedback, social gaze, backchannels, turn-taking",Multimodal Phonetics,osf,https://osf.io/su5nx,TRUE,https://www.internationalphoneticassociation.org/icphs-proceedings/ICPhS2023/full_papers/49.pdf
50,On the sound source locations of ‘glottal fricative’ [h],"Yoshinaga Tsukasa, Maekawa Kikuo, Iida Akiyoshi","fricatives, aeroacoustics, turbulence, glottis, sound source",Speech Acoustics,none,none,FALSE,https://www.internationalphoneticassociation.org/icphs-proceedings/ICPhS2023/full_papers/50.pdf
51,Effects of aging and age-related hearing loss on emotion identification in prosodic and semantic channels,"Wang Yingyang, Xu Min, Shao Jing, Wang Lan, Yan Nan","emotional perception, aging, age-related hearing loss, communication channels",Speech Perception,none,none,FALSE,https://www.internationalphoneticassociation.org/icphs-proceedings/ICPhS2023/full_papers/51.pdf
52,Perception of Japanese consonant length by advanced learners from Mandarin- and Mongolian-speaking backgrounds,"Tsukada Kimiko, NA Yurong","Japanese consonant length, short/singleton vs long/geminate, advanced learners, Mandarin, Mongolian",Phonetics of Second and Foreign Language Acquisition,none,none,FALSE,https://www.internationalphoneticassociation.org/icphs-proceedings/ICPhS2023/full_papers/52.pdf
53,The contribution of temporal cues to perceived nativeness in the native speech of English migrants to Austria,"Mennen Ineke, Reubold Ulrich, Mayr Robert","L1 phonetic attrition, temporal cues, durationional cues, prosodic manipulation",Phonetics of Second and Foreign Language Acquisition,none,none,FALSE,https://www.internationalphoneticassociation.org/icphs-proceedings/ICPhS2023/full_papers/53.pdf
54,Changes in parents’ phonetic parameters during the first year of a child’s life. Comparative study of German and Swedish,"Weirich Melanie, Simpson Adrian P.","fine phonetic detail, f0, AVS, parents, in- tra-speaker variation",Sociophonetic Variation,none,none,FALSE,https://www.internationalphoneticassociation.org/icphs-proceedings/ICPhS2023/full_papers/54.pdf
56,Mandarin prosodic focus by speakers with autism spectrum disorders,"Pan Ho-hsien, Lyu Shaoren, Lin Hai-Ti, Gau Susan Shur-Fen","Tense voice quality, duration, executive function, memory, narrow focus",Phonation and Voice Quality,none,none,FALSE,https://www.internationalphoneticassociation.org/icphs-proceedings/ICPhS2023/full_papers/56.pdf
58,A survey of phonetics education in Italian universities,Spreafico Lorenzo,"phonetics education, phonetics pedagogy, teaching phonetics",Phonetics Pedagogy,none,none,FALSE,https://www.internationalphoneticassociation.org/icphs-proceedings/ICPhS2023/full_papers/58.pdf
59,Creapy: A Python-based tool for the detection of creak in conversational speech,"Paierl Michael, Röck Thomas, Wepner Saskia, Kelterer Anneliese, Schuppler Barbara","voice quality, creaky voice, automatic creak detection, conversational speech",Phonation and Voice Quality,none,none,FALSE,https://www.internationalphoneticassociation.org/icphs-proceedings/ICPhS2023/full_papers/59.pdf
60,Prosody under control: Controlling prosody in text-to-speech synthesis by adjustments in latent reference space,"Šimko Juraj, Törö Tuukka, Vainio Martti, Suni Antti",,Speech Technology,none,none,FALSE,https://www.internationalphoneticassociation.org/icphs-proceedings/ICPhS2023/full_papers/60.pdf
61,Acoustic characteristics of stop consonants in Mandarin-speaking children with cochlear implants,"Yang Jing, Xu Li","children, cochlear implant, stop consonants, acoustic features, Mandarin Chinese",Clinical Phonetics and Speech Disorders,none,none,FALSE,https://www.internationalphoneticassociation.org/icphs-proceedings/ICPhS2023/full_papers/61.pdf
62,"Perception, recognition, and encoding of Cantonese sound change variants","Soo Rachel, Babel Molly","Psycholinguistics, Speech perception, Social encoding, Cantonese, Sound change",Speech Perception,none,none,FALSE,https://www.internationalphoneticassociation.org/icphs-proceedings/ICPhS2023/full_papers/62.pdf
63,The influence of tone experience and native tone and intonation categories on nonnative tone learning,"Chin Jessica L. L., Antoniou Mark","tone training, tone perception, L1 experience",Tone,none,none,FALSE,https://www.internationalphoneticassociation.org/icphs-proceedings/ICPhS2023/full_papers/63.pdf
64,Final lengthening across various sound classes in a language documentation corpus of Lower Sorbian,Paschen Ludger,"Final lengthening, Lower Sorbian, corpus phonetics, elasticity",Phonetics of Lesser Documented and Endangered Languages,none,none,FALSE,https://www.internationalphoneticassociation.org/icphs-proceedings/ICPhS2023/full_papers/64.pdf
65,Effects of L1 phonotactic constraints on learning novel words,Katayama Tamami,"L1 phonotactic constraints, syllable structure, L2 word learning",Phonetics of Second and Foreign Language Acquisition,none,none,FALSE,https://www.internationalphoneticassociation.org/icphs-proceedings/ICPhS2023/full_papers/65.pdf
66,Points of maximum grammatical control – The prosody of a turn-holding practice,"Kelterer Anneliese, Wepner Saskia, Linke Julian, Schuppler Barbara","Turn-taking, prosody, conversational speech, Austrian German, incomplete hold",Phonetics of Conversation,none,none,FALSE,https://www.internationalphoneticassociation.org/icphs-proceedings/ICPhS2023/full_papers/66.pdf
68,Predicting nonnative consonant identification: English consonants as perceived by native speakers of Kalaallisut,"Bohn Ocke-Schwen, Korneliussen Kulunnguaq","Cross-language consonant perception, West Greenlandic, perceptual assimilation",Phonetics of Second and Foreign Language Acquisition,none,none,FALSE,https://www.internationalphoneticassociation.org/icphs-proceedings/ICPhS2023/full_papers/68.pdf
69,Oral recast and task-based interaction on the prosody of L2 Chinese learners,Chen Chun-Mei,"oral recast, TBLT, L2 learners, prosody, Mandarin Chinese",Phonetics of Second and Foreign Language Acquisition,none,none,FALSE,https://www.internationalphoneticassociation.org/icphs-proceedings/ICPhS2023/full_papers/69.pdf
70,Tone as a factor influencing the dynamics of diphthong realizations in Standard Mandarin,"Li Chenyu, Al-Tamimi Jalal, Wu Yaru","Standard Mandarin, diphthong, tone, f0, Generalized Additive Mixed Models",Tone,none,none,FALSE,https://www.internationalphoneticassociation.org/icphs-proceedings/ICPhS2023/full_papers/70.pdf
71,Variation in FACE and FLEECE trajectories in Australian English adolescents according to community language diversity,"Penney Joshua, Cox Felicity, Gibson Andy",Australian English; diphthongs; sound change; language contact; sociophonetics,Sociophonetic Variation,none,none,FALSE,https://www.internationalphoneticassociation.org/icphs-proceedings/ICPhS2023/full_papers/71.pdf
72,Mid vowel and nasal vowel production in young adult French speakers on Mayotte Island in the Indian Ocean,Mori Miki,"loi de position, French, Mayotte, vowel space, nasals",Bilingual/Multilingual Phonetics,none,none,FALSE,https://www.internationalphoneticassociation.org/icphs-proceedings/ICPhS2023/full_papers/72.pdf
73,Uptalk and the Frequency Code: how gender affects iconic associations of pitch,"Calhoun Sasha, Warren Paul, Mills Joy, Agnew Jemima","uptalk, Frequency Code, sociophonetics, iconicity, gender and language",Speech Prosody,none,none,FALSE,https://www.internationalphoneticassociation.org/icphs-proceedings/ICPhS2023/full_papers/73.pdf
74,Preaspiration in Italian voiceless geminate and singleton stops,"Dian Angelo, Hajek John, Fletcher Janet","Preaspiration, voiceless stops, gemination, Veneto Italian, Roman Italian",Speech Production and Speech Physiology,none,none,FALSE,https://www.internationalphoneticassociation.org/icphs-proceedings/ICPhS2023/full_papers/74.pdf
75,Phonetic correlates of gender in prepubertal voices,"Funk Riccarda, Simpson Adrian P., Weirich Melanie","Prepubertal voice, gender perception, acoustics, correlates of gender",Speech Perception,none,none,FALSE,https://www.internationalphoneticassociation.org/icphs-proceedings/ICPhS2023/full_papers/75.pdf
77,Unmasking the truf: Impact of community masks on the perception of voiceless fricatives in English,"Canzi Massimiliano, Rathcke Tamara","face mask, fricative perception, th- fronting, lexical frequency, COG, intensity",Speech Perception,none,none,FALSE,https://www.internationalphoneticassociation.org/icphs-proceedings/ICPhS2023/full_papers/77.pdf
79,Responses to auditory perturbation involve a mix of opposing and following responses in steady vowels and glissandos,Ning Li-Hsin,"audio-vocal control, pitch-shift paradigm, opposing response, following response, glissando",Speech Production and Speech Physiology,none,none,FALSE,https://www.internationalphoneticassociation.org/icphs-proceedings/ICPhS2023/full_papers/79.pdf
81,"Syllable rate drives rate normalization, but is not the only factor","Severijnen Giulio, Bosker Hans Rutger, McQueen James","Rate normalization, speech rate, syllable rate",Speech Perception,osf,https://osf.io/36anr/?view_only=ad1cb3f67e2d4e749,TRUE,https://www.internationalphoneticassociation.org/icphs-proceedings/ICPhS2023/full_papers/81.pdf
82,Automatic classification of vowels in semi-spontaneous Pakistani Punjabi,"Jabeen Farhat, Wackerbarth Moritz, Wagner Petra","vowels, formants, semi-spontaneous speech, Punjabi, automatic classification",Speech Acoustics,none,none,FALSE,https://www.internationalphoneticassociation.org/icphs-proceedings/ICPhS2023/full_papers/82.pdf
83,The relationship between L2 acquisition and L1 attrition in the phonetic domain,"Kornder Lisa, Reubold Johann Ulrich Balthasar, Mayr Robert, Mennen Ineke","vowels, first language attrition, second language acquisition, Austrian German, English",Bilingual/Multilingual Phonetics,none,none,FALSE,https://www.internationalphoneticassociation.org/icphs-proceedings/ICPhS2023/full_papers/83.pdf
84,Implicit vs. explicit perception of French optional liaison as a marker of formality,"Dailey Megan, Peperkamp Sharon","sociophonetics, speech perception, awareness, individual differences, French liaison",Sociophonetic Variation,none,none,FALSE,https://www.internationalphoneticassociation.org/icphs-proceedings/ICPhS2023/full_papers/84.pdf
85,Pause particles influencing recollection in lectures,Elmers Mikey,"pause particles, breath noises, memory, lectures, second language education",Speech Perception,github,https://github.com/MikeyElmers/paper_icphs23,TRUE,https://www.internationalphoneticassociation.org/icphs-proceedings/ICPhS2023/full_papers/85.pdf
86,Differential perception of vowel and stop contrasts in Spanish-English bilingual preschoolers,"Montanari Simona, Steffman Jeremy, Mayr Robert, Flores Patricia, Feeney Carissa",speech perception; Spanish-English bilinguals; preschoolers; voice onset time; vowels,Speech Perception,none,none,FALSE,https://www.internationalphoneticassociation.org/icphs-proceedings/ICPhS2023/full_papers/86.pdf
87,"Generalized perceptual adaptation to second-language (L2) speech: variability, similarity, and intelligibility","Bradlow Ann R., Bassard Adrianna M., Paller Ken A.","perceptual adaptation, speech intelligibility, L2 speech",Speech Perception,none,none,FALSE,https://www.internationalphoneticassociation.org/icphs-proceedings/ICPhS2023/full_papers/87.pdf
88,Linguistic release from masking in simulated electric hearing,"Lung Huizi, Liao Shangdi, Chen Fei","Mandarin speech perception, cochlear implants, linguistic release of masking (LRM)",Speech Perception,none,none,FALSE,https://www.internationalphoneticassociation.org/icphs-proceedings/ICPhS2023/full_papers/88.pdf
89,"Are alveolar trills perceived as ""strong"" rhotics?","Reinisch Eva, Mitterer Holger","speech perception, rhotics, German, perceptual saliency, speaker specificity",Speech Perception,osf,https://osf.io/2jpba/,TRUE,https://www.internationalphoneticassociation.org/icphs-proceedings/ICPhS2023/full_papers/89.pdf
90,Non-uniform cue-trading: Differential effects of surprisal on pause usage and pause duration in German,"Yuen Ivan, Ibrahim Omnia, Andreeva Bistra, Möbius Bernd","surprisal, pause, prosodic boundary, information status, cue-trading",Speech Acoustics,none,none,FALSE,https://www.internationalphoneticassociation.org/icphs-proceedings/ICPhS2023/full_papers/90.pdf
91,Predicting sound change: acoustic evidence from a longitudinal study of /s/-retraction in English /str/,Stevens Mary,"sound change, longitudinal studies, individual variation, agent-based models, /s/- retraction",Phonetics of Sound Change,none,none,FALSE,https://www.internationalphoneticassociation.org/icphs-proceedings/ICPhS2023/full_papers/91.pdf
93,Vowel perception under prominence: Dual roles for F0 and duration,"Steffman Jeremy, Zhang Wei","speech perception, vowels, prominence, sonority expansion, hyperarticulation",Speech Perception,osf,https://osf.io/cfsru/,TRUE,https://www.internationalphoneticassociation.org/icphs-proceedings/ICPhS2023/full_papers/93.pdf
95,Continuation rises in pre-1974 Cypriot Greek,"Przedlacka Joanna, Baltazani Mary, Armostis Spyros, Unal Özlem, Coleman John",intonation; mixed populations; Cypriot Greek; Turkish-Greek contact varieties; continuation rise tune; curve fitting,Speech Prosody,none,none,FALSE,https://www.internationalphoneticassociation.org/icphs-proceedings/ICPhS2023/full_papers/95.pdf
96,Variation in perception and production of /s/-/ʃ/ in English,"Lo Roger, Liu Suyuan, Vaughn Charlotte, McAuliffe Michael, Babel Molly","sibilant fricatives, production, perception, phonetic variation",Speech Acoustics,none,none,FALSE,https://www.internationalphoneticassociation.org/icphs-proceedings/ICPhS2023/full_papers/96.pdf
97,Re-evaluating the assessment of phonetic skills: what we learned during the pandemic,"Setter Jane, Knight Rachael-Anne, Whitworth Nicole","Assessment, pedagogy, articulatory phonetics, phonetics theory",Phonetics Pedagogy,none,none,FALSE,https://www.internationalphoneticassociation.org/icphs-proceedings/ICPhS2023/full_papers/97.pdf
98,American listeners’ recognition of sentences unaffected by racial and ethnic primes,"McLaughlin Drew, Van Engen Kristin",speech perception; social priming; race and ethnicity,Speech Perception,none,none,FALSE,https://www.internationalphoneticassociation.org/icphs-proceedings/ICPhS2023/full_papers/98.pdf
100,No evidence for convergence to sub-phonemic F2 shifts in shadowing,"Ulusahin Orhun, Bosker Hans Rutger, McQueen James M., Meyer Antje S.","Phonetic convergence, sub-phonemic variation, alignment, F2, speech shadowing",Speech Perception,osf,https://osf.io/wb2mn/,TRUE,https://www.internationalphoneticassociation.org/icphs-proceedings/ICPhS2023/full_papers/100.pdf
101,Perception of coarticulatory vowel nasalisation in German listeners and its relationship to production,"Kunay Esther, Hoole Philip, Harrington Jonathan","coarticulation, vowel nasalisation, adaptive staircase experiment, perception- production link",Speech Perception,none,none,FALSE,https://www.internationalphoneticassociation.org/icphs-proceedings/ICPhS2023/full_papers/101.pdf
103,Knowledge-driven vs. data-driven methods for filtering acoustic measures in phonetics corpora,"Lancien Mélanie, Adda-Decker Martine, Stuart-Smith Jane","Vowels, Formants, Data Science, Automatic filtering, Corpus Phonetics",Speech Corpora and Big Data,none,none,FALSE,https://www.internationalphoneticassociation.org/icphs-proceedings/ICPhS2023/full_papers/103.pdf
104,Acoustic correlates and contrast maintenance in Burmese voiceless sonorants,Repetti-Ludlow Chiara,"acoustic correlates, Burmese, voiceless sonorants, vowel devoicing, prosody",Phonology-Phonetics Interface,none,none,FALSE,https://www.internationalphoneticassociation.org/icphs-proceedings/ICPhS2023/full_papers/104.pdf
105,Production planning Hypothesis: evidence from palatalization in American English,"Kul Malgorzata, Kaźmierski Kamil","palatalization, yod coalescence, Buckeye, Production Planning Hypothesis, Smoothed Conditional Probability",Laboratory Phonology,osf,https://osf.io/w47d9/,TRUE,https://www.internationalphoneticassociation.org/icphs-proceedings/ICPhS2023/full_papers/105.pdf
106,An articulatory study of Estonian palatalization,"Malmi Anton, Lippus Pärtel","articulation, articulography, Estonian, palatalization, Carstens AG501, EMA",Speech Production and Speech Physiology,none,none,FALSE,https://www.internationalphoneticassociation.org/icphs-proceedings/ICPhS2023/full_papers/106.pdf
107,To what extent do French listeners perceive differences in accent location within words? An EEG investigation,"Rassili Outhmane, Michelas Amandine, Dufour Sophie",,Speech Prosody,none,none,FALSE,https://www.internationalphoneticassociation.org/icphs-proceedings/ICPhS2023/full_papers/107.pdf
108,Evaluating cluster analysis on f0 contours: an information theoretic approach on three languages,"Kaland Constantijn, Ellison T. Mark",,Field Methods in Phonetics,none,none,FALSE,https://www.internationalphoneticassociation.org/icphs-proceedings/ICPhS2023/full_papers/108.pdf
109,Realizations of the tritonal pitch accent in Paraguayan Guarani,"Jun Sun-Ah, Siah Jian-Leat, Cabrera Marisabel, Johnson Hunter","Paraguayan Guarani, tritonal pitch accent, tonal alignment, intonational phonology",Speech Prosody,none,none,FALSE,https://www.internationalphoneticassociation.org/icphs-proceedings/ICPhS2023/full_papers/109.pdf
110,Filler particles in English and Spanish L1 and L2 speech,Muhlack Beeke,"filler particles, disfluencies, second language learning, English, Spanish",Phonetics of Second and Foreign Language Acquisition,none,none,FALSE,https://www.internationalphoneticassociation.org/icphs-proceedings/ICPhS2023/full_papers/110.pdf
111,Perceived naturalness of accents in noun phrases by mono- and bilingual listeners of Russian,"Zerbian Sabine, Barabashova Kristina","accent, perception, Russian, adjective Heritage Russian, noun phrases, focus",Speech Prosody,none,none,FALSE,https://www.internationalphoneticassociation.org/icphs-proceedings/ICPhS2023/full_papers/111.pdf
112,Timing of laughter in conversation: Better late than never?,"Rathcke Tamara, Kapogianni Eleni, Page Lucy","laugh, laughter types, conversation, timing, humour, sarcasm",Phonetics of Conversation,none,none,FALSE,https://www.internationalphoneticassociation.org/icphs-proceedings/ICPhS2023/full_papers/112.pdf
113,"Evaluating prosodic aspects of oral reading proficiency in schoolchildren: effects of gender, genre and grade","Wehrle Simon, Sappok Christopher","oral reading, fluency, intonation style, Wiggliness, L1 acquisition",Speech Prosody,osf,https://osf.io/axqv9/,TRUE,https://www.internationalphoneticassociation.org/icphs-proceedings/ICPhS2023/full_papers/113.pdf
114,Individuals’ perceptual retuning predicts articulatory accommodation: implications for sound change,"Beddor Patrice, Coetzee Andries, Calloway Ian, Tobin Stephen, Purse Ruaridh","sound change, imitation, perceptual learning, production-perception link",Phonetics of Sound Change,none,none,FALSE,https://www.internationalphoneticassociation.org/icphs-proceedings/ICPhS2023/full_papers/114.pdf
116,Neutralisation and the perception of close-mid and open-mid vowels: The gradient between phonological categories,"Im Megumi, Veloso João, Costa Maria Conceição, Jesus Luis","Speech perception, Phonological system, Mid front vowels, The Prototype Theory",Speech Perception,none,none,FALSE,https://www.internationalphoneticassociation.org/icphs-proceedings/ICPhS2023/full_papers/116.pdf
117,Artificial grammar learning in individuals with Down syndrome: the role of prosodic cues,"Stojanovik Vesna, Zimmerer Vitor, Setter Jane","Down syndrome, prosody, artificial grammar, language impairment, learning",Clinical Phonetics and Speech Disorders,none,none,FALSE,https://www.internationalphoneticassociation.org/icphs-proceedings/ICPhS2023/full_papers/117.pdf
118,Cross-domain pitch recognition abilities of Mandarin-speaking prelingually deaf children with cochlear implants,"Jin Qianwen, Yu Jue, Sun Han, Zhang Kexin, Du Xinran","Cochlear-implanted children, pitch perception, language and music",Speech Perception,none,none,FALSE,https://www.internationalphoneticassociation.org/icphs-proceedings/ICPhS2023/full_papers/118.pdf
119,Lateral and central tongue bracing coordination in typical speakers and cochlear implant users,Liker Marko,"tongue bracing, cochlear implant (CI), coarticulation, electropalatography (EPG), Croatian",Speech Production and Speech Physiology,none,none,FALSE,https://www.internationalphoneticassociation.org/icphs-proceedings/ICPhS2023/full_papers/119.pdf
120,Rapid speech adaptation and its persistence over time by non-standard and non-native listeners,Du Fengting,"speech perception, speech adaptation, regional- and foreign-accented English",Speech Perception,none,none,FALSE,https://www.internationalphoneticassociation.org/icphs-proceedings/ICPhS2023/full_papers/120.pdf
121,Coarticulatory resistance and aggression in pitch-accented vowels under the effect of vowel-to-vowel coarticulation,"Deme Andrea, Bartók Márton, Csapó Tamás Gábor, Gráczi Tekla Etelka, Juhász Kornélia, Markó Alexandra","vowel-to-vowel coarticulation, EMA, coarticulatory aggression, coarticulatory resistance",Speech Production and Speech Physiology,none,none,FALSE,https://www.internationalphoneticassociation.org/icphs-proceedings/ICPhS2023/full_papers/121.pdf
122,Prosodic cue weighting in the perception of lexical stress by French-English bilinguals: Preliminary behavioural data,"Gilbert Annie, Honda Claire T., Baum Shari R.","bilingualism, speech perception, prosody, lexical stress, acoustic cue weighting",Bilingual/Multilingual Phonetics,none,none,FALSE,https://www.internationalphoneticassociation.org/icphs-proceedings/ICPhS2023/full_papers/122.pdf
123,Acoustic analyses of Mandarin tones produced by bilingual elementary students in Canada,"Lin Youran, Pollock Karen, Tucker Benjamin, Li Fangfang","Mandarin, tone, acoustic, bilingual, children",Bilingual/Multilingual Phonetics,none,none,FALSE,https://www.internationalphoneticassociation.org/icphs-proceedings/ICPhS2023/full_papers/123.pdf
124,Pre-/l/ vowel change in Australian English pool-pull,"Szalay Tuende, Benders Titia, Cox Felicity, Proctor Michael","sound change, pre-lateral vowels, change by coarticulation",Phonetics of Sound Change,none,none,FALSE,https://www.internationalphoneticassociation.org/icphs-proceedings/ICPhS2023/full_papers/124.pdf
126,Acoustic measures of non-native addressee register for mid to high proficient English learners of German,"Sell Bianca, Terada Megumi, Belz Malte, Mooshammer Christine","Foreigner-directed speech, German, hyperarticulation, register",Special Session - Acoustic manifestations of speech register,none,none,FALSE,https://www.internationalphoneticassociation.org/icphs-proceedings/ICPhS2023/full_papers/126.pdf
127,Rhythm deficits in developmental dyslexia: evidence from Italian,"Rossi Marina, Smit Eline, Rathcke Tamara","rhythm, timing, developmental dyslexia, sensorimotor synchronisation, temporal processing, time-series analyses",Clinical Phonetics and Speech Disorders,none,none,FALSE,https://www.internationalphoneticassociation.org/icphs-proceedings/ICPhS2023/full_papers/127.pdf
128,Self-interruptions in breast cancer patients who complain of anomia,"RICHARD Amélie, HIRSCH Fabrice, JACQUIN-COURTOIS Sophie, REILLY Karen T.","Breast cancer, pauses, anomia, disfluencies",Phonetic Psycholinguistics,none,none,FALSE,https://www.internationalphoneticassociation.org/icphs-proceedings/ICPhS2023/full_papers/128.pdf
129,Compensatory lengthening and polysyllabic shortening in the Gheg dialect of Albanian,"Riverin-Coutlée Josiane, Kapia Enkeleida, Cunha Conceição, Harrington Jonathan","Gheg Albanian, vowels, syllable structure, compensatory lengthening, polysyllabic shortening",Phonetics of Lesser Documented and Endangered Languages,none,none,FALSE,https://www.internationalphoneticassociation.org/icphs-proceedings/ICPhS2023/full_papers/129.pdf
130,Kijk: a praat plugin to visualise articulatory trajectories,"Lins Machado Carolina, He Lei","Praat, plugin, EMA, kinematic trajectory",Multimodal Phonetics,none,none,FALSE,https://www.internationalphoneticassociation.org/icphs-proceedings/ICPhS2023/full_papers/130.pdf
131,Bias and consistency of individual lingual articulatory behavior and its relationship to the first and second formants,"Lins Machado Carolina, He Lei","articulation, consistency, bias, individual variability, speech production",Forensic Phonetics and Speaker Characteristics,osf,https://osf.io/xud7h,TRUE,https://www.internationalphoneticassociation.org/icphs-proceedings/ICPhS2023/full_papers/131.pdf
132,Integration of multiple cues in native and non-native speech perception,"Ren Xiaomu, Cohen Clara",Pitch accent; Verb semantics; Informa- tion status; Eye movements; Speech perception,Speech Perception,none,none,FALSE,https://www.internationalphoneticassociation.org/icphs-proceedings/ICPhS2023/full_papers/132.pdf
133,The influence of common colds and its interaction with lexical tones on voice quality of Mandarin speakers,"Mou Yifan, Zhu Lei","voice quality, Mandarin tones, pathology",Phonation and Voice Quality,none,none,FALSE,https://www.internationalphoneticassociation.org/icphs-proceedings/ICPhS2023/full_papers/133.pdf
134,Towards a material point method vocal tract simulation,Moisik Scott,"3D vocal tract simulation, material point method",Speech Production and Speech Physiology,none,none,FALSE,https://www.internationalphoneticassociation.org/icphs-proceedings/ICPhS2023/full_papers/134.pdf
135,The effects of accent familiarity on narrative recall in noise,"Krug Andreas, Khattab Ghada, White Laurence","speech perception, recall, familiarity, regional accents, noise masking",Speech Perception,none,none,FALSE,https://www.internationalphoneticassociation.org/icphs-proceedings/ICPhS2023/full_papers/135.pdf
136,Feature-specific perceptual sensitivity to within-category variations,"Nielsen Kuniko, Scarborough Rebecca","perceptual asymmetry, within-category sensitivity, VOT, nasal coarticulation",Speech Perception,none,none,FALSE,https://www.internationalphoneticassociation.org/icphs-proceedings/ICPhS2023/full_papers/136.pdf
137,Duration and Sonority in Blackfoot Syllable Structure,Derrick Donald,"Syllable Structure, Sonority, Duration, Multi-modal speech, Blackfoot",Syllable,none,none,FALSE,https://www.internationalphoneticassociation.org/icphs-proceedings/ICPhS2023/full_papers/137.pdf
138,The influence of face masks on native and non-native memory recall of spoken sentences,"Truong Thanh Lan, Weber Andrea","face mask, cued-recall, memory, audiovisual",Phonetic Psycholinguistics,none,none,FALSE,https://www.internationalphoneticassociation.org/icphs-proceedings/ICPhS2023/full_papers/138.pdf
139,The /t/ release in Jutland Danish: Decomposing the spectrum with functional PCA,Puggaard-Rode Rasmus,"Danish, functional PCA, regional varia- tion, spectral decomposition, stop affrication",Phonetics of Lesser Documented and Endangered Languages,dataverse,https://dataverse.nl/dataset.xhtml?persistentId=doi:10.34894/FJKFD1,TRUE,https://www.internationalphoneticassociation.org/icphs-proceedings/ICPhS2023/full_papers/139.pdf
140,Incremental cue training: a study of lexical tone learning by non-tonal listeners,"Li Yanyu, White Laurence, Khattab Ghada","lexical tone, perception, incremental cue training, second language acquisition",Speech Perception,none,none,FALSE,https://www.internationalphoneticassociation.org/icphs-proceedings/ICPhS2023/full_papers/140.pdf
142,An MRI examination of lingual fricatives in Upper Sorbian,"Howson Phil, Birkholz Peter",Fricatives; Upper Sorbian; MRI; phonetics; endangered languages,Phonetics of Lesser Documented and Endangered Languages,none,none,FALSE,https://www.internationalphoneticassociation.org/icphs-proceedings/ICPhS2023/full_papers/142.pdf
143,L2 acquisition of Polish sibilant fricatives by L1 Czech speakers,"Howson Phil, Madathodiyil Irfana","L2 acquisition, Polish, Sibilants, phonetics, Czech",Phonetics of Second and Foreign Language Acquisition,none,none,FALSE,https://www.internationalphoneticassociation.org/icphs-proceedings/ICPhS2023/full_papers/143.pdf
144,Investigating the effects of talker age and listener age on trait perception from adult voices,"McGettigan Carolyn, Lavan Nadine","Voice, identity, age, traits, first impressions",Forensic Phonetics and Speaker Characteristics,none,none,FALSE,https://www.internationalphoneticassociation.org/icphs-proceedings/ICPhS2023/full_papers/144.pdf
145,Co-registration of simultaneous high-speed ultrasound and electromagnetic articulography for speech production research,"Kirkham Sam, Strycharczuk Patrycja, Gorman Emily, Nagamine Takayuki, Wrench Alan","Electromagnetic articulography, ultrasound tongue imaging, speech articulation, co-registration",Speech Production and Speech Physiology,none,none,FALSE,https://www.internationalphoneticassociation.org/icphs-proceedings/ICPhS2023/full_papers/145.pdf
146,Testing the perceptual basis of laryngeal metathesis and rarity of preaspirated stops,Gilbert Madeline,"cross-linguistic perception, metathesis, laryngeals, preaspiration",Speech Perception,none,none,FALSE,https://www.internationalphoneticassociation.org/icphs-proceedings/ICPhS2023/full_papers/146.pdf
147,Pronunciation of gender-neutral German with respect to speaker attitude,"Belz Malte, Müller Miriam, Mooshammer Christine","sociophonetic variation, gender-neutral language, read speech, attitude",Sociophonetic Variation,none,none,FALSE,https://www.internationalphoneticassociation.org/icphs-proceedings/ICPhS2023/full_papers/147.pdf
148,Being North Korean in Koreatown: The role of identity & experience in accommodation in the London North Korean community,"Evans Bronwen G., Shin Rakgyun, Lo Justin","accommodation, D2 acquisition, sociophonetics, speech production, Korean",Sociophonetic Variation,none,none,FALSE,https://www.internationalphoneticassociation.org/icphs-proceedings/ICPhS2023/full_papers/148.pdf
149,Laxing harmony in Laurentian French: Coarticulation or phonological process?,"Burness Phillip, Tahtadjian Talia, MacLeod Beth, Ahn Suzy",,Laboratory Phonology,none,none,FALSE,https://www.internationalphoneticassociation.org/icphs-proceedings/ICPhS2023/full_papers/149.pdf
150,The impact of cognitive load on speech production in German-English bilinguals,"Göbel Jessica, McCarthy Kathleen","cognitive load, language transfer, bilingualism",Phonetics of Second and Foreign Language Acquisition,none,none,FALSE,https://www.internationalphoneticassociation.org/icphs-proceedings/ICPhS2023/full_papers/150.pdf
151,What you see is (not) what you hear? The role of social expectations on speech intelligibility in a British context,"Guo Ruohan, Cheng Fengjie, Evans Bronwen G.","sociophonetics, speech perception, exemplar-models, speech intelligibility in noise",Sociophonetic Variation,none,none,FALSE,https://www.internationalphoneticassociation.org/icphs-proceedings/ICPhS2023/full_papers/151.pdf
152,Data from online production experiments and challenges for collecting good-quality recordings for prosodic analyses,"Bevivino Dorotea, Hemforth Barbara, Turco Giuseppina","online experiments, remote recordings, language production, prosodic analyses, Prolific",Field Methods in Phonetics,none,none,FALSE,https://www.internationalphoneticassociation.org/icphs-proceedings/ICPhS2023/full_papers/152.pdf
153,Auditory and written perception of Japanese sequential voicing,"Masuda Hinako, Hirayama Manami, Vance Timothy J.","sequential voicing, voicing, Japanese, perception, orthography",Laboratory Phonology,none,none,FALSE,https://www.internationalphoneticassociation.org/icphs-proceedings/ICPhS2023/full_papers/153.pdf
154,The acoustic realization of L2 Spanish phonetic categories and allophonic alternations by English-speaking immigrants,Amengual Mark,L2 phonetic categories; Allophonic alternations; Ultimate attainment; Speech production,Phonetics of Second and Foreign Language Acquisition,none,none,FALSE,https://www.internationalphoneticassociation.org/icphs-proceedings/ICPhS2023/full_papers/154.pdf
155,Sibilant perception by merged speakers: the case of Taiwan Mandarin,"Lee-Kim Sang-Im, Tung Hsiang-Yu","sibilant merger, speech perception, Taiwan Mandarin, social guises",Speech Perception,none,none,FALSE,https://www.internationalphoneticassociation.org/icphs-proceedings/ICPhS2023/full_papers/155.pdf
156,Early exposure to an Indigenous heritage language and the transfer of perceptual abilities into a foreign language,"Mulík Stanislav, Amengual Mark, Carrasco-Ortiz Haydee","Hñäñho, Indigenous heritage language, non-native phonetic learning, early exposure",Speech Perception,none,none,FALSE,https://www.internationalphoneticassociation.org/icphs-proceedings/ICPhS2023/full_papers/156.pdf
157,The role of prior knowledge in second-language learners' overnight consolidation of Cantonese tones,"Qin Zhen, Jin Rui, Wu Ruofan","Lexical tones, memory consolidation, prior knowledge, perceptual learning, Cantonese",Tone,none,none,FALSE,https://www.internationalphoneticassociation.org/icphs-proceedings/ICPhS2023/full_papers/157.pdf
159,The window of opportunity: Anticipatory nasal coarticulation in three languages,"Pouplier Marianne, Rodriquez Francesco, Alderton Roy, Lo Justin J. H., Reinisch Eva, Evans Bronwen G., Carignan Christopher","nasality, anticipatory coarticulation, phonological contrast, long-distance coarticulation",Laboratory Phonology,none,none,FALSE,https://www.internationalphoneticassociation.org/icphs-proceedings/ICPhS2023/full_papers/159.pdf
160,Voice quality dynamics of turn-taking events in Swedish and German,"Wlodarczak Marcin, Heldner Mattias, Bruggeman Anna, Wagner Petra","phonation type, turn-taking, neck- surface acceleration, Generalized Additive Mixed Models",Phonetics of Conversation,zenodo,https://doi.org/10.5281/zenodo.7870015,TRUE,https://www.internationalphoneticassociation.org/icphs-proceedings/ICPhS2023/full_papers/160.pdf
163,Changes in fundamental frequency and f1 across chronological age,Parkman Seren,"chronological age, fo, speech production, formants, lifespan",Sociophonetic Variation,none,none,FALSE,https://www.internationalphoneticassociation.org/icphs-proceedings/ICPhS2023/full_papers/163.pdf
164,Diphthongisation of /iː/ in West Frisian,"Kingma Martijn, Boersma Paul, Van de Velde Hans, Versloot Arjen","Sound change, diphthongisation, Frisian, sociophonetics, vowels",Phonetics of Sound Change,none,none,FALSE,https://www.internationalphoneticassociation.org/icphs-proceedings/ICPhS2023/full_papers/164.pdf
165,What can voice line-ups tell us about voice similarity?,"Passetti Renata Regina, Madureira Sandra, Almeida Barbosa Plínio","voice line-up, voice similarity, VPA, similarity function",Forensic Phonetics and Speaker Characteristics,none,none,FALSE,https://www.internationalphoneticassociation.org/icphs-proceedings/ICPhS2023/full_papers/165.pdf
166,The use of syntactically redundant phonetic cues in speech perception,Cohen Clara,speech perception; eye-tracking; pronunciation variation; morphophonetics,Phonetic Psycholinguistics,none,none,FALSE,https://www.internationalphoneticassociation.org/icphs-proceedings/ICPhS2023/full_papers/166.pdf
167,Tracking creak from early to late adulthood: A panel study from the North East of England,"Grama James, Eiswirth Mirjam, Buchstaller Isabelle","lifespan change, panel study, creaky voice, F0, North East of England",Special Session - The sounds of ageing,none,none,FALSE,https://www.internationalphoneticassociation.org/icphs-proceedings/ICPhS2023/full_papers/167.pdf
168,“YouTube space” – A preliminary investigation of vowel spaces and charisma perception on YouTube,"Berger Stephanie, Zellers Margaret, Niebuhr Oliver","YouTube, charisma, perception, for- mants, vowel space",Forensic Phonetics and Speaker Characteristics,none,none,FALSE,https://www.internationalphoneticassociation.org/icphs-proceedings/ICPhS2023/full_papers/168.pdf
169,Hesitating with and without Language Heritage - Prosodic Aspects of Filler Particles in the RUEG Corpus,"Böttcher Marlene, Zellers Margaret","filler particles, hesitation, spontaneous discourse, heritage speakers, bilingualism",Bilingual/Multilingual Phonetics,none,none,FALSE,https://www.internationalphoneticassociation.org/icphs-proceedings/ICPhS2023/full_papers/169.pdf
170,Change over time in [ɛ] and [æ] in Hawaiʻi Creole Creole,Grama James,"language variation, vowel change, Hawaiʻi Creole, Pidgin, phonological conditioning",Phonetics of Sound Change,none,none,FALSE,https://www.internationalphoneticassociation.org/icphs-proceedings/ICPhS2023/full_papers/170.pdf
171,From pasta to pHizza: variation and change in VOT in Swiss German,"Steiner Carina, Jeszenszky Péter, Leemann Adrian","VOT, aspiration, voiceless stops, sound change, dialect-standard convergence",Phonetics of Sound Change,osf,https://osf.io/rq5gk/,TRUE,https://www.internationalphoneticassociation.org/icphs-proceedings/ICPhS2023/full_papers/171.pdf
172,"Stop voicing in Drehu: Effects of place of articulation, speaker sex, and language attitudes","Torres Catalina, Steffman Jeremy","stop voicing, voice onset time, Oceanic languages, language attitudes, sound change",Phonetics of Sound Change,none,none,FALSE,https://www.internationalphoneticassociation.org/icphs-proceedings/ICPhS2023/full_papers/172.pdf
173,Word-level prominence and “stress deafness” in Maltese-English bilinguals,"Lialiou Maria, Bruggeman Anna, Vella Alexandra, Grech Sarah, Schumacher Petra B., Grice Martine","stress, prominence, perception, Maltese, Maltese English, sequence recall",Speech Perception,osf,https://osf.io/62nc3/,TRUE,https://www.internationalphoneticassociation.org/icphs-proceedings/ICPhS2023/full_papers/173.pdf
174,Distant rhythms: computing fluency,"Lin Xuewei, Gibbon Dafydd","ﬂuency, accentedness, L2 assessment, spectral features, rhythm",Phonetics Pedagogy,github,https://github.com/dafyddg/RFAGUI/,TRUE,https://www.internationalphoneticassociation.org/icphs-proceedings/ICPhS2023/full_papers/174.pdf
175,The influence of empathy and autistic-like traits in prominence perception,"Orrico Riccardo, Gryllia Stella, Kim Jiseung, Arvaniti Amalia","individual characteristics, prominence, pragmatics, Rapid Prosody Transcription, English",Speech Prosody,osf,osf.io/euwn8,TRUE,https://www.internationalphoneticassociation.org/icphs-proceedings/ICPhS2023/full_papers/175.pdf
176,Just one word: an analysis of just as a speaker discriminant using various acoustic measures,Gibb-Reid Ben,"forensic phonetics, acoustic phonetics, forensic voice comparison",Forensic Phonetics and Speaker Characteristics,none,none,FALSE,https://www.internationalphoneticassociation.org/icphs-proceedings/ICPhS2023/full_papers/176.pdf
177,Voicing and register in Mnong Râlâm,"Brunelle Marc, Đinh Lư Giang, Tạ Thành Tấn",Register; Voicing; Austroasiatic; Vowel quality; Phonation,Tone,none,none,FALSE,https://www.internationalphoneticassociation.org/icphs-proceedings/ICPhS2023/full_papers/177.pdf
178,"Reconstructing the perception of gender identity, sexual orientation, and gender expression in American English",Lang Benjamin,"sociophonetics, speech perception, gender, sexual orientation",Sociophonetic Variation,none,none,FALSE,https://www.internationalphoneticassociation.org/icphs-proceedings/ICPhS2023/full_papers/178.pdf
179,"Perceptual adaptation to altered cue informativeness: Distributional, auditory, and lexical factors","Gao Jiayin, Kirby James",perceptual learning; perceptual adapta- tion; cue weighting; voicing; French,Speech Perception,none,none,FALSE,https://www.internationalphoneticassociation.org/icphs-proceedings/ICPhS2023/full_papers/179.pdf
180,Unreleased Plosive Consonants in Thai: an Acoustic Study,"CANO CÓRDOBA Paula Alejandra, TRAN Thi Thuy Hien, VALLÉE Nathalie, SAVARIAUX Christophe, GERBER Silvain, YAMLAMAI Nicha, ROSSIGNOL Morgane","unreleased final stop, Thai, syllable boundary, VC transition, acoustic cues",Speech Acoustics,none,none,FALSE,https://www.internationalphoneticassociation.org/icphs-proceedings/ICPhS2023/full_papers/180.pdf
181,Simultaneous vowel changes in British Columbian English,"Cardoso Amanda, Liu Suyuan, Pritchard Robert, Babel Molly","chain shifts, vowel systems, English",Phonetics of Sound Change,none,none,FALSE,https://www.internationalphoneticassociation.org/icphs-proceedings/ICPhS2023/full_papers/181.pdf
182,Production and perception of Mandarin /i/-nasal rhymes,"Liu Suyuan, Babel Molly","nasals, production, perception, Mandarin",Speech Perception,none,none,FALSE,https://www.internationalphoneticassociation.org/icphs-proceedings/ICPhS2023/full_papers/182.pdf
183,Switching between phonological biases is not free: evidence from a bilingual reconstruction task,"Bramlett Adam A., Wiener Seth","Phonological biases, Switch-cost, Learning, Multilingualism, L2 speech processing",Bilingual/Multilingual Phonetics,osf,https://osf.io/9zgd3/,TRUE,https://www.internationalphoneticassociation.org/icphs-proceedings/ICPhS2023/full_papers/183.pdf
184,Attitudes in the German-Polish context based on perceptual evidence,"Zygis Marzena, Blaszczak Joanna, Wesolek Sarah, Saint-Pettersen Markus Saint-Pettersen, Cwiek Aleksandra, Gulgowski Piotr","stereotypes, German, Polish, perception",Sociophonetic Variation,none,none,FALSE,https://www.internationalphoneticassociation.org/icphs-proceedings/ICPhS2023/full_papers/184.pdf
185,The pedagogy of the Laryngeal Articulator Model,"Esling John H., Benner Allison, Calamai Silvia, Celata Chiara, Crevier Buchman Lise, Hejná Míša, Moisik Scott","Laryngeal Articulator Model, voice quality, pedagogy, clinical phonetics, modelling",Special Session - The pedagogy of the Laryngeal Articulator Model,none,none,FALSE,https://www.internationalphoneticassociation.org/icphs-proceedings/ICPhS2023/full_papers/185.pdf
186,Exploring the role of formant frequencies in the classification of phonation type,"Ludusan Bogdan, Heldner Mattias, Włodarczak Marcin","phonation type, formant values, pressed, breathy, classification",Phonation and Voice Quality,none,none,FALSE,https://www.internationalphoneticassociation.org/icphs-proceedings/ICPhS2023/full_papers/186.pdf
187,Sensitivity of x-vectors and automatic speaker recognition scores to vocal variation,"Wormald Jessica, Foulkes Paul, Harrison Philip, Hughes Vincent, Kelly Finnian, van der Vloed David, Welch Poppy, Xu Chenzi",speaker recognition; forensic phonetics; vocal setting,Forensic Phonetics and Speaker Characteristics,none,none,FALSE,https://www.internationalphoneticassociation.org/icphs-proceedings/ICPhS2023/full_papers/187.pdf
188,Explaining voice characteristics to novice voice practitioners - How successful is it?,"Wiechmann Jana, Rautenberg Frederik, Wagner Petra, Häb-Umbach Reinhold","voice quality, voice characteristics, explaining, phonetics pedagogy",Phonetics Pedagogy,none,none,FALSE,https://www.internationalphoneticassociation.org/icphs-proceedings/ICPhS2023/full_papers/188.pdf
190,The role of boundary tone in chunking of spontaneous speech,"Weidinger Lucas, Wan Xinyuan, Koivusalo Liisa, Dobrego Aleksandra",,Speech Perception,none,none,FALSE,https://www.internationalphoneticassociation.org/icphs-proceedings/ICPhS2023/full_papers/190.pdf
191,Sociolinguistic factors predicting sound change in Swiss German,"Leemann Adrian, Steiner Carina, Siebenhaar Beat, Jeszenszky Péter","sound change, Swiss German, sociophonetics, sociolinguistics",Phonetics of Sound Change,none,none,FALSE,https://www.internationalphoneticassociation.org/icphs-proceedings/ICPhS2023/full_papers/191.pdf
192,Assessing the effects of auditory feedback perturbation on perception of similar vowels in a different language,"Rees Madeleine, Davis Matt, Bradshaw Abbie, Post Brechtje","speech perception, speech production, feedback perturbation, bilingualism",Bilingual/Multilingual Phonetics,none,none,FALSE,https://www.internationalphoneticassociation.org/icphs-proceedings/ICPhS2023/full_papers/192.pdf
193,Indexing femininity in vowel acoustics: A comparison between speakers in eastern and western parts of Germany,"Weirich Melanie, Zahner-Ritter Katharina","socio-phonetics, vowel spaces, formants, gender identity, femininity",Sociophonetic Variation,none,none,FALSE,https://www.internationalphoneticassociation.org/icphs-proceedings/ICPhS2023/full_papers/193.pdf
194,Exploring the problem in native danish listeners’ perception of the english hot and hut vowels,"Villumsen Jonas, Bohn Ocke-Schwen, Horslund Camilla Søballe","second language speech learning, cross- language vowel perception, English, Danish",Phonetics of Second and Foreign Language Acquisition,none,none,FALSE,https://www.internationalphoneticassociation.org/icphs-proceedings/ICPhS2023/full_papers/194.pdf
195,The sociolinguistics of /r/-vocalization in spoken Swiss Standard German,"Vonlanthen Selma, Steiner Carina, Jeszenszky Péter, Leemann Adrian","Swiss Standard German, diglossia, language attitudes, accommodation",Sociophonetic Variation,osf,osf.io/s9z4q,TRUE,https://www.internationalphoneticassociation.org/icphs-proceedings/ICPhS2023/full_papers/195.pdf
196,Automatic assessment of voice similarity within and across speaker groups with different accents,"Gerlach Linda, McDougall Kirsty, Kelly Finnian, Alexander Anil","voice similarity, voice parades, forensic speech science, automatic speaker recognition",Forensic Phonetics and Speaker Characteristics,none,none,FALSE,https://www.internationalphoneticassociation.org/icphs-proceedings/ICPhS2023/full_papers/196.pdf
197,So near yet so far: fine phonetic differences in tonal alignment and temporal structure in close contact varieties,"Pöhnlein Jasmin, Kleber Felicitas","Tonal alignment, segmental timing, dialect levelling, fine phonetic differences, FLMM",Speech Prosody,doi_other,10.5282/ubm/data.378,TRUE,https://www.internationalphoneticassociation.org/icphs-proceedings/ICPhS2023/full_papers/197.pdf
198,Dynamic tongue movements in L1 Japanese and L2 English liquids,Nagamine Takayuki,"L2 speech production, liquids, ultrasound, Principal Component Analysis",Phonetics of Second and Foreign Language Acquisition,osf,https://osf.io/29tac/,TRUE,https://www.internationalphoneticassociation.org/icphs-proceedings/ICPhS2023/full_papers/198.pdf
199,Is the effect of L2 vocabulary size on lexical encoding modulated by L1-L2 similarity?,"Llompart Miquel, Rocca Brian, Darcy Isabelle","L2 learning, speech perception, lexical encoding, vocabulary size, L1-L2 similarity",Phonetics of Second and Foreign Language Acquisition,osf,https://osf.io/e637k/,TRUE,https://www.internationalphoneticassociation.org/icphs-proceedings/ICPhS2023/full_papers/199.pdf
200,A pilot fieldwork ultrasound study of tongue shape variability in children with and without speech sound disorder,"Smith Amy, Dokovova Maria, Lawson Eleanor, Kuschmann Anja, Cleland Joanne","speech sound disorders, ultrasound, variability, articulation, field methods",Clinical Phonetics and Speech Disorders,osf,https://osf.io/3byvp/,TRUE,https://www.internationalphoneticassociation.org/icphs-proceedings/ICPhS2023/full_papers/200.pdf
201,Prosody-syntax interface and Hungarian noun phrases,"Langer Corinna, Kügler Frank","Hungarian, prosody, focus, noun phrase, modiﬁcation",Speech Prosody,none,none,FALSE,https://www.internationalphoneticassociation.org/icphs-proceedings/ICPhS2023/full_papers/201.pdf
202,A multimodal account of listener feedback in face-to-face interactions,"Rossi Martina, Schröer Marin, Ludusan Bogdan, Zellers Margaret","multimodal feedback, backchannels, head movements, laughter, German conversation",Multimodal Phonetics,none,none,FALSE,https://www.internationalphoneticassociation.org/icphs-proceedings/ICPhS2023/full_papers/202.pdf
203,Diphthong acoustics and articulatory uniformity,Hu Fang,"diphthong production, falling diphthong, rising diphthong, acoustics, articulatory uniformity",Phonetic Universals and Typology,none,none,FALSE,https://www.internationalphoneticassociation.org/icphs-proceedings/ICPhS2023/full_papers/203.pdf
204,Vowels and Diphthongs in Chengdu Mandarin,"Hu Fang, Li Nan","vowel, monophthong, diphthong, Chengdu Mandarin, southwestern Mandarin",Phonetic Universals and Typology,none,none,FALSE,https://www.internationalphoneticassociation.org/icphs-proceedings/ICPhS2023/full_papers/204.pdf
205,L2-induced phonetic drift in L1 Polish vowel productions,Wojtkowiak Ewelina,"phonetic drift, Polish, vowels, Speech Learning Model, speech production",Bilingual/Multilingual Phonetics,none,none,FALSE,https://www.internationalphoneticassociation.org/icphs-proceedings/ICPhS2023/full_papers/205.pdf
206,Longitudinal investigation of the aging voice,"Tucker Benjamin, Hedges Stephanie, Berardi Mark, Hunter Eric","speech production, aging, duration, fundamental frequency, vowel space",Special Session - The sounds of ageing,none,none,FALSE,https://www.internationalphoneticassociation.org/icphs-proceedings/ICPhS2023/full_papers/206.pdf
207,How do children mark gender phonetically? An analysis of voice quality,"Wong Eugene, Munson Benjamin","sociophonetics, voice quality, gender, selective learning, language acquisition",Phonetics of First Language Acquisition,none,none,FALSE,https://www.internationalphoneticassociation.org/icphs-proceedings/ICPhS2023/full_papers/207.pdf
208,Talker variability in cross-dialect lexical processing,"Ross Jory, Clopper Cynthia","dialect variation, talker variability, lexical competition, cross-modal priming",Speech Perception,none,none,FALSE,https://www.internationalphoneticassociation.org/icphs-proceedings/ICPhS2023/full_papers/208.pdf
209,5-minute formant adaptation task in Dutch children,"Rebernik Teja, Tienkamp Thomas, Polsterer Katharina, Buurke Raoul, Hukker Vera, Medvedeva Masha, van der Ploeg Mara, Schepers Iris, Sekeres Hedwig, de Vries Wietse, Abur Defne, Jonkers Roel, Noiray Aude, Wieling Martijn","formant adaptation, child speech, speech motor control",Speech Production and Speech Physiology,none,none,FALSE,https://www.internationalphoneticassociation.org/icphs-proceedings/ICPhS2023/full_papers/209.pdf
210,People with Parkinson's disease exhibit phonetic flexibility,"Delvaux Véronique, Goeseels Eva, Huet Kathy, Piccaluga Myriam, Roland Virginie, Verhagen Clemence, Harmegnies Bernard","Parkinson’s disease, phonetic flexibility, phonetic convergence, repetition, imitation",Phonetics of Conversation,none,none,FALSE,https://www.internationalphoneticassociation.org/icphs-proceedings/ICPhS2023/full_papers/210.pdf
211,Sometimes low really is just the opposite of high: perception of low F0 targets by tone and non-tone language speakers,"Barnes Jonathan, Lee Chris K. C., Brugos Alejna, Shattuck-Hufnagel Stefanie, Veilleux Nanette","Intonation, Pitch perception, tone scaling, tonal timing, Tonal Center of Gravity 1 INTRODUCTION Intonation researchers have learned a great deal over the past several decades about the production and perception of High intonational pitch accents, both within and across languages. Considerably less is known about corresponding aspects of their Low counterparts. There is, in fact, a broad sense in the literature that Low and High tones may behave differently in implementation (e.g., [1], “High is not just the opposite of Low”). The nature of those differences, however, awaits further investigation. Much attention has been paid recently, for example, to the effect of global F0 contour shape on tone perception. One of the best-known contour shape effects concerns differences between sharp-peaked and “plateau”-shaped High accents ([2]–[7], inter alia). Specifically, it has been demonstrated in a variety of languages that all else equal, a plateau-shaped pitch accent will sound higher in pitch to listeners than an analogous sharp-peaked accent with identical maximum F0 [4], [8], [9] (illustrated schematically in Fig. 1a). One possible explanation for this ([10]–[12]) rests on the assumption that perception of tone scaling involves not precise identification of a single target F0 level (maximum or minimum), but rather, a process of F0 averaging over some domain of interest à la [13], [14]. If this is correct, then we also might expect to find the same pattern for Low accents as for High, i.e. that an L* should sound lower to listeners when the minimum is extended to create a low flat region (a “basin”, if you will), than when it is reached only as a sharp fall-rise pattern (a “gully”, depicted schematically in Fig. 1b). Figure 1: Schematics showing the effect of contour shape on F0 scaling of high (a) and low (b) pitch accents. “>” = sounding higher than; “<” = sounding lower than. We know of only one study investigating potential perceptual differences between low “basins” and “gullies”: [15] report on results showing that while Low basin-shaped pitch accents did in fact sound lower than narrow gully analogues, (British English-native) listeners were significantly less adept at discriminating pitches in the lower F0 range, reducing the salience of the plateau effect for Low accents as compared with Highs. Similar results involving reiterant speech and non-speech stimuli, furthermore, lead them to speculate that Low perception may be worse than High for domain-general psychoacoustic reasons. At the same time, they wonder whether speakers of languages with more Low F0 targets might not prove better at its perception, perhaps yielding a different pattern of experimental results. In this study, we have two goals. The first is to determine whether low basin pitch accents in fact sound lower than sharp gully analogues, as the averaging-based model of F0 scaling perception put forward in [9] (called TCoG-F) predicts. The second is to determine whether the presence or magnitude of the effect could be influenced at all by the language experience of the listeners in question. To do this, we conducted a perception experiment involving Low and High pitch accents of English, judged by two sets of participants: native speakers",Speech Prosody,none,none,FALSE,https://www.internationalphoneticassociation.org/icphs-proceedings/ICPhS2023/full_papers/211.pdf
212,Vocal fold vibratory patterns in bilingual speakers of Low and High German,"Peters Jörg, Frank Marina, Rohloff Marina","Voice quality, cognitive load, bilingual- ism, language dominance, endangered languages",Phonation and Voice Quality,none,none,FALSE,https://www.internationalphoneticassociation.org/icphs-proceedings/ICPhS2023/full_papers/212.pdf
213,Contour shape and prosodic focus marking: the case of Hong Kong Cantonese,"Lee Chris K. C., Barnes Jonathan",Prosodic focus marking; Tonal Center of Gravity; Hyperarticulation; Cantonese,Speech Prosody,none,none,FALSE,https://www.internationalphoneticassociation.org/icphs-proceedings/ICPhS2023/full_papers/213.pdf
215,I can be both? (Pre-)aspiration and (pre-)glottalisation do not have to be mutually exclusive,Hejná Míša (Michaela),"pre-aspiration, pre-glottalisation, whispery creak, breathy creak, lax creak, breathiness",Special Session - Qualitative research in phonetics,none,none,FALSE,https://www.internationalphoneticassociation.org/icphs-proceedings/ICPhS2023/full_papers/215.pdf
216,Effects of cognitive load on vowel production in bilingual speakers of High and Low German,"Frank Marina, Rohloff Marina, Peters Jörg","Vowels, cognitive load, bilingualism, High German, Low German",Bilingual/Multilingual Phonetics,none,none,FALSE,https://www.internationalphoneticassociation.org/icphs-proceedings/ICPhS2023/full_papers/216.pdf
217,Acoustic and articulatory characteristics of rhoticity in the North-West of England,"Nance Claire, Dewhurst Maya, Fairclough Lois, Forster Pamela, Kirkham Sam, Nagamine Takayuki, Turton Danielle, Wang Di","rhoticity, ultrasound, acoustics, sociophonetics, language variation and change",Sociophonetic Variation,osf,https://osf.io/wb9m5/,TRUE,https://www.internationalphoneticassociation.org/icphs-proceedings/ICPhS2023/full_papers/217.pdf
218,"Interactions of lexical stress, vowel length and pharyngealisation in Palestinian Arabic",Kelly Niamh,"lexical stress, prosody, acoustics, pharyngealisation, Palestinian Arabic",Speech Prosody,none,none,FALSE,https://www.internationalphoneticassociation.org/icphs-proceedings/ICPhS2023/full_papers/218.pdf
219,Effects of fundamental frequency and harmonics-to-noise ratio on the perception of Danish laryngealized phonation,Peña Jailyn,"laryngealization, Danish, phonation, voice quality, speech perception",Phonation and Voice Quality,none,none,FALSE,https://www.internationalphoneticassociation.org/icphs-proceedings/ICPhS2023/full_papers/219.pdf
220,Vowel reduction in spontaneous Bulgarian Judeo-Spanish,"Grünke Jonas, Sabev Mitko, Andreeva Bistra, Gabriel Christoph","vowel reduction, vowel merger, incom- plete neutralization, Judeo-Spanish, Bulgarian",Bilingual/Multilingual Phonetics,none,none,FALSE,https://www.internationalphoneticassociation.org/icphs-proceedings/ICPhS2023/full_papers/220.pdf
221,Revising parameters for predicting L2 speech fluency and proficiency,"Kallio Heini, Kuronen Mikko","L2 speech fluency, L2 proficiency, pause locations, automatic assessment",Phonetics of Second and Foreign Language Acquisition,none,none,FALSE,https://www.internationalphoneticassociation.org/icphs-proceedings/ICPhS2023/full_papers/221.pdf
223,Who's speaking? Predicting speaker profession from speech,"Wu Yaru, Chen Lihu, Elie Benjamin, Suchanek Fabian, Vasilescu Ioana, Lamel Lori",,Speech Technology,none,none,FALSE,https://www.internationalphoneticassociation.org/icphs-proceedings/ICPhS2023/full_papers/223.pdf
224,Realization of low tone sequences in disyllabic words in a large Mandarin speech corpus,"Wu Yaru, Chen Yiya, Lamel Lori","Mandarin, tone realization, large corpora, variation factors",Tone,none,none,FALSE,https://www.internationalphoneticassociation.org/icphs-proceedings/ICPhS2023/full_papers/224.pdf
225,What does successful L2 vowel acquisition depend on? A conceptual replication,"Witteman Jurriaan, Schiller Niels, McQueen James, Karaseva Ekaterina","phonetics, speech production, vowels, bilingualism, compactness",Speech Production and Speech Physiology,none,none,FALSE,https://www.internationalphoneticassociation.org/icphs-proceedings/ICPhS2023/full_papers/225.pdf
226,Self-monitoring of speech errors: effects of phonetic contrast,"Quené Hugo, Nooteboom Sieb G.","self-monitoring, speech error, speech production, speech preparation",Phonetic Psycholinguistics,none,none,FALSE,https://www.internationalphoneticassociation.org/icphs-proceedings/ICPhS2023/full_papers/226.pdf
227,Sound categorization after speaking with a bite block,"Zhang Xinyu, Schoonen Rob, Janse Esther","speech perception, perceptual recalibration, speech production",Speech Perception,none,none,FALSE,https://www.internationalphoneticassociation.org/icphs-proceedings/ICPhS2023/full_papers/227.pdf
228,Prosodic convergence across varieties of Italian,"Savino Michelina, Torreira Francisco, Grice Martine","spontaneous imitation, accommodation, question intonation, task-oriented dialogue, Italian",Speech Prosody,none,none,FALSE,https://www.internationalphoneticassociation.org/icphs-proceedings/ICPhS2023/full_papers/228.pdf
229,Voice onset time (VOT) in Kurdish EFL learners,Naser Lureen,"Kurdish EFL Learners, VOT, English stops, Kurdish stops",Speech Acoustics,none,none,FALSE,https://www.internationalphoneticassociation.org/icphs-proceedings/ICPhS2023/full_papers/229.pdf
231,Phonotactically driven cue weighting in a sound change in progress: acoustic evidence from West Central Bavarian,"Thon Katharina, Kleber Felicitas","German varieties, dialect levelling, acoustic cue change, incomplete neutralization",Phonetics of Sound Change,doi_other,10.5282/ubm/data.378,TRUE,https://www.internationalphoneticassociation.org/icphs-proceedings/ICPhS2023/full_papers/231.pdf
232,Iconic gestures in focus - synchronization of prosody and gesture in prominence,"Kügler Frank, Gregori Alina","Iconic co-speech gestures, prosody, focus, gesture-speech synchronization",Multimodal Phonetics,none,none,FALSE,https://www.internationalphoneticassociation.org/icphs-proceedings/ICPhS2023/full_papers/232.pdf
234,Is focalization the keystone connecting vowel perception and production?,"Polka Linda, Masapollo Matthew, Menard Lucie, Schwartz Jean-Luc, Rapin Lucile","vowels, perception, production, focalization, electromagnetic articulography",Speech Acoustics,none,none,FALSE,https://www.internationalphoneticassociation.org/icphs-proceedings/ICPhS2023/full_papers/234.pdf
235,Talking chorally alters speech rhythm and induces fluency in people who stutter- but are these things connected?,"Meekings Sophie, Eijk Lotte, Scott Sophie, Maruthy Santosh","stuttering, choral speech, speech rhythm",Speech Production and Speech Physiology,none,none,FALSE,https://www.internationalphoneticassociation.org/icphs-proceedings/ICPhS2023/full_papers/235.pdf
236,A Speech Therapy Animation and imaging Resource (STAR),"Lawson Eleanor, Cleland Joanne, Stuart-Smith Jane, Aitken Brian, Beck Janet","Speech and Language Therapy, Ultrasound-Tongue-Imaging",Clinical Phonetics and Speech Disorders,none,none,FALSE,https://www.internationalphoneticassociation.org/icphs-proceedings/ICPhS2023/full_papers/236.pdf
237,Syllable position effects with French and Spanish /l/,"Colantoni Laura, Kochetov Alexei, Steele Jeffrey","syllable position, gestural reduction, lateral, French, Spanish",Speech Production and Speech Physiology,none,none,FALSE,https://www.internationalphoneticassociation.org/icphs-proceedings/ICPhS2023/full_papers/237.pdf
238,Evaluating the role of self-description in demarcating accents,"Cole Amanda, Strycharczuk Patrycja",accent variation; Southern British English; self-description; linguistic identity; vowels,Sociophonetic Variation,none,none,FALSE,https://www.internationalphoneticassociation.org/icphs-proceedings/ICPhS2023/full_papers/238.pdf
239,The utility of turning-point analysis methods for Welsh and Irish intonation,"Pulman-Slater Jack, McCabe Connor","Intonation, turning points, minority, Celtic",Phonetics of Lesser Documented and Endangered Languages,none,none,FALSE,https://www.internationalphoneticassociation.org/icphs-proceedings/ICPhS2023/full_papers/239.pdf
240,Vowel raising across Syria and Jordan in the DiVaL Corpus,"Hellmuth Sam, Almbark Rana, Lucas Chris, Brown Georgina","dialectal variation, Arabic, vowel raising, speech corpora",Sociophonetic Variation,none,none,FALSE,https://www.internationalphoneticassociation.org/icphs-proceedings/ICPhS2023/full_papers/240.pdf
241,"Variable realization of the Arapaho glottal stop, despite its being distinctive and frequent","Whalen D. H., DiCanio Christian, Chen Wei-Rong",Glottal stop; Arapaho; variability; duration; harmonics ratio,Phonetics of Lesser Documented and Endangered Languages,none,none,FALSE,https://www.internationalphoneticassociation.org/icphs-proceedings/ICPhS2023/full_papers/241.pdf
242,Probing production-perception relationships in children with myotonic dystrophy,"Menard Lucie, Bellavance-Courtemanche Marie, Trudeau-Fisette Paméla, Vidou Camille, Uribe Cristina","clinical speech, production-perception relationships, lip-tube perturbation, speech development",Clinical Phonetics and Speech Disorders,none,none,FALSE,https://www.internationalphoneticassociation.org/icphs-proceedings/ICPhS2023/full_papers/242.pdf
243,Duration as a cue for phonological voicing contrast in whispered Czech,"Svatošová Michaela, Bořil Tomáš","phonological voicing, whisper, Czech, perception, duration",Phonation and Voice Quality,none,none,FALSE,https://www.internationalphoneticassociation.org/icphs-proceedings/ICPhS2023/full_papers/243.pdf
244,L2-Mandarin regional accent variability facilitates Mandarin-naive English listeners' learning of Mandarin tone-words,"LI Yanping, Tyler Michael, Burnham Denis, Best Catherine","High variability word training; L2-Man- darin regional accents; tone-word identification, talker and accent generalization",Phonetics of Second and Foreign Language Acquisition,none,none,FALSE,https://www.internationalphoneticassociation.org/icphs-proceedings/ICPhS2023/full_papers/244.pdf
245,How Japanese L2 listeners perceive English silent-centre front vowels,Tokuma Shinichi,"L2 vowel perception, Silent-Centre vowels",Phonetics of Second and Foreign Language Acquisition,none,none,FALSE,https://www.internationalphoneticassociation.org/icphs-proceedings/ICPhS2023/full_papers/245.pdf
247,The realization of the voiceless nasal consonants in Upper Tanana (Dene),"Lovick Olga, Reyes Herrera Kristy, Stewart Jesse","Upper Tanana, Nasality, Earbuds, Dene/Athabascan, Timing Gestures",Phonetics of Lesser Documented and Endangered Languages,none,none,FALSE,https://www.internationalphoneticassociation.org/icphs-proceedings/ICPhS2023/full_papers/247.pdf
248,Modelling the parameters of fixed stress in Slavic with dynamic computational networks,Hudson Toby,"Computational networks, modelling, word stress, Czech, Polish",Laboratory Phonology,none,none,FALSE,https://www.internationalphoneticassociation.org/icphs-proceedings/ICPhS2023/full_papers/248.pdf
249,Perception of the Japanese word-medial singleton/geminate contrast by Kelantan Malay speakers,"Hamzah Hilmi, Tsukada Kimiko, Hajek John","Consonant length, short/singleton, long/geminate, Japanese, Kelantan Malay",Speech Perception,none,none,FALSE,https://www.internationalphoneticassociation.org/icphs-proceedings/ICPhS2023/full_papers/249.pdf
250,Cotopaxi Media Lengua Vowels: A Preliminary Analysis,"Stewart Jesse, Onosson Sky","Media Lengua, Cotopaxi, vowels, acoustic phonetics, dialectal variation",Phonetics of Lesser Documented and Endangered Languages,none,none,FALSE,https://www.internationalphoneticassociation.org/icphs-proceedings/ICPhS2023/full_papers/250.pdf
251,Speech Emotion Recognition from Glottal Flow Signals using 1D Convolutional Neural Networks,"Ben-Dom Itay, Watson Catherine, McCann Clare","speech emotion recognition, raw audio, glottal flow, IAIF, convolutional neural networks",Phonation and Voice Quality,none,none,FALSE,https://www.internationalphoneticassociation.org/icphs-proceedings/ICPhS2023/full_papers/251.pdf
253,Rhythmic Similarity hypothesis for cross-cultural vocal emotion recognition,"Liang Yachan, Choi Jiyoun, Broersma Mirjam, Goudbeek Martijn, Konopka Agnieszka","Rhythmic Similarity hypothesis, vocal emotion recognition, cross-cultural, cross-linguistic",Speech Prosody,none,none,FALSE,https://www.internationalphoneticassociation.org/icphs-proceedings/ICPhS2023/full_papers/253.pdf
254,Effect of auditory feedback on high lexical tones in deaf adults with cochlear implants,Wan Tsung-Lun Alan,"clinical phonetics, cochlear implants, lexical tones, gender, clinical sociolinguistics",Clinical Phonetics and Speech Disorders,none,none,FALSE,https://www.internationalphoneticassociation.org/icphs-proceedings/ICPhS2023/full_papers/254.pdf
256,On the history of the phonetic institute of the Universite de Paris from 1911 to 1950,"FOUGERON Cécile, AMELOT Angélique, RIALLAND Annie","Institut de Phonétique, Paris, experimental phonetics, history of phonetic sciences, Marguerite Durand",History of Phonetics,none,none,FALSE,https://www.internationalphoneticassociation.org/icphs-proceedings/ICPhS2023/full_papers/256.pdf
257,Developmental changes of fundamental frequency and temporal characteristics in Estonian adolescent speech,"Meister Einar, Meister Lya","adolescent speech, age- and gender- related variations, acoustic analysis, fundamental frequency, speech tempo",Sociophonetic Variation,none,none,FALSE,https://www.internationalphoneticassociation.org/icphs-proceedings/ICPhS2023/full_papers/257.pdf
259,Effect of hearing loss on prosodic intervention in Parkinson's speech,"Menezes Caroline, Pakulski Lori","Parkinson’s disorder, hearing loss, speech discrimination threshold, loudness, and pitch",Clinical Phonetics and Speech Disorders,none,none,FALSE,https://www.internationalphoneticassociation.org/icphs-proceedings/ICPhS2023/full_papers/259.pdf
260,Production and perception of vocal emotions: A comparison of Mandarin Chinese and German emotional prosody,"Wei Huan, Scharinger Mathias, Domahs Ulrike","emotional prosody production, recognition of emotional prosody, cross-linguistic processing",Phonetics of Affective Speech,none,none,FALSE,https://www.internationalphoneticassociation.org/icphs-proceedings/ICPhS2023/full_papers/260.pdf
261,Optimal control theory of speech production using probabilistic articulatory-acoustic models,"Elie Benjamin, Šimko Juraj, Turk Alice",Articulatory planning; Speech production; Optimal Control Theory;,Speech Production and Speech Physiology,none,none,FALSE,https://www.internationalphoneticassociation.org/icphs-proceedings/ICPhS2023/full_papers/261.pdf
263,The devil is in the detail: An interactional-phonetic study of G-word interjections and some methodological implications,Cantarutti Marina,"phonetics of talk-in-interaction, conversation analysis, qualitative approaches",Special Session - Qualitative research in phonetics,none,none,FALSE,https://www.internationalphoneticassociation.org/icphs-proceedings/ICPhS2023/full_papers/263.pdf
265,Nuclear contours of Spanish echo questions produced by proficient Chinese learners of Spanish: A dynamic analysis,"Li Peng, Xi Xiaotong","Nuclear contour, dynamic analysis, L2 prosody acquisition, Spanish, Chinese students",Phonetics of Second and Foreign Language Acquisition,none,none,FALSE,https://www.internationalphoneticassociation.org/icphs-proceedings/ICPhS2023/full_papers/265.pdf
266,ASRLux: Automatic speech recognition for the low-resource language Luxembourgish,"Gilles Peter, Hillah Léopold, Hosseini-Kivanani Nina","Automatic speech recognition, wav2vec 2.0, Whisper, Luxembourgish",Speech Technology,none,none,FALSE,https://www.internationalphoneticassociation.org/icphs-proceedings/ICPhS2023/full_papers/266.pdf
267,An inclusive course on the history of phonetics,"Garellek Marc, Nielson Shai, Rhodes Tamara L., Clem Emily","Phonetic pedagogy, History of phonetics, Antiracist linguistics, JEDI in linguistics",Phonetics Pedagogy,none,none,FALSE,https://www.internationalphoneticassociation.org/icphs-proceedings/ICPhS2023/full_papers/267.pdf
268,The effect of shortening onset consonants on speech segmentation by Taiwanese Southern Min listeners,"Ou Shu-chen, Guo Zhe-chen","speech segmentation, prosody, consonant shortening, artificial language learning",Speech Perception,none,none,FALSE,https://www.internationalphoneticassociation.org/icphs-proceedings/ICPhS2023/full_papers/268.pdf
269,"Individual differences in non-native phonetic perception: potential links to native perception, attention, & memory","Honda Claire, Clayards Meghan, Baum Shari","phonetic perception, gradiency, response consistency, sustained attention, working memory",Speech Perception,none,none,FALSE,https://www.internationalphoneticassociation.org/icphs-proceedings/ICPhS2023/full_papers/269.pdf
270,Phonetics of glottalized phonations in Yateé Zapotec,"Chai Yuan, Fernández Adrian, Mendez Briseida","checked, rearticulated, phasing of glottalization, amplitude of voicing, duration",Phonation and Voice Quality,osf,https://osf.io/a98sf/?view_only=dc40c474d5064dda,TRUE,https://www.internationalphoneticassociation.org/icphs-proceedings/ICPhS2023/full_papers/270.pdf
272,L2 phonological contrasts are not necessarily lost: Evidence from French listeners detecting Mandarin tones,"Dellwo Volker, Schwab Sandra, Shi Rushen","L2 contrast perception, tone perception, stress perception, language evolution",Tone,none,none,FALSE,https://www.internationalphoneticassociation.org/icphs-proceedings/ICPhS2023/full_papers/272.pdf
273,Dynamics of the tongue contour in the production of guttural consonants in Levantine Arabic,"Al-Tamimi Jalal, Palo Pertti","Gutturals, Levantine Arabic, natural class, GAMMs, Ultrasound Tongue Imaging",Laboratory Phonology,none,none,FALSE,https://www.internationalphoneticassociation.org/icphs-proceedings/ICPhS2023/full_papers/273.pdf
275,Exploring the Phonetic Context Effects on the Production of Portuguese /ɾ/ by L1-Mandarin Learners,"Cao Yidan, Zhou Chao, Hristovsky Gueorgui","Phonetic context, Onset cluster, European Portuguese, Mandarin Chinese, L2 speech",Phonetics of Second and Foreign Language Acquisition,osf,osf.io/4fuec/,TRUE,https://www.internationalphoneticassociation.org/icphs-proceedings/ICPhS2023/full_papers/275.pdf
276,The everyday speech environments of preschoolers with and without cochlear implants,"Cychosz Margaret, Newman Rochelle, Edwards Jan, Munson Benjamin, Romeo Rachel, Kosie Jessica","speech, acoustics, first language acquisition, cochlear implants, language input",Speech Corpora and Big Data,github,https://github.com/megseekosh/everyday_CI,TRUE,https://www.internationalphoneticassociation.org/icphs-proceedings/ICPhS2023/full_papers/276.pdf
278,Redundancy and individual variability in the prosodic marking of information status in German,"Lorenzen Janne, Roessig Simon, Baumann Stefan","German, individual differences, information status, prominence, prosody",Speech Prosody,none,none,FALSE,https://www.internationalphoneticassociation.org/icphs-proceedings/ICPhS2023/full_papers/278.pdf
279,Being looked at in the face attenuates articulatory movements in both sighted and blind speakers,"Saito Haruka, Trudeau-Fisette Paméla, Vidou Camille, Ménard Lucie","Speech production, audio-visual, electromagnetic articulography, blind speakers",Speech Production and Speech Physiology,none,none,FALSE,https://www.internationalphoneticassociation.org/icphs-proceedings/ICPhS2023/full_papers/279.pdf
280,Fundamental frequency normalization and statistical power: an assessment of 15 normalizing techniques,"Genette Jérémy, Verhoeven Jo, Gillis Steven","normalization, methodology, statistics, fundamental frequency, intrinsic vowel pitch",Speech Acoustics,none,none,FALSE,https://www.internationalphoneticassociation.org/icphs-proceedings/ICPhS2023/full_papers/280.pdf
281,Effects of dialect priming on phonetic convergence,"Clopper Cynthia, Dossey Ellen, Gonzalez Roberto","phonetic convergence, word shadowing, dialect priming, Northern Cities Shift",Sociophonetic Variation,none,none,FALSE,https://www.internationalphoneticassociation.org/icphs-proceedings/ICPhS2023/full_papers/281.pdf
282,Mandarin tone production can be learned under perceptual guidance — A machine learning simulation,"Meng Hanyi, Chen Chien-Tzu, Chen Yue, Liu Zirui, Xu Yi","speech perception, vocal tone learning, computational modelling, speech synthesis",Phonetics of First Language Acquisition,none,none,FALSE,https://www.internationalphoneticassociation.org/icphs-proceedings/ICPhS2023/full_papers/282.pdf
283,Clear speech facilitates word segmentation: evidence from eye-tracking,"Guo Zhe-chen, Smiljanic Rajka","Clear speech, speech segmentation, hyperarticulation, eye-tracking",Speech Perception,none,none,FALSE,https://www.internationalphoneticassociation.org/icphs-proceedings/ICPhS2023/full_papers/283.pdf
286,Cue shifting in the perception of Shanghainese sandhi patterns,Wei Zihao,"Tonogenesis, Cue weighting, Sound change, Sandhi pattern, Shanghainese",Speech Perception,none,none,FALSE,https://www.internationalphoneticassociation.org/icphs-proceedings/ICPhS2023/full_papers/286.pdf
288,Bent vs. straight models of the human vocal tract based on measurements by Chiba and Kajiyama,Arai Takayuki,"Chiba and Kajiyama, The Vowel, physical models, vocal tract, speech production",Special Session - The history of phonetic sciences,none,none,FALSE,https://www.internationalphoneticassociation.org/icphs-proceedings/ICPhS2023/full_papers/288.pdf
289,Perceptual Assimilation Model for Suprasegmentals predicts Cantonese tone sequence recall in Punjabi minorities,"YU Doris, LAI Veronica Ka Wai, CHOI William","The Perceptual assimilation model for suprasegmentals, sequence recall, Cantonese tone",Speech Prosody,none,none,FALSE,https://www.internationalphoneticassociation.org/icphs-proceedings/ICPhS2023/full_papers/289.pdf
290,"Perception of vowel and consonant quantity contrasts by Cantonese, English, French, and Japanese speakers","Lee Albert, Shinohara Yasuaki, Chiu Faith, Mut Tsz Ching","feature hypothesis, L2 phonology, phonemic quantity contrasts",Phonetics of Second and Foreign Language Acquisition,none,none,FALSE,https://www.internationalphoneticassociation.org/icphs-proceedings/ICPhS2023/full_papers/290.pdf
291,The effect of phonological factors on variable word onset vowel deletion in najdi arabic,"Alsabhan Rana, Setter Jane",vowel deletion; Najdi Arabic; obstruents; phonetics; consonant clusters,Laboratory Phonology,none,none,FALSE,https://www.internationalphoneticassociation.org/icphs-proceedings/ICPhS2023/full_papers/291.pdf
292,Vowel production changes under noise with consideration of low-order formant masking,"Uezu Yasufumi, Akagi Masato, Unoki Masashi","Vowel production, Lower-order formants, Masking noise, Lombard effect",Speech Acoustics,none,none,FALSE,https://www.internationalphoneticassociation.org/icphs-proceedings/ICPhS2023/full_papers/292.pdf
293,Using Tacotron 2 to develop synthetic child speech in South African English,"Terblanche Camryn, Tucker Benjamin V, Schnoor Tyler, Harty Michal","augmentative and alternative communication (AAC), children, speech synthesis, Tacotron, text-to-speech",Speech Technology,none,none,FALSE,https://www.internationalphoneticassociation.org/icphs-proceedings/ICPhS2023/full_papers/293.pdf
294,The Role of Prosody and Beat Gesture in Enhancing Memory for Discourse Information in Mandarin,"Yan Mengzhu, Calhoun Sasha","prosody, beat gesture, discourse information, Mandarin",Speech Prosody,none,none,FALSE,https://www.internationalphoneticassociation.org/icphs-proceedings/ICPhS2023/full_papers/294.pdf
295,Accent realization in spontaneous speech: Greek H* and L+H*,"Gryllia Stella, Orrico Riccardo, Kim Jiseung, Hu Na, Arvaniti Amalia","intonation, variability, spontaneous speech, Greek, FPCA",Speech Prosody,osf,osf.io/kca26,TRUE,https://www.internationalphoneticassociation.org/icphs-proceedings/ICPhS2023/full_papers/295.pdf
296,A study on caregivers speech in retirement homes,"Rouas Jean-Luc, Wu Yaru, Shochi Takaaki","Affective speech, caregivers voice, speaking styles, spontaneous speech",Special Session - Acoustic manifestations of speech register,none,none,FALSE,https://www.internationalphoneticassociation.org/icphs-proceedings/ICPhS2023/full_papers/296.pdf
297,Quantifying nasalance in Korean aegyo,"Crosby Drew, Dalola Amanda","Aegyo, Earbuds, Nasalance, Nasality, Sociophonetics",Sociophonetic Variation,none,none,FALSE,https://www.internationalphoneticassociation.org/icphs-proceedings/ICPhS2023/full_papers/297.pdf
298,Using word-level features for prosodic prominence detection in conversational speech,"Linke Julian, Kubin Gernot, Schuppler Barbara","prosodic prominence, conversational speech, entropy, Austrian German",Speech Technology,none,none,FALSE,https://www.internationalphoneticassociation.org/icphs-proceedings/ICPhS2023/full_papers/298.pdf
299,Top-down effects of lexical pitch accent on phonetic categorization in Japanese,"Ariga Terumichi, Matsubara Risa","speech perception, lexical prosody, phonetic categorization, top-down effect, Japanese",Speech Perception,none,none,FALSE,https://www.internationalphoneticassociation.org/icphs-proceedings/ICPhS2023/full_papers/299.pdf
300,Exploring the Use of Phonological Features for Parkinson's Disease Detection,"Hosseini-Kivanani Nina, V´asquez-Correa Juan Camilo, Schommer Christoph, Nöth Elmar","Parkinson’s disease, machine learning models, classification, Phonet, PhonVoc",Clinical Phonetics and Speech Disorders,none,none,FALSE,https://www.internationalphoneticassociation.org/icphs-proceedings/ICPhS2023/full_papers/300.pdf
301,Ejectives in Georgian. A real-time MRI analysis of vertical larynx movement,"Sulaberidze Nato, Brandt Erika, Hoole Phil, Krämer Martin, Reichenbach Jürgen R., Simpson Adrian P.","Ejectives, Georgian, vertical larynx movement, larynx height, real-time MRI",Speech Production and Speech Physiology,none,none,FALSE,https://www.internationalphoneticassociation.org/icphs-proceedings/ICPhS2023/full_papers/301.pdf
302,Assessing intelligibility of L2 speech by native and non-native listeners: a longitudinal study,"Pesantez Pesantez Alejandra Carolina, Lima Jr Ronaldo","Development, L2 speech, vowel, intelligibility, listeners",Phonetics of Second and Foreign Language Acquisition,none,none,FALSE,https://www.internationalphoneticassociation.org/icphs-proceedings/ICPhS2023/full_papers/302.pdf
303,Tone is not predominant; Tone is not primordial,Maddieson Ian,"Tone, language origins, language and music, tonogenesis, tonoexodus",Tone,none,none,FALSE,https://www.internationalphoneticassociation.org/icphs-proceedings/ICPhS2023/full_papers/303.pdf
305,Effects of dialect exposure on the processing of Argentine regional phones by English-speaking L2 learners of Spanish,Schmidt Lauren,"L2 speech perception, regional variation, Spanish, study abroad, lexical decision",Phonetics of Second and Foreign Language Acquisition,none,none,FALSE,https://www.internationalphoneticassociation.org/icphs-proceedings/ICPhS2023/full_papers/305.pdf
306,L1 Effects on Naive Perception and Production of [\textbaru] by Mandarin and Italian Speakers,"Chen Xuanda, Clayards Meghan, Goad Heather, Kim Donghyun",perception; imitation; similarity,Phonetics of Second and Foreign Language Acquisition,osf,https://osf.io/7k2j8/?view_only=a26c2961e5cf4d6a99ccf50c23bceee3,TRUE,https://www.internationalphoneticassociation.org/icphs-proceedings/ICPhS2023/full_papers/306.pdf
307,Labels speak volumes: Outgroup labels and accent strength perception,"Calkins Kasandra, Puhacheuskaya Veranika, Kim Jiseung, Järvikivi Juhani","accented speech perception, immigration, intergroup membership",Phonetic Psycholinguistics,none,none,FALSE,https://www.internationalphoneticassociation.org/icphs-proceedings/ICPhS2023/full_papers/307.pdf
309,The role of allophones in phoneme perception models: Do devoiced vowels trigger vowel epenthesis?,"Kishiyama Takeshi, Huang Chuyu, Furukawa Kei, Hirose Yuki","speech perception, phonotactics, context effects, perceptual epenthesis, dialect",Speech Perception,github,https://github.com/kishiyamat/icphs2023,TRUE,https://www.internationalphoneticassociation.org/icphs-proceedings/ICPhS2023/full_papers/309.pdf
310,Prosody and word order in marking focus within Djambarrpuyŋu noun phrases,Jepson Kathleen,"prosody, focus, information status, word order, Djambarrpuyŋu",Speech Prosody,none,none,FALSE,https://www.internationalphoneticassociation.org/icphs-proceedings/ICPhS2023/full_papers/310.pdf
311,The perception of parallel encoded emotional and linguistic prosody in Mandarin Chinese,"Zhang Qianyutong, Li Shanpeng","Parallel Perception, Linguistic Function, Emotional Function, Mandarin Chinese",Speech Prosody,none,none,FALSE,https://www.internationalphoneticassociation.org/icphs-proceedings/ICPhS2023/full_papers/311.pdf
312,Boundary strength and predictability effects on durational cues at Tone Sandhi Group boundaries in Taiwan Southern Min,Wang Sheng-Fu,"predictability, tone sandhi, Taiwan Southern Min, duration, boundary strength",Speech Prosody,none,none,FALSE,https://www.internationalphoneticassociation.org/icphs-proceedings/ICPhS2023/full_papers/312.pdf
313,Reject?! On the prosody of non-acceptance,"Repp Sophie, Seeliger Heiko","prosody, rejection, rejecting question, disagreement, German",Speech Prosody,none,none,FALSE,https://www.internationalphoneticassociation.org/icphs-proceedings/ICPhS2023/full_papers/313.pdf
314,Language specificity vs speaker variability of anticipatory labial coarticulation in German and English,"Lo Justin J. H., Carignan Christopher, Pouplier Marianne, Alderton Roy, Rodriquez Francesco, Evans Bronwen G., Reinisch Eva",Lip rounding; coarticulation; individual variation; language specificity; speech production,Laboratory Phonology,none,none,FALSE,https://www.internationalphoneticassociation.org/icphs-proceedings/ICPhS2023/full_papers/314.pdf
315,Apparent time change in the articulation of onset rhotics in Southern British English,"Strycharczuk Patrycja, Lloyd Susan, Scobbie James",rhotics; variation; Southern British English; ultrasound; change,Sociophonetic Variation,none,none,FALSE,https://www.internationalphoneticassociation.org/icphs-proceedings/ICPhS2023/full_papers/315.pdf
316,The retroflex lateral [ɭ] as an allophone for /l/ in Standard Austrian German,"Luttenberger Jan, Reinisch Eva","speech production, laterals, Austrian German, ultrasound tongue imaging",Speech Production and Speech Physiology,none,none,FALSE,https://www.internationalphoneticassociation.org/icphs-proceedings/ICPhS2023/full_papers/316.pdf
318,The phonetic basis for modern Mongolian vowel harmony: An analysis by means of real-time MRI,"Saitô Yoshio, Maekawa Kikuo, - Yurong","Mongolian, vowel harmony, tongue root, ATR, tongue height, real-time MRI",Phonetics of Lesser Documented and Endangered Languages,none,none,FALSE,https://www.internationalphoneticassociation.org/icphs-proceedings/ICPhS2023/full_papers/318.pdf
319,A kinematic analysis of visual prosody: Head movements in habitual and loud speech,"Pagel Lena, Sóskuthy Márton, Roessig Simon, Mücke Doris","prosodic prominence, multimodality, co- speech gestures, loud speech, focus structure",Multimodal Phonetics,osf,https://osf.io/69j2s/?view_only=4ffed19ef11b4bb3b,TRUE,https://www.internationalphoneticassociation.org/icphs-proceedings/ICPhS2023/full_papers/319.pdf
320,Speaker-specific anticipatory labial coarticulation in French,"GUITARD-IVENT Fanny, WOHMANN-BRUZZO Louise, AUDIBERT Nicolas, FOUGERON Cécile","labial anticipation, coarticulation, speaker variability, fricatives, spectral center of gravity",Speech Acoustics,none,none,FALSE,https://www.internationalphoneticassociation.org/icphs-proceedings/ICPhS2023/full_papers/320.pdf
322,Assessing kinematic relations with high speech rate resolution data,"Kuberski Stephan R., Gafos Adamantios I.","articulatory phonetics, speech produc- tion, kinematic relations, speech rate",Speech Production and Speech Physiology,none,none,FALSE,https://www.internationalphoneticassociation.org/icphs-proceedings/ICPhS2023/full_papers/322.pdf
323,Turning podcasts into a training corpus for conversational text-to-speech synthesis,"Sahkai Heete, Piits Liisi, Ermus Liis, Hein Indrek, Mihkla Meelis, Kiissel Indrek, Suluste Kristjan, Männisalu Egert, Altrov Rene, Pajupuu Hille, Pajupuu Jaan","TTS, spontaneous speech corpus, conversational speaking style, podcasts, Estonian",Speech Corpora and Big Data,figshare,https://figshare.com/projects/Turning_podcasts_into_a_training_corpus_for_conversational_text-to-speech_synthesis/156248,TRUE,https://www.internationalphoneticassociation.org/icphs-proceedings/ICPhS2023/full_papers/323.pdf
325,Investigating overlapping gestures in acoustic signals: the case of fricatives and sonorants in clusters,Genette Jérémy,"methodology, coarticulation, acoustics, epenthetic vowels, sound change",Laboratory Phonology,none,none,FALSE,https://www.internationalphoneticassociation.org/icphs-proceedings/ICPhS2023/full_papers/325.pdf
326,Physiological vs. Subjective sleepiness: what can human hearing estimate better?,"Martin Vincent P., Ferron Aymeric, Rouas Jean-Luc, Shochi Takaaki, Dupuy Lucile, Philip Pierre","Sleepiness, Voice, Perceptual study, Experimental study, Paralinguistics",Speech Perception,none,none,FALSE,https://www.internationalphoneticassociation.org/icphs-proceedings/ICPhS2023/full_papers/326.pdf
327,Sleepiness estimation from voice: a French perceptual replication study,"Martin Vincent P., Rouas Jean-Luc, Ferron Aymeric, Philip Pierre","Sleepiness, Voice, Perceptual study, Experimental study replication, Paralinguistics",Speech Perception,none,none,FALSE,https://www.internationalphoneticassociation.org/icphs-proceedings/ICPhS2023/full_papers/327.pdf
330,Neural predisposition for L2 stress learning in French and German listeners,"Schwab Sandra, Jost Lea, Mouthon Michael, Etter Faustine, Kamber Julie, Rogenmoser Lars, Annoni Jean-Marie","L2 stress perception, neural predisposition, language-dependent, fronto-temporal regions",Phonetics of Second and Foreign Language Acquisition,none,none,FALSE,https://www.internationalphoneticassociation.org/icphs-proceedings/ICPhS2023/full_papers/330.pdf
331,The Acoustics of Vowel Harmony in Sakha,"Chan May Pik Yu, Kuang Jianjing","Yakut, Sakha, Vowel Harmony, Turkic language",Phonetics of Lesser Documented and Endangered Languages,none,none,FALSE,https://www.internationalphoneticassociation.org/icphs-proceedings/ICPhS2023/full_papers/331.pdf
332,Spectral cues in pitch perception in English and Cantonese speech and music,"Chan May Pik Yu, Kuang Jianjing","Pitch perception, Spectral Slope, Speech and Music, Musicality, Prosodic effects",Special Session - Interplay or intermezzo? Structures and processes in prosody and music,none,none,FALSE,https://www.internationalphoneticassociation.org/icphs-proceedings/ICPhS2023/full_papers/332.pdf
333,Vowel duration before a geminate in Italian children and adults: is lexicality important?,"Colombo Lucia, Arciuli Joanne","Vowel production, Geminates, Lexical stress, Lexicality, Language acquisition",Phonetics of First Language Acquisition,none,none,FALSE,https://www.internationalphoneticassociation.org/icphs-proceedings/ICPhS2023/full_papers/333.pdf
334,Visualising phonetics at the neuromuscular level reveals the discrete pulsatile gated nature of speech,Wrench Alan,"ultrasound, timing, photoglottography, glossometry, motor control",Speech Production and Speech Physiology,none,none,FALSE,https://www.internationalphoneticassociation.org/icphs-proceedings/ICPhS2023/full_papers/334.pdf
336,Variable rhoticity in Glasgow English: Sociolinguistic factors and abstractions vs. exemplars,Kaźmierski Kamil,"variable rhoticity, Glasgow English, sound change, corpus phonology",Laboratory Phonology,none,none,FALSE,https://www.internationalphoneticassociation.org/icphs-proceedings/ICPhS2023/full_papers/336.pdf
337,Using Mahalanobis distance to filter erratic vowel features in less documented languages : exploration on Quebec French,"Lancien Mélanie, Stuart-Smith Jane, Adda-Decker Martine","Vowels, Quebec French, Data Science, Automatic filtering, Corpus Phonetics",Speech Corpora and Big Data,none,none,FALSE,https://www.internationalphoneticassociation.org/icphs-proceedings/ICPhS2023/full_papers/337.pdf
338,Word-final devoicing in Brazilian Portuguese and L2 English,"Mendes Junior Wellington, Cristófaro Silva Thaïs",Word-final devoicing; Brazilian Portuguese; L2 English; Exemplars Model,Phonetics of Second and Foreign Language Acquisition,none,none,FALSE,https://www.internationalphoneticassociation.org/icphs-proceedings/ICPhS2023/full_papers/338.pdf
339,Phonetic variability in the realization of glottalized stops in Uspanteko (Mayan),"Bennett Ryan, Henderson Robert, Harvey Meg","ejectives, implosives, Mayan languages, allophony, inter-speaker variation",Phonetics of Lesser Documented and Endangered Languages,none,none,FALSE,https://www.internationalphoneticassociation.org/icphs-proceedings/ICPhS2023/full_papers/339.pdf
340,Effects of different levels of amplitude variation on perceived speaker dominance,"Pearsell Sara, Pape Daniel","amplitude variation, perceived personality traits, speech perception, variability in speech",Speech Perception,none,none,FALSE,https://www.internationalphoneticassociation.org/icphs-proceedings/ICPhS2023/full_papers/340.pdf
341,Characterization of Mandarin accent of French across three different speaking styles,"FU Wenxun, Adda-Decker Martine, Kühnert Barbara","Mandarin learners, L2 French, vowel reduction, fricatives, speaking styles",Phonetics of Second and Foreign Language Acquisition,none,none,FALSE,https://www.internationalphoneticassociation.org/icphs-proceedings/ICPhS2023/full_papers/341.pdf
343,Infants' learning of novel segments is modulated by prosody,"Chládková Kateřina, Podlipský Václav Jonáš, Nudga Natalia, Paillereau Nikola, Kynčlová Kateřina, Šimáčková Šárka","distributional learning, selective learning, non-native rhythm, vowels, infancy",Phonetics of First Language Acquisition,none,none,FALSE,https://www.internationalphoneticassociation.org/icphs-proceedings/ICPhS2023/full_papers/343.pdf
346,Viable signal periodicities in speech rhythm,"Campbell Jessica, Byrd Dani, Goldstein Louis","Rhythm, Modulation, Amplitude Envelope, Articulation, Speech Timing",Speech Acoustics,none,none,FALSE,https://www.internationalphoneticassociation.org/icphs-proceedings/ICPhS2023/full_papers/346.pdf
347,Labels for voices,Kreiman Jody,"voice quality, terminology",Phonation and Voice Quality,none,none,FALSE,https://www.internationalphoneticassociation.org/icphs-proceedings/ICPhS2023/full_papers/347.pdf
348,Perceptual Training Enhances the Use of Vowel Quality Cues to Lexical Stress: The Benefits of Intonational Variability,"Tremblay Annie, Kim Hyoju, Kim Sahyang, Cho Taehong","Stress perception, cue weighting, perceptual training, Korean, English",Speech Perception,none,none,FALSE,https://www.internationalphoneticassociation.org/icphs-proceedings/ICPhS2023/full_papers/348.pdf
349,Voice distinctiveness: an investigation of the role of speakers' position in a population with respect to f0,"McDougall Kirsty, Paver Alice, Nolan Francis","voice distinctiveness, voice similarity, fundamental frequency, earwitness, voice parades",Forensic Phonetics and Speaker Characteristics,none,none,FALSE,https://www.internationalphoneticassociation.org/icphs-proceedings/ICPhS2023/full_papers/349.pdf
350,Vowel length in infant-directed speech: the realisation of short-long contrasts in Czech IDS,"Svoboda Michaela, Chládková Kateřina, Kocjančič Antolík Tanja, Paillereau Nikola, Slížková Petra","infant-directed speech, vowel length, development of early input, Czech",Phonetics of First Language Acquisition,none,none,FALSE,https://www.internationalphoneticassociation.org/icphs-proceedings/ICPhS2023/full_papers/350.pdf
351,Cue weighting in Mandarin tone perception: A comparison between native speakers and learners of Mandarin,Jiang Song,"Mandarin tones, contour shape, turning point position, cue weighting, L2 acquisition",Tone,none,none,FALSE,https://www.internationalphoneticassociation.org/icphs-proceedings/ICPhS2023/full_papers/351.pdf
352,Phonetics-prosody interplay is implicated in typologically rare and complex morphophonology in Tohono O’odham.,"Kim Daejin, Cruz Robert","Tohono O’odham, CV reduplication, metrical stress, intonational prominence, mora- sensitive stress 1 INTRODUCTION Tohono O’odham [1]–[5] is a Uto-Aztecan language spoken in South-Central Arizona (near Tucson, Arizona) in the United States and Northern Sonora in Mexico. The language is actively spoken in the community (15,000 English-bilingual speakers in 2007) but has been considered endangered [6]. The language’s typologically rare CV reduplication and metrical stress phonology have been widely discussed in [7]–[15]. However, there have been no perspicuous accounts explaining how the interacting morpho- phonology is linguistically structured. We instead explored the morphophonology of the language differently by examining how speakers employ intonational (focus) prominence in producing words. This allowed us to examine how the morphophonology of the language is phonetically realized. 1.1 CV Reduplication Previous studies [12]–[14] reported that Tohono O’odham marks plural agreements of nouns, adjectives, and verbs by copying the first CV sequence of a singular noun (e.g., ban ‘a coyote’, gogs ‘a dog’), which is the base, and pasting the copied sequence after the base, which becomes the reduplicant of a plural noun (e.g., baban ‘coyotes’, gogogs ‘dogs’). This process is called (full) CV reduplication [16]. Note that the language never permits the first syllable with the coda to be the base; only the first CV (or C) is permitted to be the basei. We argue that comparing the production of singular and plural nouns provides a good basis for understanding the morphophonology of the language. This is because the base and the reduplicant are equivalent morphophonological units with major grammatical functions, but these morphemes vary due to the metrical stress of the language. 1.2 Strong-weak metrical stress In Tohono O’odham, strong-weak (SW) metrical stress occurs across words and phrases [7]–[11]. The stress pattern of the language has been considered trochaic with a left-headed foot structure [10]–[13]. The primary strong stress is always applied to the first vowel of a word (e.g., kóji ‘a pig’, nówiyù ‘a cow’). The second vowel receives weak stress (or gets unstressed), and then the secondary strong stress is applied at the third vowel of words (e.g., kókojì ‘pigs’, nónowìyu ‘cows’). Word stress in this language is primarily realized with varying fundamental frequency (f0) and duration of segments (Figure 1) [17], as what other studies similarly found in various Figure 1: An f0 contour of nónowìyu 'cows’ with a strong-weak metrical stress in Tohono O’odham (from our recorded data)",Phonetics of Lesser Documented and Endangered Languages,none,none,FALSE,https://www.internationalphoneticassociation.org/icphs-proceedings/ICPhS2023/full_papers/352.pdf
353,The link between perception and production of English vowel contrasts in non-native speakers,"Chang Chih-Chao, Chien Chun-Ting, Lu Yu-An","L2 perception-production link, English tense-lax vowels, imitation, vowel categorization",Phonetics of Second and Foreign Language Acquisition,none,none,FALSE,https://www.internationalphoneticassociation.org/icphs-proceedings/ICPhS2023/full_papers/353.pdf
354,A preliminary study of Mandarin neutral tone production by Japanese and Korean L2 learners,"Shu Tong, Mok Peggy Pik Ki","L2 production, Mandarin neutral tone, Japanese, Korean, Feature Hypothesis",Phonetics of Second and Foreign Language Acquisition,none,none,FALSE,https://www.internationalphoneticassociation.org/icphs-proceedings/ICPhS2023/full_papers/354.pdf
355,Possible back prelateral mergers in Oklahoma,"Freeman Valerie, Landers Molly","Prelateral merger, vowel shift, sound change, American English, variationist dialectology",Phonetics of Sound Change,none,none,FALSE,https://www.internationalphoneticassociation.org/icphs-proceedings/ICPhS2023/full_papers/355.pdf
356,Analyzing variability in closure voicing and co-intrinsic F0 in Central Standard Swedish,"Kirby James, Tan Maryann","Swedish, microprosody, voicing, VOT",Phonology-Phonetics Interface,none,none,FALSE,https://www.internationalphoneticassociation.org/icphs-proceedings/ICPhS2023/full_papers/356.pdf
358,Discrimination of Cantonese lexical tones by listeners with and without learning experience of tone languages,Wong Yee-ping,"Chinese lexical tones, L2 speech perception, Cantonese, Japanese, Mandarin",Tone,none,none,FALSE,https://www.internationalphoneticassociation.org/icphs-proceedings/ICPhS2023/full_papers/358.pdf
359,Morpho-phonological effects on the phonetic characteristics of tense consonants in Korean compounds,"Kwon Chloe Dokyung, Tilsen Sam, Whitman John","phonetics, morphophonology, Korean, corpus study, stop consonants",Phonology-Phonetics Interface,none,none,FALSE,https://www.internationalphoneticassociation.org/icphs-proceedings/ICPhS2023/full_papers/359.pdf
360,Effect of speech enhancement at phonetic level perception of speech between native English and Mandarin listeners,"Zhang Yunqi C., Watson Catherine I., Hui C.T. Justine, Hioka Yusuke","phonetic analysis, Mandarin, non- native, speech intelligibility, speech enhancement",Speech Perception,none,none,FALSE,https://www.internationalphoneticassociation.org/icphs-proceedings/ICPhS2023/full_papers/360.pdf
361,Influence of bilingualism or caregiver input? Variation in VOT in simultaneous bilingual preschoolers in Singapore,Sim Jasper,"quality of input, language contact, multi- dialectal, English-Malay, English-Mandarin",Phonetics of First Language Acquisition,none,none,FALSE,https://www.internationalphoneticassociation.org/icphs-proceedings/ICPhS2023/full_papers/361.pdf
362,Crosslinguistic influence and language-specific strategies in bilingual clear speech,"Jung Ye-Jee, Dmitrieva Olga","Korean, English, bilingual speech, clear speech, crosslinguistic influence",Bilingual/Multilingual Phonetics,none,none,FALSE,https://www.internationalphoneticassociation.org/icphs-proceedings/ICPhS2023/full_papers/362.pdf
363,The perception of visual phonetic information: eye-tracking while searching for segmental versus prosodic cues,"Deng Xizi, Jastrzebski Erin, McClay Elise, Yeung H.Henny, Wang Yue","audio-visual processing, speech, perception, phonetic, prosody, eye-tracking",Speech Perception,none,none,FALSE,https://www.internationalphoneticassociation.org/icphs-proceedings/ICPhS2023/full_papers/363.pdf
365,The role of duration in the perception of checked versus unchecked tones in Taiwanese Southern Min,"Zhang Wei, Lu Yu-An","Taiwanese Southern Min, checked tone perception, duration cue, glottalization cue",Speech Perception,none,none,FALSE,https://www.internationalphoneticassociation.org/icphs-proceedings/ICPhS2023/full_papers/365.pdf
366,Perception of Japanese pitch accent by typically developing children and children with autism spectrum disorders,"Shinohara Yasuaki, Uchida Mariko, Matsui Tomoko","speech perception, pitch accent, autism spectrum disorders, noise-vocoded sine-wave speech",Speech Perception,none,none,FALSE,https://www.internationalphoneticassociation.org/icphs-proceedings/ICPhS2023/full_papers/366.pdf
367,The classification of native and non-native productions of Italian consonant length contrast,"Feng Qiang, Busà M. Grazia","Consonant length, singleton, geminate, Italian, Chinese",Phonetics of Second and Foreign Language Acquisition,none,none,FALSE,https://www.internationalphoneticassociation.org/icphs-proceedings/ICPhS2023/full_papers/367.pdf
368,A perceptual experiment testing the Italian /ʎ/ - /j/ contrast,"Anastaseni Anna, Romano Antonio","Auditory phonetics, identification task, palatal lateral, palatal approximant, duration",Speech Perception,none,none,FALSE,https://www.internationalphoneticassociation.org/icphs-proceedings/ICPhS2023/full_papers/368.pdf
371,Patterns of the syllable-final consonants in Chinese dialects,"Lee Wai-Sum, Zee Eric","patterns of syllable-final consonants, consonant change, Chinese dialects",Phonetic Universals and Typology,none,none,FALSE,https://www.internationalphoneticassociation.org/icphs-proceedings/ICPhS2023/full_papers/371.pdf
372,Acquisition of the low vowel in L2 Spanish by Chinese speakers,"Font Rotchés Dolors, Cao Yongfa, Rius-Escudé Agnès","Low vowel, acoustic analysis, L2 Spanish, spontaneous speech, Chinese speakers",Phonetics of Second and Foreign Language Acquisition,none,none,FALSE,https://www.internationalphoneticassociation.org/icphs-proceedings/ICPhS2023/full_papers/372.pdf
373,Intelligibility of spontaneous casual speech in background noise across the lifespan,"Tuomainen Outi, Taschenberger Linda, Soengadie Amanda, Hazan Valerie","Speech intelligibility, speech perception, speech-in-noise, lifespan",Speech Perception,none,none,FALSE,https://www.internationalphoneticassociation.org/icphs-proceedings/ICPhS2023/full_papers/373.pdf
374,Focus prosody in Fijian: A pilot study,"Lee Albert, Simard Candide, Tamata Apolonia, Sun Jiaying, Mut Tsz Ching","Fijian, focus",Phonetics of Lesser Documented and Endangered Languages,none,none,FALSE,https://www.internationalphoneticassociation.org/icphs-proceedings/ICPhS2023/full_papers/374.pdf
375,SOUNDS HEIMISH: A sociophonetic study of London’s orthodox Jewish community,"Rubner Keren, McCarthy Kathleen","Judeo-English, phonetic variation, gender, monophthongs",Sociophonetic Variation,none,none,FALSE,https://www.internationalphoneticassociation.org/icphs-proceedings/ICPhS2023/full_papers/375.pdf
377,The role of listener feedback in prosodic cue production: an interactive task,"Chatterjee Lahari, Schneider Kathleen, Wartenbuger Isabell, Hanne Sandra, Hofmann Andrea, Tuomainen Outi","boundary cue production, situational (in)dependence, listener feedback, clear speech",Speech Production and Speech Physiology,none,none,FALSE,https://www.internationalphoneticassociation.org/icphs-proceedings/ICPhS2023/full_papers/377.pdf
378,"Contrast or context, that is the question","cangemi francesco, Grice Martine, Jeon Hae-Sung, Setter Jane","Question, Intonation, Ecological validity",Speech Prosody,osf,https://osf.it/wp62b,TRUE,https://www.internationalphoneticassociation.org/icphs-proceedings/ICPhS2023/full_papers/378.pdf
380,"Variability in space, compensation in time: Effects of aging on tongue body kinematics in prosodic focus marking","Mücke Doris, Thies Tabea, Buech Phlipp, Furlani Noemi, Schreen Janine, Hermes Anne","prosodic prominence, aging, speech kinematics, hyper-articulation, vowel production",Special Session - The sounds of ageing,none,none,FALSE,https://www.internationalphoneticassociation.org/icphs-proceedings/ICPhS2023/full_papers/380.pdf
381,Amplitude envelopes as a means to study length contrasts: evidence from L1 and L2 Italian,"Einfeldt Marieke, Braun Bettina","Amplitude envelopes, consonantal length, cross-linguistic influence, Italian, GAMMs",Speech Acoustics,none,none,FALSE,https://www.internationalphoneticassociation.org/icphs-proceedings/ICPhS2023/full_papers/381.pdf
382,What’s that phthong? Automated classification of dialectal mono- and standard diphthongs,"Oppermann Simon, Siebenhaar Beat","DCT, random forest, diphthong, East Central German, lifespan change",Sociophonetic Variation,none,none,FALSE,https://www.internationalphoneticassociation.org/icphs-proceedings/ICPhS2023/full_papers/382.pdf
383,Investigating the Irish English PEN-PIN merger: patterns and origins,Tallon Kate,"Irish English, PEN-PIN merger, DRESS- raising, language contact, sound change",Phonetics of Sound Change,none,none,FALSE,https://www.internationalphoneticassociation.org/icphs-proceedings/ICPhS2023/full_papers/383.pdf
384,Effects of stress and segment position within a word on speech errors in Croatian,Vidović Zorić Ana,"Speech error, substitution, stress, position within a word, Croatian",Phonetic Psycholinguistics,none,none,FALSE,https://www.internationalphoneticassociation.org/icphs-proceedings/ICPhS2023/full_papers/384.pdf
385,What is a ‘substantial’ voice? An LTAS study on two Cantonese accents,"Wong Eugene, Fung Roxana","Cantonese, accents, voice quality, LTAS, sociophonetics INTRODUCTION 1.1. Hong Kong Cantonese and Guangzhou Cantonese Cantonese is a dialect of Chinese languages spoken in the southern part of China (mainly in Guangdong province) and in Hong Kong. There are two main accents of Cantonese: Hong Kong Cantonese (HKC), which is spoken in Hong Kong, and Guangzhou Cantonese (GZC), spoken in Guangzhou city. HKC and GZC are fully mutually intelligible as they share almost the same phonological system. However, native talkers claim that they have no difficulty in discerning the two accents. Although what phonetic features account for the identification of these two Cantonese variants have perplexed many minds, studies comparing the phonetic differences between the two accents are scare. One study examined the consonants, vowels and lexical tones in university students who spoke HKC and GZC [1]. The acoustic analyses showed that there were minimal differences in segmental features between the two accents. Unlike professional linguists, many native talkers, however, have been enthusiastically expressing their opinion on the internet. Laymen have pointed out many lexical differences between the two accents. As for pronunciation, their descriptions were very abstract. For instance, they described HKC as ‘soft, light, crispy and uplifting’; whereas GZC was “blunt, heavy, low, more cadence, giving people a ‘substantial’ feeling.” Their perceptual descriptions indeed point towards the voice quality domain. Translating into acoustic terms, the distinction between the two accents may be caused by the differences in muscular tension and excitation of glottal noise. The so-called ‘substantial’ feeling seems to be related to the resonating quality of the voices, induced by larynx height. 1.2. Voice quality and social information In fact, voice quality settings are considered the quasi-permanent features of someone’s voice and are a major component of one’s accent (see [2] and [3]). In a broad sense, voice quality features are the habitual settings of the larynx and the vocal tract when someone speaks. These articulatory settings may be constrained by the biological makeup of one’s vocal organs, yet they could still be shared by the individuals of a social group. Esling [4] remarks that voice quality characteristics reflect the accent of the entire social group, with individuals’ accent differing within the boundaries of the social norms. He further points out that native talkers are very good at detecting the speech patterns that do not originate in their community. The study by [5] was the first attempt to explore the phonetic differences between HKC and GZC in the voice quality domain. That study involved an acoustic analysis on speech samples produced by 24 talkers of the two accents across three age groups with balanced gender. A total of 864 CV syllables extracted from sentences produced in a reading task were analysed using six acoustic parameters, namely H1*-H2*, H2*-H4*, H1*-A1*, H1*-A2*, H1*-A3* and CPP. The results showed that there were differences in the phonation of the two accents. The measurements of all the acoustic parameters suggested that HKC was tenser than GZC, except H1*-H2*, which suggested the opposite. The seemingly contradicting results may be due to the small sample size or the nature of the speech samples. Although the vowels and tones were well controlled",Phonation and Voice Quality,none,none,FALSE,https://www.internationalphoneticassociation.org/icphs-proceedings/ICPhS2023/full_papers/385.pdf
386,Positional asymmetry in length and voicing cues in the alveolar plosives of Ikema Miyako Ryukyuan,"Shinohara Shigeko, Amelot Angelique, Hussain Qandeel","Initial geminate, laryngeal contrast, Ryukyuan, Ikema, alveolar plosive",Phonology-Phonetics Interface,none,none,FALSE,https://www.internationalphoneticassociation.org/icphs-proceedings/ICPhS2023/full_papers/386.pdf
387,An acoustic study of the fricative vowel in two endangered Ryukyuan languages,"Shinohara Shigeko, Shao Bowei","Fricative vowel, Ryukyuan, Endangered language, Zero-crossing rate, GAMM",Phonetics of Lesser Documented and Endangered Languages,none,none,FALSE,https://www.internationalphoneticassociation.org/icphs-proceedings/ICPhS2023/full_papers/387.pdf
388,Voiceless stops in syllable coda in Tuscan Italian,"Marotta Giovanna, Cossu Piero, Avano Giuditta","Italian, lenition, Tuscan, syllable, acoustics",Syllable,none,none,FALSE,https://www.internationalphoneticassociation.org/icphs-proceedings/ICPhS2023/full_papers/388.pdf
389,"Clear speech improves word recognition, but may increase listening effort","Meemann Kirsten, Smiljanic Rajka","listening effort, clear speech, speech perception, dual task",Speech Perception,none,none,FALSE,https://www.internationalphoneticassociation.org/icphs-proceedings/ICPhS2023/full_papers/389.pdf
390,Phonetic transcription of atypical speech: second or a foreign language,Carović Ines,"phonetic transcription, transcription training, perception of foreign language",Phonetics of Second and Foreign Language Acquisition,none,none,FALSE,https://www.internationalphoneticassociation.org/icphs-proceedings/ICPhS2023/full_papers/390.pdf
391,Aerodynamic parameters of ejectives and pulmonic stops,Solé Maria-Josep,"ejectives, oral pressure, oral flow",Speech Production and Speech Physiology,none,none,FALSE,https://www.internationalphoneticassociation.org/icphs-proceedings/ICPhS2023/full_papers/391.pdf
392,Noise does not affect weighing of speaker information in spoken-word recognition,"Reese Helen, Reinisch Eva","speech perception, speaker information, adverse conditions, noise",Speech Perception,none,none,FALSE,https://www.internationalphoneticassociation.org/icphs-proceedings/ICPhS2023/full_papers/392.pdf
393,The online processing of anticipatory tonal information in Standard Chinese by native and non-native listeners,"Hasanah Hana Nurul, Chen Yiya, Yang Qing","online speech processing, anticipatory tonal information, eye-tracking",Speech Perception,none,none,FALSE,https://www.internationalphoneticassociation.org/icphs-proceedings/ICPhS2023/full_papers/393.pdf
394,Implicit imitation of intonation contours in word shadowing,"Song Yu Jin, Clopper Cynthia G.","phonetic imitation, intonation, word shadowing, phonological abstraction",Speech Prosody,none,none,FALSE,https://www.internationalphoneticassociation.org/icphs-proceedings/ICPhS2023/full_papers/394.pdf
395,Vowel-initial words and glottalization: a corpus study of Chichicastenango K'iche',Wood Elizabeth,"Glottalization, corpus phonetics, K’iche’ (Mayan)",Phonation and Voice Quality,none,none,FALSE,https://www.internationalphoneticassociation.org/icphs-proceedings/ICPhS2023/full_papers/395.pdf
396,Effects of autonomic arousal and cognitive load on sensorimotor adaptation of voice,"Tomassi Nicole, Turashvili Dea, Williams Alyssa, Stepp Cara","Sensorimotor adaptation, voice, autonomic arousal",Speech Production and Speech Physiology,none,none,FALSE,https://www.internationalphoneticassociation.org/icphs-proceedings/ICPhS2023/full_papers/396.pdf
398,Cross-linguistic influence in the mid vowels of Hausa/Ekhwa speakers,"Bawa Emmanuel, Burdin Rachel, Cassiani Taylor","Hausa, Ekhwa, vowel length, language contact",Bilingual/Multilingual Phonetics,none,none,FALSE,https://www.internationalphoneticassociation.org/icphs-proceedings/ICPhS2023/full_papers/398.pdf
399,Towards a model of the listener in perception of queer speech,Bedin Cooper,"Sociophonetics, computational modeling, queer speech, cognitive modeling",Sociophonetic Variation,none,none,FALSE,https://www.internationalphoneticassociation.org/icphs-proceedings/ICPhS2023/full_papers/399.pdf
400,Enhancement of intonational contrasts in American English,"Cole Jennifer, Steffman Jeremy","intonation, contrast, nuclear tune, English",Speech Prosody,none,none,FALSE,https://www.internationalphoneticassociation.org/icphs-proceedings/ICPhS2023/full_papers/400.pdf
401,Vowel space and acoustic characteristics of stressed syllables in the two dialects of Kibushi: A pilote study,"Kassime Ahamada, Mori Miki, Hirsch Fabrice","kibushi, variations, dialects, vowel space, stressed syllables",Phonetics of Lesser Documented and Endangered Languages,none,none,FALSE,https://www.internationalphoneticassociation.org/icphs-proceedings/ICPhS2023/full_papers/401.pdf
402,A perceptual and acoustic study of melody in whispered Czech words,"Hanžlová Adléta, Bořil Tomáš","whisper, melody, absence of phonation, acoustic correlates of intonation, pitch perception",Speech Acoustics,none,none,FALSE,https://www.internationalphoneticassociation.org/icphs-proceedings/ICPhS2023/full_papers/402.pdf
403,Investigating predictors of foreign accentedness in L3 acquisition,"Wrembel Magdalena, Kaźmierski Kamil, Dziubalska-Kołaczyk Katarzyna, Weckwerth Jarosław, Cal Zuzanna","foreign accentedness, comprehensibility, predictors, raters, L3 acquisition",Phonetics of Second and Foreign Language Acquisition,none,none,FALSE,https://www.internationalphoneticassociation.org/icphs-proceedings/ICPhS2023/full_papers/403.pdf
404,Predicting intelligibility from pronunciation distance metrics,"Bent Tessa, Holt Rachael","Speech perception, intelligibility, non- native accents, regional accents",Speech Perception,none,none,FALSE,https://www.internationalphoneticassociation.org/icphs-proceedings/ICPhS2023/full_papers/404.pdf
406,Word position and stress combine to affect voice onset time in Hawaiian,"Davidson Lisa, Parker Jones 'Ōiwi","voice onset time, stops, Hawaiian, stress, word position",Phonetics of Lesser Documented and Endangered Languages,none,none,FALSE,https://www.internationalphoneticassociation.org/icphs-proceedings/ICPhS2023/full_papers/406.pdf
407,Prominence effects on Dutch low vowels,Bruggeman Anna,"vowel quality, prominence, variation, Dutch",Speech Acoustics,github,https://github.com/ambrug/Dutch_low_vowels,TRUE,https://www.internationalphoneticassociation.org/icphs-proceedings/ICPhS2023/full_papers/407.pdf
408,Evaluating discrete forensic voice evidence: a preliminary investigation based on filled pause occurrence,Carne Michael,"forensic voice comparison, likelihood ratios, filled pauses, speech disfluency",Forensic Phonetics and Speaker Characteristics,none,none,FALSE,https://www.internationalphoneticassociation.org/icphs-proceedings/ICPhS2023/full_papers/408.pdf
410,The effects of vision on speech production in children,"Menard Lucie, Turgeon Christine","speech production, speech development, multimodality, articulatory phonetics, vision",Phonetics of First Language Acquisition,none,none,FALSE,https://www.internationalphoneticassociation.org/icphs-proceedings/ICPhS2023/full_papers/410.pdf
411,Temporal determinants of phrasing in coordinated structures in Greek,"Nicolaidis Katerina, Baltazani Mary","prosodic phrasing, duration, pre- boundary lengthening, speech rate",Speech Prosody,none,none,FALSE,https://www.internationalphoneticassociation.org/icphs-proceedings/ICPhS2023/full_papers/411.pdf
412,F0-based Pairwise Variability Index: A Prosodic Metric for Holistic Language Processing,Chen Alvin Cheng-Hsien,"pitch variability, PVI, frequency effects, usage-based, spontaneous speech",Speech Prosody,none,none,FALSE,https://www.internationalphoneticassociation.org/icphs-proceedings/ICPhS2023/full_papers/412.pdf
413,Perception of English lexical stress in different intonations by Mandarin listeners,"Yang Tzu-Hsuan, Tremblay Annie","Second language acquisition, cue- weighting transfer, lexical stress, lexical tone",Phonetics of Second and Foreign Language Acquisition,none,none,FALSE,https://www.internationalphoneticassociation.org/icphs-proceedings/ICPhS2023/full_papers/413.pdf
415,Acoustic absement in detail: Quantifying acoustic differences in time-series speech data,Kelley Matthew,"spoken word recognition, speech technology, acoustics, acoustic absement",Speech Acoustics,zenodo,https://doi.org/10.5281/zenodo.7823844,TRUE,https://www.internationalphoneticassociation.org/icphs-proceedings/ICPhS2023/full_papers/415.pdf
416,Stop voicing and devoicing as articulatory tasks: A cross-linguistic RT-MRI study,"Zhang Yubin, Goldstein Louis","stop, voicing, articulation, French, English",Speech Production and Speech Physiology,none,none,FALSE,https://www.internationalphoneticassociation.org/icphs-proceedings/ICPhS2023/full_papers/416.pdf
417,The effects of gender and social class on the deaffrication of /ʤ/ in Jordanian Arabic,"Salman Amenah, Dalola Amanda","deaffrication, Jordanian Arabic, gender, social class, sociophonetics",Sociophonetic Variation,none,none,FALSE,https://www.internationalphoneticassociation.org/icphs-proceedings/ICPhS2023/full_papers/417.pdf
419,Acoustic correlates of metrical feet in two Yupik languages,"Alden McKinley, Arnhold Anja","Prosodic typology, stress, acoustics, North American languages, speech rhythm",Phonetics of Lesser Documented and Endangered Languages,none,none,FALSE,https://www.internationalphoneticassociation.org/icphs-proceedings/ICPhS2023/full_papers/419.pdf
420,Foreign-accented phonetic detail in L1 word processing: L1 Spanish L2 English listeners and English-accented Spanish,"Forst Hadley, Simonet Miquel","accented speech perception, phonetic detail, lexical representation, bilingualism, Spanish",Bilingual/Multilingual Phonetics,none,none,FALSE,https://www.internationalphoneticassociation.org/icphs-proceedings/ICPhS2023/full_papers/420.pdf
421,Grammatical tone in Kanise Khumi: exclusive/inclusive pronominal agreement,"Ikeda Elissa, Gehrmann Ryan","grammatical tone, pronominal agreement, Tibeto-Burman, Kuki-Chin, Khumi",Tone,none,none,FALSE,https://www.internationalphoneticassociation.org/icphs-proceedings/ICPhS2023/full_papers/421.pdf
424,An Electropalatographic study of the Singleton-Geminate contrast in Arabic,Issa Amel,"Electropalatography (EPG), gemination, articulatory data, Libyan Arabic, sonorant sounds",Laboratory Phonology,none,none,FALSE,https://www.internationalphoneticassociation.org/icphs-proceedings/ICPhS2023/full_papers/424.pdf
425,Nonnative accent adaptation in the initial moments and over a month,"Xie Xin, Kurumada Chigusa","Speech perception, nonnative (L2) accents, short- and long-term adaptation, repeated and incremental testing, computational modelling",Speech Perception,none,none,FALSE,https://www.internationalphoneticassociation.org/icphs-proceedings/ICPhS2023/full_papers/425.pdf
426,Intelligibility of Maritime English terms pronounced by Japanese deck cadets,"Uchida Yoko, Sugimoto Junko","intelligibility, Maritime English, ESP, pronunciation instruction, individual differences",Phonetics Pedagogy,none,none,FALSE,https://www.internationalphoneticassociation.org/icphs-proceedings/ICPhS2023/full_papers/426.pdf
428,An amodal study of phonological abstraction in early infancy,"Altuntas Eylem, Best Catherine T., Kalashnikova Marina, Götz Antonia, Burnham Denis K.","infant speech perception, phonological abstraction, language acquisition, artificial language training, perceptual learning",Speech Perception,none,none,FALSE,https://www.internationalphoneticassociation.org/icphs-proceedings/ICPhS2023/full_papers/428.pdf
429,Stop devoicing and place of articulation: a cross-linguistic investigation using large scale corpora,"Popescu Anisia, Hutin Mathilde, Vasilescu Ioana, Adda-Decker Martine, Lamel Lori","large corpora, voicing maintenance, automatic alignment, pronunciation variants, Romance languages",Speech Corpora and Big Data,none,none,FALSE,https://www.internationalphoneticassociation.org/icphs-proceedings/ICPhS2023/full_papers/429.pdf
430,L2 proficiency predicts L1 accentedness and comprehensibility,"Yazawa Kakeru, Pérez Ramón Rubén, Kondo Mariko","foreign accent, comprehensibility, proficiency, phonetic drift, nativelikeness",Bilingual/Multilingual Phonetics,none,none,FALSE,https://www.internationalphoneticassociation.org/icphs-proceedings/ICPhS2023/full_papers/430.pdf
432,The interaction of discourse markers with prosodic boundaries in ESP,"Ballier Nicolas, Henderson Alice, Méli Adrien, Arnold Taylor","English, discourse markers, paratones, prosodic boundaries, INTSINT",Speech Prosody,none,none,FALSE,https://www.internationalphoneticassociation.org/icphs-proceedings/ICPhS2023/full_papers/432.pdf
433,The impact of the intensity ratio between vowels and voiceless plosives on the intelligibility of sung text,"Meister Einar, Vurma Allan, Dede Tuuri, Kala Veeda, Meister Lya, Raju Marju, Ross Jaan","intelligibility, plosives, intensity, reverberation, masking",Speech Acoustics,zenodo,https://zenodo.org/record/3628247#.Y61fEHZBy5c,TRUE,https://www.internationalphoneticassociation.org/icphs-proceedings/ICPhS2023/full_papers/433.pdf
434,Fortis stops in Polish - evidence from acoustic measures of voice quality,"Schwartz Geoffrey, Asiaee Maral, Wojtkowiak Ewelina","laryngeal contrasts, phonetics-phonology interface, voice quality, Polish",Phonology-Phonetics Interface,none,none,FALSE,https://www.internationalphoneticassociation.org/icphs-proceedings/ICPhS2023/full_papers/434.pdf
435,Orthography and the mental lexicon: the effects of English silent letters on French learners,"Mouquet Marine, Mairano Paolo",second language acquisition; effects of orthography; silent letters; speech production; L2 phonology,Phonetics of Second and Foreign Language Acquisition,none,none,FALSE,https://www.internationalphoneticassociation.org/icphs-proceedings/ICPhS2023/full_papers/435.pdf
437,Intergestural CV timing of homophonous words with different morphological structures:A case study of liquid/l/ in Korean,"Lee Jiyoung, Kim Sahyang, Cho Taehong","intergestural timing, morphological structure, prosodic structure, Korean liquids, Articulatory Phonology",Laboratory Phonology,none,none,FALSE,https://www.internationalphoneticassociation.org/icphs-proceedings/ICPhS2023/full_papers/437.pdf
438,Discerning dimensions of quality for state of the art synthetic speech,"Seebauer Fritz, Kuhlmann Michael, Haeb-Umbach Reinhold, Wagner Petra","voice quality, voice conversion, text-to- speech, dimensions of quality, evaluation",Speech Technology,none,none,FALSE,https://www.internationalphoneticassociation.org/icphs-proceedings/ICPhS2023/full_papers/438.pdf
439,PlanArt: A modular platform for computational modeling of articulatory planning,"Turk Alice, Elie Benjamin, Šimko Juraj","speech articulation, articulatory mod- eling, speech production, planning, phonetics and phonology",Phonology-Phonetics Interface,none,none,FALSE,https://www.internationalphoneticassociation.org/icphs-proceedings/ICPhS2023/full_papers/439.pdf
440,Contact-induced tonogenesis in Hong Kong English,Yeung Ping Hei,"Tone, language contact, tonogenesis, sound change, English",Tone,none,none,FALSE,https://www.internationalphoneticassociation.org/icphs-proceedings/ICPhS2023/full_papers/440.pdf
441,Oro-facial expressions and acoustic cues in German questions,"Zygis Marzena, Sardhaei Nasim, Krifka Manfred","oro-facial expressions, acoustics, questions, German",Multimodal Phonetics,none,none,FALSE,https://www.internationalphoneticassociation.org/icphs-proceedings/ICPhS2023/full_papers/441.pdf
442,The urge to unmerge: a case of structural change across the lifespan,"Barnard Marc, Hellyer Robert James, Holmes-Elliott Sophie","lifespan change, sociophonetics, low back vowels, merger, plasticity",Sociophonetic Variation,none,none,FALSE,https://www.internationalphoneticassociation.org/icphs-proceedings/ICPhS2023/full_papers/442.pdf
443,Articulatory characteristics of the Japanese /r/: A real-time MRI study,Maekawa Kikuo,"Japanese /r/, Real-time MRI Articulatory Movement Database, place and manner of articulation",Speech Production and Speech Physiology,none,none,FALSE,https://www.internationalphoneticassociation.org/icphs-proceedings/ICPhS2023/full_papers/443.pdf
444,Can segmental detail influence prosodic analysis? The case of contractions in English,"Mitterer Holger, Kim Sahyang, Cho Taehong","prosody, perception, prosody-syntax interface, online mouse-tracking",Phonetic Psycholinguistics,none,none,FALSE,https://www.internationalphoneticassociation.org/icphs-proceedings/ICPhS2023/full_papers/444.pdf
446,Acoustic properties of bilabial trills in Mangbetu,Olson Kenneth,"bilabial trill, VOT, release, Central Sudanic, Mangbetu",Speech Acoustics,none,none,FALSE,https://www.internationalphoneticassociation.org/icphs-proceedings/ICPhS2023/full_papers/446.pdf
448,Temporal aspects of turn-taking in Zoom conversations,Xia Qiang,"Zoom-conversation, turn-taking, speech corpus, spontaneous speech",Phonetics of Conversation,none,none,FALSE,https://www.internationalphoneticassociation.org/icphs-proceedings/ICPhS2023/full_papers/448.pdf
449,Laughter patterns in multi-speaker conversation data: comparison between spontaneous laughter and intentional laughter,"Wang Kexin, Ishi Carlos, Hayashi Ryoko","laughter, individuality, spontaneous laughter, intentional laughter, laughter pattern",Phonation and Voice Quality,none,none,FALSE,https://www.internationalphoneticassociation.org/icphs-proceedings/ICPhS2023/full_papers/449.pdf
450,The effect of stress and speech rate on vowel quality in spontaneous Central Mexican Spanish,"Hernandez Laura A., Perry Scott James, Tucker Benjamin V.","Spanish, vowel space, spontaneous speech, lexical stress",Speech Acoustics,none,none,FALSE,https://www.internationalphoneticassociation.org/icphs-proceedings/ICPhS2023/full_papers/450.pdf
451,Measuring and modelling the duration of intervocalic alveolar taps in Peninsular Spanish,"Perry Scott James, Kelley Matthew C., Tucker Benjamin V.","Spanish, phonetic variation, acoustic measurement, speech production",Speech Acoustics,doi_other,https://doi.org/10.7939/r3-5k3f-4t63,TRUE,https://www.internationalphoneticassociation.org/icphs-proceedings/ICPhS2023/full_papers/451.pdf
453,Computational models for articulatory learning of English diphthongs: One dynamic target vs. two static targets,"Xu Anqi, Gerazov Branislav, van Niekerk Daniel, Krug Paul, Prom-on Santitham, Birkholz Peter, Xu Yi","diphthongs, computational modelling, articulatory synthesis, vocal learning, American English",Multimodal Phonetics,gitlab,https://gitlab.com/Anqi_Xu/dynamic_diphthongs,TRUE,https://www.internationalphoneticassociation.org/icphs-proceedings/ICPhS2023/full_papers/453.pdf
454,"The relation between pitch accent types, head movements and perceived prosodic prominence in L2 French","Baills Florence, Baumann Stefan, Rohrer Patrick","prominence, prosody, head movements, pitch accents, L2 speech",Multimodal Phonetics,osf,https://doi.org/10.17605/OSF.IO/ANKDX,TRUE,https://www.internationalphoneticassociation.org/icphs-proceedings/ICPhS2023/full_papers/454.pdf
456,Speaker discriminatory power of voice quality acoustics under forensic conditions,Chan Ricky K. W.,"Forensic voice comparison, voice quality, likelihood-ratio, speech style mismatch, non- contemporaneous recordings",Forensic Phonetics and Speaker Characteristics,none,none,FALSE,https://www.internationalphoneticassociation.org/icphs-proceedings/ICPhS2023/full_papers/456.pdf
457,Between-speaker syllable intensity variability in Persian,"Asadi Homa, Alinezhad Batool","speaker discrimination, intensity measures, vocal variability. I. INTRODUCTION Acoustic characteristics of voice with high variability between speakers and low variability within speakers are crucial to forensic speaker comparison (FSC) [1, 2, 3, 4]. In FSC, two samples of voices, a known and an unknown (disputed) sample, are compared to estimate the probability that the same speaker has produced the speech samples (same-speaker hypothesis) versus the probability that the speech samples have come from two different speakers (different-speaker hypothesis) [3]. This goal can be achieved by learning about acoustic parameters that discriminate between speakers well and show high stability within each speaker. Previous studies provided strong evidence that acoustic measures of speech rhythm based on the durational characteristics of consonantal and vocalic intervals as well as on the syllable intensity characteristics can help distinguish different speakers [5, 6, 7, 8]. It has been demonstrated that anatomical differences in the structural dimensions of speakers' articulators, as well as acquired idiosyncratic ways of operating their speech articulators to produce sounds, will significantly alter the acoustic characteristics of speech and could, therefore, result in a high degree of between-speaker variability in temporal aspects of speech [5, 6, 7, 9]. Rhythmic variability between speakers is largely influenced by intensity in acoustic signals. Empirical studies based on audiovisual experiments have shown that mouth-opening size and vocal intensity are highly correlated and that articulatory movements of the lips and mouth opening are reflected in the temporal structure of the amplitude envelope [10, 11, 12, 13]. Acoustically, between-speaker variability in syllable intensity was first investigated by [7, 14]. They argued that individual articulatory movements could lead to a high degree of speaker specificity, which can be reflected in the intensity aspects of speech signals. They applied different intensity measures to the speech corpora with speakers from Zürich German and North German and found enormous variability between speakers in the two databases. In addition to anatomical and learned differences that affect temporal characteristics of speech, cross- linguistic differences may also play a role in syllable intensity variability. It has been demonstrated that a language with a more phonotactically complex structure typically has a higher degree of intensity variability than languages with simpler structures [15]. Additionally, languages that allow vowel reduction have higher variability of syllable intensity because reduced vowels have lower amplitude envelopes, resulting in lower intensity levels in terms of mean intensity or peak intensity [16]. Another important factor affecting intensity is related to how lexical stress is signaled in a language. Languages that use intensity as an acoustic cue for signaling lexical stress have higher levels of intensity variability than those that do not utilize intensity for the production of stress [17]. Persian has a simple syllable structure of CV(C)(C), and it does not have a vowel reduction",Forensic Phonetics and Speaker Characteristics,none,none,FALSE,https://www.internationalphoneticassociation.org/icphs-proceedings/ICPhS2023/full_papers/457.pdf
458,Perception of metaphony: a comparison between two dialects of the Lausberg Area (southern Italy),Greca Pia,"Metaphony, perception, dialect variation, sound change, phonologisation",Speech Perception,none,none,FALSE,https://www.internationalphoneticassociation.org/icphs-proceedings/ICPhS2023/full_papers/458.pdf
459,Towards disfluency features for speech technology based automatic dementia classification,"Thomas Megan, Hollands Samuel, Blackburn Daniel, Christensen Heidi","Dementia, Disﬂuency, Speech Analytics, Classiﬁcation",Clinical Phonetics and Speech Disorders,none,none,FALSE,https://www.internationalphoneticassociation.org/icphs-proceedings/ICPhS2023/full_papers/459.pdf
460,Influences of multi-language experience on Mandarin consonant perception,"Chen Shuwen, Wong Janice W. S.","Speech perception, Mandarin consonants, Cantonese-English bilinguals",Phonetics of Second and Foreign Language Acquisition,none,none,FALSE,https://www.internationalphoneticassociation.org/icphs-proceedings/ICPhS2023/full_papers/460.pdf
462,Developing a corpus of audio-visual attitudinal expressions in Hindi,"Mixdorff Hansjörg, Nayan Navneet, Rilliard Albert, Rao Preeti, Ghosh Debashis","Attitudes, Hindi, audio-visual perception",Multimodal Phonetics,none,none,FALSE,https://www.internationalphoneticassociation.org/icphs-proceedings/ICPhS2023/full_papers/462.pdf
463,Improved formant frequency measurements in Praat,Weenink David,"Formant frequency measurement, variable ceiling, visualisation, trajectory smoothness",Speech Acoustics,none,none,FALSE,https://www.internationalphoneticassociation.org/icphs-proceedings/ICPhS2023/full_papers/463.pdf
464,Perceptual cues to ejective stops across languages,Percival Maida,"speech perception, ejectives, typology",Speech Perception,none,none,FALSE,https://www.internationalphoneticassociation.org/icphs-proceedings/ICPhS2023/full_papers/464.pdf
465,Perception of Tashlhiyt consonant quantity contrasts by native vs. nonnative listeners from three languages,"Hallé Pierre, Ridouane Rachid, Buech Philipp, Gao Jiayin, Chang Yueh-Chin, Hsieh Feng-Fan","geminate consonants, within-word posi- tion, Tashlhiyt, cross-linguistic speech perception",Laboratory Phonology,none,none,FALSE,https://www.internationalphoneticassociation.org/icphs-proceedings/ICPhS2023/full_papers/465.pdf
466,A biological investigation of performative speech through synthesis,"Lau Emily, Post Brechtje, Knill Kate","speech synthesis, emotional prosody, BIDs, performance, drama",Speech Technology,none,none,FALSE,https://www.internationalphoneticassociation.org/icphs-proceedings/ICPhS2023/full_papers/466.pdf
467,Intra- and intersegmental durational compensation of Korean plosives,Choi Yeongeun,"Korean plosives, Closure duration, Voice onset time, Vowel duration, Durational compensation",Laboratory Phonology,none,none,FALSE,https://www.internationalphoneticassociation.org/icphs-proceedings/ICPhS2023/full_papers/467.pdf
469,production Measuring Gradient Effects of Alcohol on Speech with Neural Networks’ Posterior Probability of Phonological Features,"Wayland Ratree, Tang Kevin, Wang Fenqi, Vellozzi Sophia, Sengupta Rahul","alcohol, deaffrication, palatalization, retraction, neural network",Special Session - Bridging linguistic and clinical perspectives through computational models of speech,osf,osf.io/y2r87,TRUE,https://www.internationalphoneticassociation.org/icphs-proceedings/ICPhS2023/full_papers/469.pdf
470,Korean listeners' weighting and integration of cues to the three-way korean stop contrast,"Kim Hyoju, Tremblay Annie, Cho Taehong","Korean laryngeal stop contrast, speech perception, cue weighting, cue integration",Speech Perception,none,none,FALSE,https://www.internationalphoneticassociation.org/icphs-proceedings/ICPhS2023/full_papers/470.pdf
471,Prosodic annotation of large speech corpora,Martin Philippe,"Spontaneous speech, concordancer, prosodic annotation, spectrogram, fundamental frequency",Speech Corpora and Big Data,none,none,FALSE,https://www.internationalphoneticassociation.org/icphs-proceedings/ICPhS2023/full_papers/471.pdf
472,Vowel Raising In Cotopaxi Quichuan Languages,"Onosson Sky, Stewart Jesse","Quichua, Media Lengua, vowels, acoustic phonetics, dialectal variation",Phonetics of Lesser Documented and Endangered Languages,none,none,FALSE,https://www.internationalphoneticassociation.org/icphs-proceedings/ICPhS2023/full_papers/472.pdf
473,"The first X-ray sound film (1935): its origins, impact and restoration","Ashby Michael, Angelika Braun",,Special Session - The history of phonetic sciences,none,none,FALSE,https://www.internationalphoneticassociation.org/icphs-proceedings/ICPhS2023/full_papers/473.pdf
474,Constructing a short reading passage with phonemic and phonetic coverage for Thai: Traimit passage,"Onsuwan Chutamanee, Bairerkdee Kanwara, Chonmahatrakul Nawasri, Duangmal Juthatip, Amornlaksananon Atita, Denmuenwong Pimchanok","Thai, phoneme, vowel, reading passage, speech data",Speech Acoustics,none,none,FALSE,https://www.internationalphoneticassociation.org/icphs-proceedings/ICPhS2023/full_papers/474.pdf
476,Voice types and voice quality in Japanese anime,"Ishi Carlos T., Utsugi Akira, Ota Ichiro","anime, voice quality, fundamental frequency, sub-band HNR, register",Sociophonetic Variation,none,none,FALSE,https://www.internationalphoneticassociation.org/icphs-proceedings/ICPhS2023/full_papers/476.pdf
477,Cross cultural perception of valence and arousal,"Erickson Donna, Rilliard Albert, Li Yongwei, Menezes Caroline, Kawahara Shigeto, Sadanobu Toshiyuki, Hayashi Ryoko, Shochi Takaaki, de Moraes João, Obert Kerrie","Cross-cultural, Valence, Arousal, Acoustic analysis, Voice quality",Phonation and Voice Quality,none,none,FALSE,https://www.internationalphoneticassociation.org/icphs-proceedings/ICPhS2023/full_papers/477.pdf
478,Developmental differences in intelligibility of unfamiliar accents,"Holt Rachael, Bent Tessa, Lind-Combs Holly, Kunath Audrey","Speech perception, intelligibility, children, non-native accents, unfamiliar accents",Speech Perception,none,none,FALSE,https://www.internationalphoneticassociation.org/icphs-proceedings/ICPhS2023/full_papers/478.pdf
479,The effect of F0 and post-focal compression on the perception of narrow focus in Hebrew,"Amir Noam, Anavi Ori, Deouell Ella, Mixdorff Hansjoerg, Sliber-Varod Vered","Narrow Focus, Fujisaki Model, Post Focal Compression",Speech Prosody,none,none,FALSE,https://www.internationalphoneticassociation.org/icphs-proceedings/ICPhS2023/full_papers/479.pdf
480,Prosodic word as the domain of breathiness: Evidence from disyllabic words in Kunshan Wu,"Xu Wenwei, Mok Peggy","phonation, voice quality, breathy voice, tone sandhi, Wu Chinese",Phonation and Voice Quality,none,none,FALSE,https://www.internationalphoneticassociation.org/icphs-proceedings/ICPhS2023/full_papers/480.pdf
481,Demystifying heritage accent: Heritage accent perceived by heritage speakers,"Kim Joo Kyeong, Kim Ji Young, Carter John, Choi Jenny","heritage accent, accent rating, resynthesized speech, heritage speaker raters",Bilingual/Multilingual Phonetics,none,none,FALSE,https://www.internationalphoneticassociation.org/icphs-proceedings/ICPhS2023/full_papers/481.pdf
482,The production of Mandarin /r/ by early and late Japanese-Mandarin bilinguals: articulatory and acoustic findings,"Zhu Zhiqiang, Mok Peggy","Mandarin /r/, Japanese learners, simultaneous bilingual, articulation, speech acquisition",Bilingual/Multilingual Phonetics,none,none,FALSE,https://www.internationalphoneticassociation.org/icphs-proceedings/ICPhS2023/full_papers/482.pdf
483,An articulatory study of the word-initial /stɹ/ cluster in British English,Nakamura Mitsuhiro,"/s/-retraction, EPG, EMA, MOCHA- TIMIT",Speech Production and Speech Physiology,none,none,FALSE,https://www.internationalphoneticassociation.org/icphs-proceedings/ICPhS2023/full_papers/483.pdf
484,Gender-related variation of nasality and sound change of denasalization driven by prosodic boundaries in Seoul Korean,"Lee Jungah, Cho Taehong, Kim Sahyang","nasalization, denasalization, Korean, prosodic boundary, sound change",Speech Prosody,osf,https://osf.io/ecm6s/,TRUE,https://www.internationalphoneticassociation.org/icphs-proceedings/ICPhS2023/full_papers/484.pdf
485,Infant Directed Speech expands F1/F2 space for /i a u/: But what happens to central vowels /ɜ ʊ/ in Australian English?,"Götz Antonia, Altuntas Eylem, Swinfield Nicole, Burnham Denis K., Best Catherine T.","infant-directed speech, central vowels, speech production, vowel hyperarticulation",Speech Acoustics,none,none,FALSE,https://www.internationalphoneticassociation.org/icphs-proceedings/ICPhS2023/full_papers/485.pdf
488,Phonetic realizations of neutral tones in wuhan chinese disyllabic words,ZHOU Duanchi,"neutral tone, Wuhan Chinese, cluster analysis",Tone,none,none,FALSE,https://www.internationalphoneticassociation.org/icphs-proceedings/ICPhS2023/full_papers/488.pdf
489,An acoustic analysis of Berlin database of emotional speech based on bio-informational dimensions,"Cai Zhengyang, Xu Yi","acoustic parameters, bio-informational dimensions theory, correlation analysis, emotional expressions",Phonetics of Affective Speech,none,none,FALSE,https://www.internationalphoneticassociation.org/icphs-proceedings/ICPhS2023/full_papers/489.pdf
490,Stop voicing in two settler communities on the Canadian Prairies,"Pfiffner Alexandra, Rosen Nicole","Stop voicing, VOT, Canadian English, sociophonetics",Sociophonetic Variation,none,none,FALSE,https://www.internationalphoneticassociation.org/icphs-proceedings/ICPhS2023/full_papers/490.pdf
491,"Front vowel patterning in the Interlake region of Manitoba, Canada","Rosen Nicole, Sullivan Lisa","Canadian English, Low Back Merger Shift, phonetics, sociophonetics, Pre-velar raising",Sociophonetic Variation,none,none,FALSE,https://www.internationalphoneticassociation.org/icphs-proceedings/ICPhS2023/full_papers/491.pdf
492,A Perception Study on Voice Quality and Stance in Mandarin Chinese,"Li Qiuyuan, Mok Peggy","voice quality, Mandarin, stance, sociophonetics",Phonation and Voice Quality,none,none,FALSE,https://www.internationalphoneticassociation.org/icphs-proceedings/ICPhS2023/full_papers/492.pdf
493,Perceiving speech produced with face masks in competing talker environments,"Chiu Faith, Bartoseviciute Laura, Lee Albert, Yao Yujia","face masks, competing talker, speech perception",Speech Perception,none,none,FALSE,https://www.internationalphoneticassociation.org/icphs-proceedings/ICPhS2023/full_papers/493.pdf
495,How gender affects immigrants’ accent variation--An acoustic study on Hunan immigrants in Beijing,"ZOU Ziyan, YOU Shuxiang",er suffixation; gender; sociolinguistic； accent variation,Sociophonetic Variation,none,none,FALSE,https://www.internationalphoneticassociation.org/icphs-proceedings/ICPhS2023/full_papers/495.pdf
496,Word-level and syllable-level predictability effects on syllable duration in Taiwan Mandarin,"Wang Sheng-Fu, Tseng Shu-Chuan","predictability, Mandarin, syllable, duration, word",Speech Prosody,none,none,FALSE,https://www.internationalphoneticassociation.org/icphs-proceedings/ICPhS2023/full_papers/496.pdf
497,Boundary-driven account for downstep in Japanese,"Furukawa Kei, Nakamura Satoshi","downstep, Japanese, prosodic phrasing, boundary-driven downstep, PPhrase",Speech Prosody,none,none,FALSE,https://www.internationalphoneticassociation.org/icphs-proceedings/ICPhS2023/full_papers/497.pdf
498,The Interaction of Intonation Boundary and Lexical Tones under Two Focus Conditions in the Wuzhi Dialect of Chinese,"Zhu Yuzhu, Li Zhiqiang, Li Aijun","intonation boundary, lexical tones, broad and narrow focus, Wuzhi",Speech Prosody,none,none,FALSE,https://www.internationalphoneticassociation.org/icphs-proceedings/ICPhS2023/full_papers/498.pdf
499,Distributional learning and overnight consolidation of a difficult non-native tone contrast,"CHUI Yin To, QIN Zhen","Distributional training, overnight consolidation, lexical tone, Mandarin",Phonetics of Second and Foreign Language Acquisition,none,none,FALSE,https://www.internationalphoneticassociation.org/icphs-proceedings/ICPhS2023/full_papers/499.pdf
500,Tone change in Mandarin: Comparing acoustic analyses from the early 20th century to today,Yang Cathryn,"Tone change, real-time study, Mandarin, archival recordings, phonetically-grounded sound change",Tone,zenodo,10.5281/zenodo.7509125,TRUE,https://www.internationalphoneticassociation.org/icphs-proceedings/ICPhS2023/full_papers/500.pdf
501,Static and dynamic features of English monophthongal vowels production by Hijazi Arabic L2 learners,"Almurashi Wael, Al-Tamimi Jalal, Khattab Ghada","Static cues, dynamic cues, discriminant analysis, second language learning, Hijazi Arabic",Phonetics of Second and Foreign Language Acquisition,none,none,FALSE,https://www.internationalphoneticassociation.org/icphs-proceedings/ICPhS2023/full_papers/501.pdf
502,Production and Perception of Long and Short Vowel Contrast in Mongolian,"Min Ao, Baiyila Dahu, Li Aijun","Mongolian, long-short vowel contrast, acoustic feature, categorical perception",Speech Perception,none,none,FALSE,https://www.internationalphoneticassociation.org/icphs-proceedings/ICPhS2023/full_papers/502.pdf
503,Perception-production mismatch in L1 drift,"Sypiańska Jolanta, Cal Zuzanna","L1 drift, perception, production, aspirating language, true voicing language",Bilingual/Multilingual Phonetics,none,none,FALSE,https://www.internationalphoneticassociation.org/icphs-proceedings/ICPhS2023/full_papers/503.pdf
504,Logarithmic durations for classifying and predicting Japanese voiced and voiceless plosives,"Yamakawa Kimiko, Amano Shigeaki, Kondo Mariko","Japanese, voiced and voiceless plosives, category boundary, logarithmic duration",Phonetic Psycholinguistics,none,none,FALSE,https://www.internationalphoneticassociation.org/icphs-proceedings/ICPhS2023/full_papers/504.pdf
505,Convergence of creaky voice use in Australian English,"White Hannah, Gibson Andy, Penney Joshua, Szakay Anita, Cox Felicity","Phonetic accommodation, creaky voice, voice quality, Australian English",Phonation and Voice Quality,none,none,FALSE,https://www.internationalphoneticassociation.org/icphs-proceedings/ICPhS2023/full_papers/505.pdf
506,Speaker idiosyncratic intensity and mouth opening-closing variations: the case of English,"Zhang Yu, He Lei, Dellwo Volker","speaker idiosyncrasy, intensity variability, mouth opening-closing variability, English",Forensic Phonetics and Speaker Characteristics,osf,https://osf.io/n7jcu,TRUE,https://www.internationalphoneticassociation.org/icphs-proceedings/ICPhS2023/full_papers/506.pdf
507,Markerless tongue pose estimation in cross-linguistic spoken and mimed speech using ultrasound,"Lukose Annslin Maria, Gully Amelia, Bailey George","Ultrasound tongue imaging, pose estimation, Geometric morphometrics, mimed speech",Speech Production and Speech Physiology,none,none,FALSE,https://www.internationalphoneticassociation.org/icphs-proceedings/ICPhS2023/full_papers/507.pdf
508,Automatic sound event detection and classification of great ape calls using neural networks,"Jiang Zifan, Soldati Adrian, Schamberg Isaac, Lameira Adriano, Moran Steven","sound event detection, neural networks, primatology, phonetics, computational linguistics",Speech Technology,github,https://github.com/J22Melody/sed_great_ape,TRUE,https://www.internationalphoneticassociation.org/icphs-proceedings/ICPhS2023/full_papers/508.pdf
509,Age- and gender-based variation in the perception of voicing contrast in Tokyo Japanese,"Kang Yoonjung, Hirayama Manami","Japanese, sound change, perception, VOT, F0",Phonetics of Sound Change,none,none,FALSE,https://www.internationalphoneticassociation.org/icphs-proceedings/ICPhS2023/full_papers/509.pdf
510,The role of intonation type and stress position in native Mandarin speakers' perception of English lexical stress,"Zhou Weijing, Nolan Francis, Jing jiawei, Gong Jian",intonation type; stress position; English lexical stress perception; native Mandarin speakers,Phonetics of Second and Foreign Language Acquisition,none,none,FALSE,https://www.internationalphoneticassociation.org/icphs-proceedings/ICPhS2023/full_papers/510.pdf
511,An acoustic study of V-to-V coordination within and across words in French,"Yildiz Alice, D'Alessandro Daria, Oh Sejin, Hermes Anne, Fougeron Cécile","anticipatory V-to-V coarticulation, V-to- V duration, inter-syllabic coordination, consonantal constraint, variability",Speech Prosody,none,none,FALSE,https://www.internationalphoneticassociation.org/icphs-proceedings/ICPhS2023/full_papers/511.pdf
512,Variations of focus prominence in three tone languages,"Li Katrina Kechun, Nolan Francis, Post Brechtje","prosodic focus, prosodic typology, metrical structure, tone languages, Chinese languages",Speech Prosody,none,none,FALSE,https://www.internationalphoneticassociation.org/icphs-proceedings/ICPhS2023/full_papers/512.pdf
514,Investigating the relationship between prosodic entrainment and interaction style,"Kruyt Joanna, Huttner Lena-Marie, O'Mahony Johannah","entrainment, convergence, involvement, interaction style, conversation style",Phonetics of Conversation,none,none,FALSE,https://www.internationalphoneticassociation.org/icphs-proceedings/ICPhS2023/full_papers/514.pdf
515,Increasing aspiration of Swiss German plosives: a sound change in progress?,"Zebe Franka, Watter Camille, Schmid Stephan","VOT, aspiration, sound change, Swiss German, Zurich German",Phonetics of Sound Change,none,none,FALSE,https://www.internationalphoneticassociation.org/icphs-proceedings/ICPhS2023/full_papers/515.pdf
516,Intermingling tone systems: the relationship of Nanning Mandarin to Nanning Cantonese and Standard Mandarin,"Hou Xinzi, Zhao Liang, Chodroff Eleanor","lexical tone, dialects, intermingling communities, Mandarin, Cantonese",Tone,none,none,FALSE,https://www.internationalphoneticassociation.org/icphs-proceedings/ICPhS2023/full_papers/516.pdf
517,Contribution of wavelet-based features to identification of overlapping Azerbaijani vowels using machine learning,Ghaffarvand-Mokari Payam,"Azerbaijani, vowels, wavelet packets, formants, machine learning",Speech Acoustics,none,none,FALSE,https://www.internationalphoneticassociation.org/icphs-proceedings/ICPhS2023/full_papers/517.pdf
518,Rime changes and mergers in Beijing retroflex suffixation: an acoustic study,"Wang Yutong, Sabev Mitko","Beijing Mandarin, retroflex suffixation, vowel merger, incomplete neutralisation",Speech Acoustics,none,none,FALSE,https://www.internationalphoneticassociation.org/icphs-proceedings/ICPhS2023/full_papers/518.pdf
519,The role of creaky voice in Cantonese tonal production,Ho Chu Yan,"creaky voice, lexical tones, F0, Cantonese, tone production",Phonation and Voice Quality,none,none,FALSE,https://www.internationalphoneticassociation.org/icphs-proceedings/ICPhS2023/full_papers/519.pdf
520,Mandarin question intonation patterns in the production of Hungarian learners of Chinese,"Juhász Kornélia, Bartos Huba","Mandarin Chinese, tonal and atonal languages, L2 intonation production",Speech Prosody,none,none,FALSE,https://www.internationalphoneticassociation.org/icphs-proceedings/ICPhS2023/full_papers/520.pdf
521,The development of audiovisual speech perception in Mandarin-speaking children,"WENG YI, PENG Gang",Audiovisual speech perception; Mandarin-speaking children; developmental shift; McGurk effect,Multimodal Phonetics,none,none,FALSE,https://www.internationalphoneticassociation.org/icphs-proceedings/ICPhS2023/full_papers/521.pdf
522,Low density Assamese alveolar stops show greater coarticulatory resistance compared to labials and velars,"Thakuria Abhilasha, Gogoi Pamir, Dutta Indranil","Coarticulatory resistance, Locus Equations, Contrast, Assamese",Speech Acoustics,none,none,FALSE,https://www.internationalphoneticassociation.org/icphs-proceedings/ICPhS2023/full_papers/522.pdf
523,Does talker variability help adults learn novel words?,"Abu El Adas Sandy, Yen Ivy, Levi Susannah","speech processing, talker processing, phonetic variability, individual differences",Speech Perception,none,none,FALSE,https://www.internationalphoneticassociation.org/icphs-proceedings/ICPhS2023/full_papers/523.pdf
524,Disyllabic tones in Mandarin preschool children and child-directed speech,"Wang Zhiwei, Li Aijun, Gao Jun","Lexical tone acquisition, Disyllabic tones, Mandarin-speaking preschoolers, child-directed speech",Tone,none,none,FALSE,https://www.internationalphoneticassociation.org/icphs-proceedings/ICPhS2023/full_papers/524.pdf
525,Prak: An automatic phonetic alignment tool for Czech,"Hanžl Václav, Hanžlová Adléta","phonetic alignment, segmentation, PyTorch, Czech, Praat",Speech Technology,github,github.com/vaclavhanzl/prak,TRUE,https://www.internationalphoneticassociation.org/icphs-proceedings/ICPhS2023/full_papers/525.pdf
526,Sound change in the lab: Exposure-induced vocalic chain shifts,"Podlipský Václav Jonáš, Olejarczuk Paul","perceptual recalibration, generalization of adaptation, chain shifts, English vowels",Speech Perception,osf,https://osf.io/czu5g/,TRUE,https://www.internationalphoneticassociation.org/icphs-proceedings/ICPhS2023/full_papers/526.pdf
527,Logarithmic durations for classifying and predicting Japanese short and long vowels,"Amano Shigeaki, Hirata Yukari, Yamakawa Kimiko","Japanese, short and long vowels, category boundary, logarithmic duration",Phonetic Psycholinguistics,none,none,FALSE,https://www.internationalphoneticassociation.org/icphs-proceedings/ICPhS2023/full_papers/527.pdf
528,The effect of learning context on Mandarin listeners‘ perception of English vowels,"Lu Jiayi, Ota Mitsuhiko","vowel perception, second/foreign language learning, Perceptual Assimilation Model",Phonetics of Second and Foreign Language Acquisition,none,none,FALSE,https://www.internationalphoneticassociation.org/icphs-proceedings/ICPhS2023/full_papers/528.pdf
529,A study on tones in Jiuhe Bai produced by Naxi speakers,"Wan Meihao, Wang Feng","Bai, tone, Naxi, phonation",Phonetics of Lesser Documented and Endangered Languages,none,none,FALSE,https://www.internationalphoneticassociation.org/icphs-proceedings/ICPhS2023/full_papers/529.pdf
530,Change across the lifespan in GOAT: Evidence from a panel study of Tyneside English,"Bauernfeind Lea, Ahrens Carina, Grama James","panel study, lifespan change, Tyneside English, auditory and acoustic methods, GOAT",Special Session - The sounds of ageing,none,none,FALSE,https://www.internationalphoneticassociation.org/icphs-proceedings/ICPhS2023/full_papers/530.pdf
532,Voice quality is not an obligatory stage in tonogenesis: A case study of Eastern Khmu,Maspong Sireemas,"Tonogenesis, Register, Tone, Voice quality, Vowel height, Khmu",Phonetics of Sound Change,none,none,FALSE,https://www.internationalphoneticassociation.org/icphs-proceedings/ICPhS2023/full_papers/532.pdf
535,The absence of pauses in spoken narratives and memory recall,"Volín Jan, Šturm Pavel","pause, memory, recall, prosodic structure, temporal organization",Speech Prosody,none,none,FALSE,https://www.internationalphoneticassociation.org/icphs-proceedings/ICPhS2023/full_papers/535.pdf
537,Perceptual effects of aliasing distortion in glottal flow modelling,"Wang Zihan, Gobl Christer","glottal flow, voice source generator, aliasing distortion, LF model, voice quality",Phonation and Voice Quality,none,none,FALSE,https://www.internationalphoneticassociation.org/icphs-proceedings/ICPhS2023/full_papers/537.pdf
538,Investigating native Chinese speakers’ identification of English consonants in noise,"Sheng Kai, Gong Jian, Sun Yuhong, Zhang Weizhong, Zhou Weijing, Wang Feng","L2 consonant perception, perception in noise, language independent",Speech Perception,none,none,FALSE,https://www.internationalphoneticassociation.org/icphs-proceedings/ICPhS2023/full_papers/538.pdf
539,Articulatory Correlates of Stop Phonation in L1 Korean and L2 English,"Yun Gwanhi, Sung Jae-Hyun","stop phonation, tongue root advancement, ultrasound imaging, Korean, English",Laboratory Phonology,none,none,FALSE,https://www.internationalphoneticassociation.org/icphs-proceedings/ICPhS2023/full_papers/539.pdf
541,Modality Effects on Emotion Perception in English by Chinese L2 English Users: An Eye-tracking Study,"Liu Xiazhen, Zhou Weijing, Nolan Francis","modality effects, emotion perception, Chinese L2 English users, eye-tracking",Phonetics of Affective Speech,none,none,FALSE,https://www.internationalphoneticassociation.org/icphs-proceedings/ICPhS2023/full_papers/541.pdf
542,An acoustic study of tone sandhi in Lishui Wu,"LAN WUPENG, CHEN XIAOCONG, ZHANG CAICAI","Tone sandhi, Lishui Wu, age, lexicality",Tone,none,none,FALSE,https://www.internationalphoneticassociation.org/icphs-proceedings/ICPhS2023/full_papers/542.pdf
543,The effect of prosodic prominence on diphthong reduction in Taiwan Mandarin spontaneous speech–using /aɪ/ as an example,"Chen Chieh-Ching, Fon Janice","vowel reduction, diphthong, prosodic prominence, spontaneous speech, Taiwan Mandarin",Speech Prosody,none,none,FALSE,https://www.internationalphoneticassociation.org/icphs-proceedings/ICPhS2023/full_papers/543.pdf
544,The effects and interaction of age and region on the acoustic realization of the Korean stop contrast,"Holliday Jeffrey, Kong Eun Jong, Lee Hyunjung","sound change, Korean stop production, acoustic cue weighting, mobile speakers",Phonetics of Sound Change,none,none,FALSE,https://www.internationalphoneticassociation.org/icphs-proceedings/ICPhS2023/full_papers/544.pdf
545,Initial curvature of pitch contour affects fine-grained lexical tone perception of Mandarin but not Cantonese,"YE Yanyuan, RONG Yicheng, PENG Gang",initial curvature; fine-grained perception; lexical tones; Mandarin and Cantonese,Speech Perception,none,none,FALSE,https://www.internationalphoneticassociation.org/icphs-proceedings/ICPhS2023/full_papers/545.pdf
548,Acoustic properties of palatalized consonants in Japanese,Tanaka Yu,"Palatalization, F2, CoG, VOT, Japanese",Phonology-Phonetics Interface,none,none,FALSE,https://www.internationalphoneticassociation.org/icphs-proceedings/ICPhS2023/full_papers/548.pdf
549,Prosodic boundary strength and phrase-initial syllable duration,"Kentner Gerrit, Franz Isabelle, Knoop Christine, Menninghaus Winfried",syllable duration; prosodic boundary; anacrusis; initial strengthening,Speech Prosody,none,none,FALSE,https://www.internationalphoneticassociation.org/icphs-proceedings/ICPhS2023/full_papers/549.pdf
551,The effects of voiced stops on adjacent vowel duration in Japanese,"Ishibashi Shoji, Koya Shonosuke","voicing effect, vowel length, Japanese, speech production",Speech Acoustics,none,none,FALSE,https://www.internationalphoneticassociation.org/icphs-proceedings/ICPhS2023/full_papers/551.pdf
555,Phonological network properties of nonwords influence their learnability,Turnbull Rory,"lexical effects, network structure, word learning, acquisition",Phonetic Psycholinguistics,none,none,FALSE,https://www.internationalphoneticassociation.org/icphs-proceedings/ICPhS2023/full_papers/555.pdf
556,Prosody of corrective focus in Japanese complex DPs,"Chan Le Xuan, Furusawa Rina, Tsujita Rin, Lee Seunghun","Japanese, complex DP, prosody, focus, accent change",Speech Prosody,none,none,FALSE,https://www.internationalphoneticassociation.org/icphs-proceedings/ICPhS2023/full_papers/556.pdf
559,Nasal coda merger in Hangzhou Mandarin: a dynamic ultrasound study,"Huang Yin, Ma Liang, Carignan Christopher","Ultrasound, nasal coda, merger, Mandarin varieties",Speech Production and Speech Physiology,none,none,FALSE,https://www.internationalphoneticassociation.org/icphs-proceedings/ICPhS2023/full_papers/559.pdf
560,Perception and imitation of period doubling,Huang Yaqian,"f0, period doubling, pitch, tone, voice",Speech Perception,none,none,FALSE,https://www.internationalphoneticassociation.org/icphs-proceedings/ICPhS2023/full_papers/560.pdf
561,Acoustic properties of the four-way laryngeal contrast in Bengali infant directed speech,Narkar Jahnavi,"Infant directed speech, laryngeal contrast, acoustic cues, VOT",Speech Acoustics,none,none,FALSE,https://www.internationalphoneticassociation.org/icphs-proceedings/ICPhS2023/full_papers/561.pdf
562,/s/-lenition and resyllabification in Southern Cone Spanishes,"Marchini Gilly, Ramsammy Michael","Vowel reduction, /s/-debuccalisation, Southern Cone Spanish",Laboratory Phonology,none,none,FALSE,https://www.internationalphoneticassociation.org/icphs-proceedings/ICPhS2023/full_papers/562.pdf
563,Aging effects on sentence-length velocity distribution characteristics of the tongue and jaw,"Raines Claudia, Thies Tabea, Ding Angela, Mefferd Antje","speech kinematics, aging effects, speaking rate, articulatory control",Phonetic Neurolinguistics,none,none,FALSE,https://www.internationalphoneticassociation.org/icphs-proceedings/ICPhS2023/full_papers/563.pdf
565,Does gemination resist linguistic attrition? A study on Italian migrant speech in Melbourne Australia,"De Iacovo Valentina, Mairano Paolo, Hajek John","gemination, L1 attrition, speech production, bilingualism, Italian",Bilingual/Multilingual Phonetics,none,none,FALSE,https://www.internationalphoneticassociation.org/icphs-proceedings/ICPhS2023/full_papers/565.pdf
566,Exploring second language attitudinal prosody with a machine learning approach,"Xu Xiaolin, Grenon Izabelle","second language acquisition, attitudinal prosody, SVM,L1 transfer, pitch",Phonetics of Second and Foreign Language Acquisition,none,none,FALSE,https://www.internationalphoneticassociation.org/icphs-proceedings/ICPhS2023/full_papers/566.pdf
567,Context-induced phonetic shift in Silesian Czech speakers,"Šimáčková Šárka, Podlipský Václav Jonáš","Silesian Czech, vowel duration, accent recognition, accommodation",Sociophonetic Variation,none,none,FALSE,https://www.internationalphoneticassociation.org/icphs-proceedings/ICPhS2023/full_papers/567.pdf
568,Exploring global and local articulation rate entrainment in typical and atypical speakers,"Eijk Lotte, Stankova Stefany, Meekings Sophie",entrainment; articulation rate; stuttering; interaction,Phonetics of Conversation,none,none,FALSE,https://www.internationalphoneticassociation.org/icphs-proceedings/ICPhS2023/full_papers/568.pdf
569,How variable are English sibilants?,"Sonderegger Morgan, Stuart-Smith Jane, Mielke Jeff, SPADE Consortium The","sibilants, corpus phonetics, variability, sociophonetics, spectral analysis",Speech Corpora and Big Data,osf,https://doi.org/10.17605/OSF.IO/XUBQM,TRUE,https://www.internationalphoneticassociation.org/icphs-proceedings/ICPhS2023/full_papers/569.pdf
570,Connected speech strategies at word boundaries: taps and glottal stops in RP,Sánchez-Leira Ana,"t-tapping, glottal stops, word boundaries, connected speech",Sociophonetic Variation,none,none,FALSE,https://www.internationalphoneticassociation.org/icphs-proceedings/ICPhS2023/full_papers/570.pdf
571,Perceptual similarity space of Serbian lexical pitch accents: evidence from Serbian and French listeners,"Nikolić Dušan, Winters Stephen","lexical pitch accents, perceptual space, Serbian, French, free classification task",Speech Perception,none,none,FALSE,https://www.internationalphoneticassociation.org/icphs-proceedings/ICPhS2023/full_papers/571.pdf
572,Nativeness and intelligibility of Japanese accented English consonants by French listeners,"PEREZ-RAMON RUBEN, KONDO MARIKO, DETEY SYLVAIN, FONTAN LIONEL, AMAND MAELLE, KAMIYAMA TAKEKI","perception, foreign accent, intelligibility, consonants",Phonetics of Second and Foreign Language Acquisition,none,none,FALSE,https://www.internationalphoneticassociation.org/icphs-proceedings/ICPhS2023/full_papers/572.pdf
574,Articulation of the nasal vowels in Shanghai Chinese,"Chen Changhe, Havenhill Jonathan","nasal vowel, Shanghai Chinese, ultrasound, EGG, nasalance",Speech Production and Speech Physiology,none,none,FALSE,https://www.internationalphoneticassociation.org/icphs-proceedings/ICPhS2023/full_papers/574.pdf
575,Objective versus perceived proficiency in pronunciation assessment of phonetic detail in advanced L2 English learners,"Romero Joaquín, Quesada Vázquez Leticia","Pronunciation assessment, phonetic detail, comprehensibility, accentedness",Phonetics Pedagogy,none,none,FALSE,https://www.internationalphoneticassociation.org/icphs-proceedings/ICPhS2023/full_papers/575.pdf
577,Intrinsic fundamental frequency differences in two tonal Austronesian languages,"Arnold Laura, Gao Jiayin, Kirby James","Austronesian, intrinsic fundamental frequency, vowels, tone, production",Phonetics of Lesser Documented and Endangered Languages,none,none,FALSE,https://www.internationalphoneticassociation.org/icphs-proceedings/ICPhS2023/full_papers/577.pdf
578,Characterizing rhythm in dysarthric speech using the temporal envelope,"San Segundo Fernández Eugenia, Delgado Jonathan, He Lei","dysarthria, rhythm, temporal envelope, Spanish, binomial logistic regression",Clinical Phonetics and Speech Disorders,osf,https://osf.io/3z9uq,TRUE,https://www.internationalphoneticassociation.org/icphs-proceedings/ICPhS2023/full_papers/578.pdf
580,Does learning English vowels aid the perception of English stress for learners with small vowel inventory background?,"Allehyani Manal, Smith Rachel, Cohen Clara","stress perception, vowel perception, signal detection theory, language acquisition, Arabic",Speech Perception,none,none,FALSE,https://www.internationalphoneticassociation.org/icphs-proceedings/ICPhS2023/full_papers/580.pdf
581,Accommodation to vocal pitch in children with autism,"Hu Anqi, Qi Zhenghan, Franich Kathryn","speech accommodation, f0, pitch, convergence, imitation, autism, speech development",Clinical Phonetics and Speech Disorders,none,none,FALSE,https://www.internationalphoneticassociation.org/icphs-proceedings/ICPhS2023/full_papers/581.pdf
582,Aspiration length and intensity as potential acoustic cues to [voice] in final position: evidence from Shughni,Makarov Yury,"neutralization, final devoicing, aspiration, acoustic cues, Iranian languages",Phonology-Phonetics Interface,none,none,FALSE,https://www.internationalphoneticassociation.org/icphs-proceedings/ICPhS2023/full_papers/582.pdf
583,Investigating sound change through computational agent-based modelling: An R package,"Cronenberg Johanna, Gubian Michele, Harrington Jonathan, Reichel Vanessa","sound change, agent-based modelling, exemplar theory, selective memorisation",Phonetics of Sound Change,none,none,FALSE,https://www.internationalphoneticassociation.org/icphs-proceedings/ICPhS2023/full_papers/583.pdf
584,Acoustic characteristics of dog-directed speech: The role of individual empathy level and personality traits,"Nuscheler Jasmin Devi, Elsässer Nathalie, Braun Angelika, Zahner-Ritter Katharina","dog-directed speech, acoustic features, individual variation, empathy, personality",Special Session - Acoustic manifestations of speech register,none,none,FALSE,https://www.internationalphoneticassociation.org/icphs-proceedings/ICPhS2023/full_papers/584.pdf
585,Speaker interpolation based data augmentation for automatic speech recognition,"Kerle Lisa Kristina, Pucher Michael, Schuppler Barbara","speech synthesis, automatic speech recognition, data augmentation, Austrian German",Speech Technology,none,none,FALSE,https://www.internationalphoneticassociation.org/icphs-proceedings/ICPhS2023/full_papers/585.pdf
586,French /ø-u/ contrast in Japanese learners with/without gesture feedback in monosyllables: a descriptive acoustic study,"Pillot-Loiseau Claire, Kamiyama Takeki, Kitamura Ayako","L2 vowel learning, French, Japanese, gesture as feedback, acoustics",Phonetics of Second and Foreign Language Acquisition,none,none,FALSE,https://www.internationalphoneticassociation.org/icphs-proceedings/ICPhS2023/full_papers/586.pdf
587,Spectral implications of codec compression on voiceless fricatives,V. Christensen Krestina,"Codec compression, spectral measures, fricatives, acoustics",Speech Acoustics,none,none,FALSE,https://www.internationalphoneticassociation.org/icphs-proceedings/ICPhS2023/full_papers/587.pdf
588,The Decline of Tone and Melody Correspondence in Modern Thai Pop Songs?: A Preliminary Analysis,"Ketkaew Chawadon, Suwannarat Junyawan","Tone-melody correspondence, Thai music, Thai lexical tones",Special Session - Interplay or intermezzo? Structures and processes in prosody and music,none,none,FALSE,https://www.internationalphoneticassociation.org/icphs-proceedings/ICPhS2023/full_papers/588.pdf
590,Mechanisms of generalization for phonetic learning of accented speech,"Melguy Yevgeniy, Johnson Keith","speech perception, perceptual learning, phonetic learning, lexically-guided recalibration, accented speech",Phonetic Psycholinguistics,none,none,FALSE,https://www.internationalphoneticassociation.org/icphs-proceedings/ICPhS2023/full_papers/590.pdf
592,Labialization in Amazigh: acoustic and articulatory marking over time,"Buech Philipp, Hermes Anne, Ridouane Rachid","Secondary articulation, labialization, acoustics, articulation, Amazigh",Speech Production and Speech Physiology,none,none,FALSE,https://www.internationalphoneticassociation.org/icphs-proceedings/ICPhS2023/full_papers/592.pdf
593,Automatic speech recognition: system variability within a sociolinguistically homogenous group of speakers,"Harrington Lauren, Hughes Vincent","automatic transcription, automatic speech recognition",Speech Technology,none,none,FALSE,https://www.internationalphoneticassociation.org/icphs-proceedings/ICPhS2023/full_papers/593.pdf
596,Spatial sound symbolism: a cross-linguistic study,"Wikström Alexandra, Vainio Lari, Vainio Martti","sound symbolism, spatial sound symbolism, vowel space, cross-linguistic research",Phonetic Universals and Typology,none,none,FALSE,https://www.internationalphoneticassociation.org/icphs-proceedings/ICPhS2023/full_papers/596.pdf
597,Cross-dialectal comparison of /st/ clusters in Spanish: implications for sound change,"Galvano Amber, Henriksen Nicholas","sound change, actuation, propagation, Spanish, post-aspiration",Phonetics of Sound Change,none,none,FALSE,https://www.internationalphoneticassociation.org/icphs-proceedings/ICPhS2023/full_papers/597.pdf
598,Speech metrics that differentiate variants of Primary Progressive Aphasia depend on language typology,"Elvira-García Wendy, Marrero-Aguiar Victoria, Borràs-Comes Joan, Santos-Santos Miguel Ángel","clinical phonetics, Primary Progressive Aphasia speech, frontotemporal dementia, rhythm",Clinical Phonetics and Speech Disorders,none,none,FALSE,https://www.internationalphoneticassociation.org/icphs-proceedings/ICPhS2023/full_papers/598.pdf
600,Temporal vs. area-sum formulae of vowel nasality in simulated and nasometric corpora,Dow Michael,"Vowel nasality, acoustics, simulation study, French",Speech Acoustics,none,none,FALSE,https://www.internationalphoneticassociation.org/icphs-proceedings/ICPhS2023/full_papers/600.pdf
601,Conditions on adaptation to an unfamiliar lexical tone system: the role of quantity and quality of exposure,"Zhao Liang, Sloggett Shayne, Chodroff Eleanor","speech perception, lexical tone, perceptual adaptation, tone perception, Mandarin dialects",Speech Perception,none,none,FALSE,https://www.internationalphoneticassociation.org/icphs-proceedings/ICPhS2023/full_papers/601.pdf
602,PhonD2: a database on phonotactic structures of German dialects,"Lameli Alfred, Werth Alexander, Bunkov Valeria, Link Samantha","Phonotactics, German dialects, syllable, sonority, CV phonology",Speech Corpora and Big Data,website,https://www.regionalsprache.de/phond2/sites.html,TRUE,https://www.internationalphoneticassociation.org/icphs-proceedings/ICPhS2023/full_papers/602.pdf
604,Prose or poetry? A perceptive phonetic study,"Colonna Valentina, Romano Antonio",Perceptive Phonetics; Experimental Task; Poetry; Prose; Voices of Italian Poets,Speech Perception,none,none,FALSE,https://www.internationalphoneticassociation.org/icphs-proceedings/ICPhS2023/full_papers/604.pdf
605,Clear speech sounds fast: The impact of speaking mode variation on perceived tempo,"Plug Leendert, Zheng Yue, Smith Rachel","speech perception, tempo, clear speech, English",Speech Perception,none,none,FALSE,https://www.internationalphoneticassociation.org/icphs-proceedings/ICPhS2023/full_papers/605.pdf
606,Perception of Spanish Declarative Questions and Statements by L2 Spanish Speakers,Bedialauneta Txurruka Izaro,,Phonetics of Second and Foreign Language Acquisition,none,none,FALSE,https://www.internationalphoneticassociation.org/icphs-proceedings/ICPhS2023/full_papers/606.pdf
608,Assessing register variation in local speech rate,"Duran Daniel, Weirich Melanie, Jannedy Stefanie","Speech register, intra-speaker variation, formality, speech rate, sociophonetics",Special Session - Acoustic manifestations of speech register,none,none,FALSE,https://www.internationalphoneticassociation.org/icphs-proceedings/ICPhS2023/full_papers/608.pdf
609,Schwa in French obstruent-liquid clusters by native speakers and Mandarin learners,"Yang Minmin, Ridouane Rachid","Epenthetic schwa, French consonant clusters, Mandarin speakers, duration, quality",Phonetics of Second and Foreign Language Acquisition,none,none,FALSE,https://www.internationalphoneticassociation.org/icphs-proceedings/ICPhS2023/full_papers/609.pdf
610,Phonetic imitation of stops and vowels: Individual stability and perceptual underpinnings,"Zhang Hanna, Shertz Jessamyn","phonetic imitation, discrimination, individual differences, VOT, F2",Phonetic Psycholinguistics,none,none,FALSE,https://www.internationalphoneticassociation.org/icphs-proceedings/ICPhS2023/full_papers/610.pdf
611,Synchrony and stability of articulatory landmarks in English and Mandarin CV sequences,"Kramer Benjamin M., Stern Michael C., Wang Yichen, Liu Yuyang, Shaw Jason A.","speech timing, Articulatory Phonology, endpoint-based timing, General Tau theory",Speech Production and Speech Physiology,none,none,FALSE,https://www.internationalphoneticassociation.org/icphs-proceedings/ICPhS2023/full_papers/611.pdf
612,Acoustic merger between /e/ and /æ/ in Singapore English: insights into stylistic variation and sub-varietal difference,"Lan Canaan, Maxwell Olga, Diskin-Holdaway Chloé","Acoustic merger, Singapore English, front vowels, speech production",Sociophonetic Variation,none,none,FALSE,https://www.internationalphoneticassociation.org/icphs-proceedings/ICPhS2023/full_papers/612.pdf
613,Intrusive vocoids and syllable structure in Georgian,"Crouch Caroline, Chitoran Ioana, Goldstein Louis, Katsika Argyro","vocoids, sonority, syllabic structure, resyllabification, Georgian",Syllable,none,none,FALSE,https://www.internationalphoneticassociation.org/icphs-proceedings/ICPhS2023/full_papers/613.pdf
615,"Regional variation, articulation rate, and pausing patterns in three varieties of Spanish","Garcia-Amaya Lorenzo, Kendro Kelly, Henriksen Nicholas","Articulation rate, silent pauses, filled pauses, Spanish, regional variation",Speech Prosody,none,none,FALSE,https://www.internationalphoneticassociation.org/icphs-proceedings/ICPhS2023/full_papers/615.pdf
616,Temporal organization of word-initial consonant sequences in Najdi Arabic,"Alkhonini Omar, Kwon Harim","Najdi Arabic, Syllable, Word-initial Consonant Sequence, Temporal Organization",Syllable,none,none,FALSE,https://www.internationalphoneticassociation.org/icphs-proceedings/ICPhS2023/full_papers/616.pdf
617,SLAM 3: An Updated Stylization Model for Speech Melody,"Strickland Emmett, Evrard Marc, Lacheret-Dujour Anne","pitch contour, stylization, prosody, automatic labelling",Speech Technology,none,none,FALSE,https://www.internationalphoneticassociation.org/icphs-proceedings/ICPhS2023/full_papers/617.pdf
618,Articulation rate in consonants and vowels: results and methodological challenges from a cross-linguistic corpus study,"Lo Roger Yu-Hsiang, Sóskuthy Márton","articulation rate, corpus, cross- linguistic, generalized additive mixed model",Speech Corpora and Big Data,osf,https://bit.ly/3GVjt0J,TRUE,https://www.internationalphoneticassociation.org/icphs-proceedings/ICPhS2023/full_papers/618.pdf
619,Interacting sound symbolic patterns: The case of vowel sound symbolism in Korean given names,"Sullivan Lisa, Kang Yoonjung","Korean, sound symbolism, names",Laboratory Phonology,none,none,FALSE,https://www.internationalphoneticassociation.org/icphs-proceedings/ICPhS2023/full_papers/619.pdf
620,A bimodal approach to study the effects of rhythmic priming,"Contreras Roa Leonardo, Mairano Paolo, Moreau Caroline, Basirat Anahita","speech rhythm, speech production, rhythmic priming, prosody, Parkinson’s disease",Clinical Phonetics and Speech Disorders,github,https://github.com/lcontrerasroa/EntrainPark,TRUE,https://www.internationalphoneticassociation.org/icphs-proceedings/ICPhS2023/full_papers/620.pdf
621,Effects of FFP2 face masks on consonant identification,"Lengeris Angelos, Zatrazemi Joanna","Identification, consonants, FFP2 face masks",Speech Perception,none,none,FALSE,https://www.internationalphoneticassociation.org/icphs-proceedings/ICPhS2023/full_papers/621.pdf
622,What does BERT learn about prosody?,"Kakouros Sofoklis, O'Mahony Johannah","language model, BERT, prosody, prominence, part-of-speech",Speech Prosody,none,none,FALSE,https://www.internationalphoneticassociation.org/icphs-proceedings/ICPhS2023/full_papers/622.pdf
623,Gestural alignment and accommodation in speaker-listener head gestures,"Garvin Karee, Franich Kathryn","Co-speech gesture, gesture alignment, speech timing, discourse, accommodation",Multimodal Phonetics,none,none,FALSE,https://www.internationalphoneticassociation.org/icphs-proceedings/ICPhS2023/full_papers/623.pdf
624,TSCR: A comprehensive coding system for task-oriented vocal interaction analysis,"Copping Brandon, Holzmeyer Elizabeth, Kumar Santosh, Ones Deniz S., Buder Eugene H.","Conversation, Turn Exchange, Syllable, Respiration, Entrainment",Phonetics of Conversation,none,none,FALSE,https://www.internationalphoneticassociation.org/icphs-proceedings/ICPhS2023/full_papers/624.pdf
627,Perception of standard Croatian pitch accents by speakers from pitch accent and from stress accent regiolects,"Pletikos Olof Elenmari, Vlašić Duić Jelena, Bićanić Jordan","pitch-accent, stress-accent, perception, Croatian, word recognition",Speech Perception,none,none,FALSE,https://www.internationalphoneticassociation.org/icphs-proceedings/ICPhS2023/full_papers/627.pdf
628,The coarticulatory behavior of Standard Mandarin apical vowels,Foley Sean,"coarticulation, apical vowels, Standard Mandarin, ultrasound",Speech Production and Speech Physiology,none,none,FALSE,https://www.internationalphoneticassociation.org/icphs-proceedings/ICPhS2023/full_papers/628.pdf
629,The phonetics-phonology-syntax interface: a computational implementation,"Bögel Tina, Hill Romi, Hofenbitzer Justin, Zhao Tianyi","German, syntactic ambiguities, end-to- end system, automatic speech understanding",Speech Prosody,none,none,FALSE,https://www.internationalphoneticassociation.org/icphs-proceedings/ICPhS2023/full_papers/629.pdf
630,Revisiting intelligibility: The role of listeners' L1 and proficiency in perceiving Chinese EFL learners' speech,"Cao Yating, Chen Hua","intelligibility, L1 background, English proficiency level",Phonetics of Second and Foreign Language Acquisition,none,none,FALSE,https://www.internationalphoneticassociation.org/icphs-proceedings/ICPhS2023/full_papers/630.pdf
631,Evolution of Voices in French Audiovisual Media Across Genders and Age in a Diachronic Perspective,"Rilliard Albert, Doukhan David, Uro Rémi, Devauchelle Simon","Gender, Diachrony, Vocal Tract Resonance, Vocal register, Broadcast speech",Speech Acoustics,none,none,FALSE,https://www.internationalphoneticassociation.org/icphs-proceedings/ICPhS2023/full_papers/631.pdf
632,Macro- and Micro-Prosodic Changes in the Duration of Brazilian Portuguese Vowels,"de Moraes João Antônio, Rilliard Albert","Vocalic duration, Micro-prosody, Macro-prosody, Brazilian Portuguese",Speech Prosody,none,none,FALSE,https://www.internationalphoneticassociation.org/icphs-proceedings/ICPhS2023/full_papers/632.pdf
633,The prosody-gesture coordination in Chinese EFL learners' academic oral presentation,"Cao Yating, Chen Hua","beat gestures, pitch accent, gesture- speech coordination, proficiency level",Multimodal Phonetics,none,none,FALSE,https://www.internationalphoneticassociation.org/icphs-proceedings/ICPhS2023/full_papers/633.pdf
634,Quantifying tongue-tip to upper incisor distance in an Ultrasound Tongue Imaging study of Swedish /i/,"Westerberg Fabienne, Lawson Eleanor, Stuart-Smith Jane","Ultrasound Tongue Imaging, vowels, Swedish, Articulatory Phonetics, Sound Change",Speech Production and Speech Physiology,none,none,FALSE,https://www.internationalphoneticassociation.org/icphs-proceedings/ICPhS2023/full_papers/634.pdf
635,Comparing manual vs. semi-automated methods for the coding of co-speech gestures,"Dych Walter, Garvin Karee, Franich Kathryn","co-speech gestures, gesture coding methods, speech timing, speech-gesture alignment",Multimodal Phonetics,none,none,FALSE,https://www.internationalphoneticassociation.org/icphs-proceedings/ICPhS2023/full_papers/635.pdf
637,Reconsidering favored phonotactic patterns for ejective and implosive consonants,Easterday Shelece,"ejectives, implosives, typology, sound change",Phonetic Universals and Typology,none,none,FALSE,https://www.internationalphoneticassociation.org/icphs-proceedings/ICPhS2023/full_papers/637.pdf
638,The perception of Japanese lexical contrasts by L2 learners: The role of the lexicon,Fonseca Marco,"speech perception, lexical contrast, second language acquisition, pitch accent, Japanese",Phonetics of Second and Foreign Language Acquisition,none,none,FALSE,https://www.internationalphoneticassociation.org/icphs-proceedings/ICPhS2023/full_papers/638.pdf
639,Speech rate effects in French voicing production and perception,"Kang Yoonjung, Haggarty Nicholas","French, voicing, production, perception, speech rate",Speech Perception,none,none,FALSE,https://www.internationalphoneticassociation.org/icphs-proceedings/ICPhS2023/full_papers/639.pdf
640,Front vowel lowering in New Zealand English: investigating a regional sound change,"Ross Brooke, Ballard Elaine, Waston Catherine","New Zealand English, Sound Change, Acoustic Analysis, Monophthongs, Vowels",Sociophonetic Variation,none,none,FALSE,https://www.internationalphoneticassociation.org/icphs-proceedings/ICPhS2023/full_papers/640.pdf
641,Differences in adult speech: Does boy-directed and girl-directed speech exist,"Keeping Tori, Robertson Cassandra, Li Fangfang","gendered speech production, acoustics, phonetics",Speech Acoustics,none,none,FALSE,https://www.internationalphoneticassociation.org/icphs-proceedings/ICPhS2023/full_papers/641.pdf
643,Syntactic and prosodic effects on reconstruction of tone sandhi domains: Evidence from Xiamen Dialect,"Hu Yiying, Feng Hui, Li Aijun","tone sandhi domain, prosody, syntax, Xiamen Dialect",Tone,none,none,FALSE,https://www.internationalphoneticassociation.org/icphs-proceedings/ICPhS2023/full_papers/643.pdf
644,Factors determining perceptual and acoustic similarity between native and non-native vowels,"Balas Anna, Wrembel Magdalena, Kaźmierski Kamil, Weckwerth Jarosław","perceptual and acoustic similarity, non- native vowels, Euclidean distance, Norwegian",Phonetics of Second and Foreign Language Acquisition,none,none,FALSE,https://www.internationalphoneticassociation.org/icphs-proceedings/ICPhS2023/full_papers/644.pdf
645,Effect of vowel context on stop place identification in Yoruba,"Burns Roslyn, Shaw Jason","labial-velars, palatalization, sound change, Yoruba, Nupe, sound change",Phonetic Universals and Typology,none,none,FALSE,https://www.internationalphoneticassociation.org/icphs-proceedings/ICPhS2023/full_papers/645.pdf
646,American English pitch accent dynamics: A minimal model,"Iskarous Khalil, Cole Jennifer, Steffman Jeremy",Intonation; Pitch Accents; Dynamical Systems; Fitzhugh-Nagumo Differential Equation,Speech Prosody,none,none,FALSE,https://www.internationalphoneticassociation.org/icphs-proceedings/ICPhS2023/full_papers/646.pdf
650,Neutralization and secondary acoustic cues of voicing contrast: A Tohoku and Tokyo Japanese production experiment,"Huang Chuyu, Matsui Sanae, Watabe Naoya, Noguchi Hiroto, Hashimoto Ayako, Mizoguchi Ai, Kitahara Mafuyu","VOT, neutralization, Tohoku dialects, secondary cues, onset F0",Speech Acoustics,none,none,FALSE,https://www.internationalphoneticassociation.org/icphs-proceedings/ICPhS2023/full_papers/650.pdf
651,Differential effects of prosodic boundary on glottalization of word-initial vowels in Korean,"Hwang Sungwok, Kim Sahyang, Cho Taehong","prosodic boundaries, glottalization, syntactic junctures, structural ambiguity",Speech Prosody,none,none,FALSE,https://www.internationalphoneticassociation.org/icphs-proceedings/ICPhS2023/full_papers/651.pdf
652,Phonetic Realization of Narrow Focus by Chinese EFL Learners,"Zhou Xiaoyu, Sun Binbin, Feng Hui","Focus, Phonetic realization, Chinese EFL learners, L2 Intonation",Phonetics of Second and Foreign Language Acquisition,none,none,FALSE,https://www.internationalphoneticassociation.org/icphs-proceedings/ICPhS2023/full_papers/652.pdf
653,Do Chinese-English Bilinguals Speak English Words with Lexical Tone in Mind?,"Yang Qing, Chen Yiya",lexical tone; spoken word production; the bilingual lexicon; picture-word interference paradigm,Bilingual/Multilingual Phonetics,none,none,FALSE,https://www.internationalphoneticassociation.org/icphs-proceedings/ICPhS2023/full_papers/653.pdf
654,Mapping phonetic variation to phonological units: Feature sharing in Comox-Sliammon (Salish) vowels,"Mellesmoen Gloria, Cardoso Amanda","fieldwork, Salish, phonetic variation, phonological mapping, features",Phonetics of Lesser Documented and Endangered Languages,none,none,FALSE,https://www.internationalphoneticassociation.org/icphs-proceedings/ICPhS2023/full_papers/654.pdf
655,Evaluating forced alignment for under-resourced languages: A test on Squliq Atayal data,"Wang Chi-Wei, Chen Bo-Wei, Huang Po-Hsuan, Lai Ching-Hung, Chiu Chenhao","forced alignment, phonetic fieldwork, language documentation, Squliq Atayal",Phonetics of Lesser Documented and Endangered Languages,none,none,FALSE,https://www.internationalphoneticassociation.org/icphs-proceedings/ICPhS2023/full_papers/655.pdf
656,The role of feedback in lip-tube perturbation of Taiwan Mandarin rounded vowels,"Huang Jian-zhi, Chiu Chenhao","feedback types, somatosensory feedback, lip-tube perturbation, internal model, lip-rounding",Speech Production and Speech Physiology,none,none,FALSE,https://www.internationalphoneticassociation.org/icphs-proceedings/ICPhS2023/full_papers/656.pdf
657,Mismatched coarticulatory information hinders lexical access of coronal stops in Malayalam,"G P Seema, Krishnaswamy Meghavarshini, Mishra Ramesh, Dutta Indranil","coarticulation, lexical access, dense coronal inventory, eye-tracking, Malayalam",Speech Perception,none,none,FALSE,https://www.internationalphoneticassociation.org/icphs-proceedings/ICPhS2023/full_papers/657.pdf
661,Perception of L2 English affricate onsets in native Mandarin listeners,"Wang Yizhou, Bundgaard-Nielsen Rikke","affricate, perception, Mandarin, mouse- tracking",Speech Perception,none,none,FALSE,https://www.internationalphoneticassociation.org/icphs-proceedings/ICPhS2023/full_papers/661.pdf
662,Acoustic analysis of vowel nasalization in Taizhou Chinese,"Han Qianwen, Lee Wai-Sum","Nasal vowels, nasalized rhymes, acoustic analysis, degree of nasality, Taizhou Chinese",Phonetics of Sound Change,none,none,FALSE,https://www.internationalphoneticassociation.org/icphs-proceedings/ICPhS2023/full_papers/662.pdf
663,The role of immediately prior exposure and talker accent on sociolinguistic variant identification,"Li Aini, Tamminga Meredith","speech perception, sociolinguistic variants, priming, talker accent",Speech Perception,none,none,FALSE,https://www.internationalphoneticassociation.org/icphs-proceedings/ICPhS2023/full_papers/663.pdf
664,Speech rhythm metrics: a typological survey,"Gordon Matthew, Katsika Argyro, Chien Sherry, Jang Jiyoung, Lai Ryan Ka Yau","rhythm, syllable-timed, stress-timed",Speech Prosody,none,none,FALSE,https://www.internationalphoneticassociation.org/icphs-proceedings/ICPhS2023/full_papers/664.pdf
666,The Integration of Acoustic-Cue Visualization in HVPT of English Vowel Perception by Chinese ESL Learners,"Chen Hsueh Chu, Han Qianwen, Tian Jingxuan","English vowels, acoustic phonetics, pedagogy, second language acquisition",Phonetics Pedagogy,none,none,FALSE,https://www.internationalphoneticassociation.org/icphs-proceedings/ICPhS2023/full_papers/666.pdf
667,Free classification predicts discrimination of Finnish vowels by naïve Japanese listeners,"Daidone Danielle, Lidster Ryan, Kruger Franziska","free classification, discrimination, non- native perception, oddity, laboratory phonology",Speech Perception,none,none,FALSE,https://www.internationalphoneticassociation.org/icphs-proceedings/ICPhS2023/full_papers/667.pdf
670,Acquiring new contrasts in L2 vs. L3: Chinese dialectal speakers’ acquisition of Mandarin and English phonetic contrasts,"Ju Tianqi, Gu Beiwei, Huang Fumo, Liu Xinyi, Yue Cen, Yao Yao","L3 phonology, Chinese dialects, phonetic transfer, L2 Status Factor Model, Scalpel Model",Bilingual/Multilingual Phonetics,none,none,FALSE,https://www.internationalphoneticassociation.org/icphs-proceedings/ICPhS2023/full_papers/670.pdf
671,Effects of slowed rate of speech on eye gaze to the mouth in young adults: Clinical implications,"Shaw Virginia, Bernar Claire, Josafatow Nik, Bonnell Tyler, Li Fangfang","speech rate, perception, attention, gaze",Speech Perception,none,none,FALSE,https://www.internationalphoneticassociation.org/icphs-proceedings/ICPhS2023/full_papers/671.pdf
672,Preboundary lengthening and its kinematic characteristics in Mandarin Chinese in interaction with focus and lexical tone,"Li Hongmei, Kim Sahyang, Cho Taehong","preboundary lengthening, kinematics, Mandarin Chinese, focus, lexical tones",Laboratory Phonology,none,none,FALSE,https://www.internationalphoneticassociation.org/icphs-proceedings/ICPhS2023/full_papers/672.pdf
674,The Origins of Phonology and Lexicon in Infancy: Phonological Abstraction Before Perceptual Attunement?,"Burnham Denis, Best Catherine, Götz Antonia, Kalashnikova Marina, Johnson Elizabeth Johnson, Altuntas Eylem, Cutler Anne","phonological abstraction, infant speech perception, perceptual attunement, adult validation",Phonetics of First Language Acquisition,none,none,FALSE,https://www.internationalphoneticassociation.org/icphs-proceedings/ICPhS2023/full_papers/674.pdf
675,Morphology and phonetic realization: lexical vs. morphological prenasalization in Sàꞌán Sàvı̌ ñà ñuù Xnúvíkó (Mixtec),"Belmar Viernes Guillem, Salazar Jeremías",prenasalization; grammaticalization; Mixtec; voicing; morphology,Phonetics of Lesser Documented and Endangered Languages,none,none,FALSE,https://www.internationalphoneticassociation.org/icphs-proceedings/ICPhS2023/full_papers/675.pdf
676,Crosslinguistic influence on perceptual cue-weighting in Korean-English bilinguals,"Seo Yuhyeon, Dmitrieva Olga","bilingual speech, cue-weighting, crosslinguistic influence, phonetic drift, heritage speakers",Bilingual/Multilingual Phonetics,none,none,FALSE,https://www.internationalphoneticassociation.org/icphs-proceedings/ICPhS2023/full_papers/676.pdf
677,How does focus-induced prominence influence realization of edge tones and segmental anchoring in Seoul Korean?,"Hatcher Richard, Joo Hyunjung, Kim Sahyang, Cho Taehong","edge tones, focus-induced prominence, segmental anchoring, intonation, Korean",Speech Prosody,none,none,FALSE,https://www.internationalphoneticassociation.org/icphs-proceedings/ICPhS2023/full_papers/677.pdf
678,The representation of onset sibilant variants in Taiwan Mandarin: an ERP study,"Hsu Yun-Han, Lee Chia-Lin, Fon Janice","speech perception, variant frequency, ERPs, retroflex sibilants, dental sibilants",Speech Perception,none,none,FALSE,https://www.internationalphoneticassociation.org/icphs-proceedings/ICPhS2023/full_papers/678.pdf
679,Prosodic prominence of Swahili TU in polar interrogatives,"Lee Seunghun J., Kamano Shigeto, Abe Yuko, Miyazaki Kumiko","Sentence Prosody, Exclusive Particle, Interrogatives, Zanzibar Swahili",Speech Prosody,none,none,FALSE,https://www.internationalphoneticassociation.org/icphs-proceedings/ICPhS2023/full_papers/679.pdf
680,Effects of Sociolinguistic Factors on Second Dialect Acquisition of North Korean Refugees in Seoul,"Lee Jungah, Idemaru Kaori, Vaughn Charlotte","Second dialect acquisition, Sociolinguistics, Sociophonetics, Korean Phonetics",Sociophonetic Variation,none,none,FALSE,https://www.internationalphoneticassociation.org/icphs-proceedings/ICPhS2023/full_papers/680.pdf
681,Some asymmetrical pre- versus post-focal effects on articulatory realization of prominence distribution in Korean,"Im Suyeon, Kim Sahyang, Cho Taehong","prosody, focus, prominence distribution. articulatory kinematics, Korean",Speech Prosody,none,none,FALSE,https://www.internationalphoneticassociation.org/icphs-proceedings/ICPhS2023/full_papers/681.pdf
682,Perception of Malayalam three-way stop contrast among American English speakers,"Krishnaswamy Meghavarshini, Warner Natasha","Novel contrast, Malayalam, speech perception, three-way contrast",Speech Perception,none,none,FALSE,https://www.internationalphoneticassociation.org/icphs-proceedings/ICPhS2023/full_papers/682.pdf
683,Tongue contours for the Japanese moraic nasal by speakers of Standard Chinese,"Mizoguchi Ai, Morimoto Maho, Li Weiyu, Arai Takayuki","Japanese moraic nasal, Standard Chinese, L2, articulation, ultrasound",Phonetics of Second and Foreign Language Acquisition,none,none,FALSE,https://www.internationalphoneticassociation.org/icphs-proceedings/ICPhS2023/full_papers/683.pdf
684,An acoustic study of the realisation of KIT in the conversational speech of young English speakers in Australia,"Docherty Gerard, Gonzalez Simón, Foulkes Paul","Australian English, Weak Vowel Merger, conversational speech",Phonetics of Sound Change,none,none,FALSE,https://www.internationalphoneticassociation.org/icphs-proceedings/ICPhS2023/full_papers/684.pdf
685,Segmental and suprasegmental modification in Rakugo-style Japanese,"Kamano Shigeto, Sakamoto Chikau, Tsujita Rin, Lee Seunghun J.","Rakugo speech, Japanese, pitch range, syllable duration, vowel dispersion, vowel devoicing",Sociophonetic Variation,none,none,FALSE,https://www.internationalphoneticassociation.org/icphs-proceedings/ICPhS2023/full_papers/685.pdf
686,The Acoustics of cross-linguistic filled pauses in Cantonese-English-Mandarin trilingual speech,"Cao Grace Wenling, Mok Peggy","forensic phonetics, filled pause, cross- language speaker comparison",Forensic Phonetics and Speaker Characteristics,none,none,FALSE,https://www.internationalphoneticassociation.org/icphs-proceedings/ICPhS2023/full_papers/686.pdf
687,Development of speech syntheses for lower sorbian and upper sorbian using marytts,"Schmiedel Astrid, Steiner Ingmar","Upper Sorbian, Lower Sorbian, text-to- speech synthesis, MaryTTS, unit selection speech synthesis",Phonetics of Lesser Documented and Endangered Languages,github,https://github.com/marytts/voice-serbski-institut-hsb-matej,TRUE,https://www.internationalphoneticassociation.org/icphs-proceedings/ICPhS2023/full_papers/687.pdf
690,Effect of individual vocal tract geometry on the tongue shaping for American English /ɹ/,"Lu Yijing, Hsu Haley, Goldstein Louis, Toutios Asterios","articulation, anatomy, tongue shaping, inter-speaker variability, vocal tract MRI",Speech Production and Speech Physiology,none,none,FALSE,https://www.internationalphoneticassociation.org/icphs-proceedings/ICPhS2023/full_papers/690.pdf
691,The Predictability of naturalistic evaluation of all-day recordings for speech and language development,"Ha Seunghee, Yoon Tae-Jin, So Jungmin","LENA’s automated measures, human coding, vocalization, speech & language development",Special Session - Novel approaches to studying vocal development,none,none,FALSE,https://www.internationalphoneticassociation.org/icphs-proceedings/ICPhS2023/full_papers/691.pdf
694,Non-native tone perception – When music outweighs language experience,"Götz Antonia, Liu Liquan","tone perception, bilingualism, second language perception, years of musical training, cross- domain effect",Tone,none,none,FALSE,https://www.internationalphoneticassociation.org/icphs-proceedings/ICPhS2023/full_papers/694.pdf
695,Examining variability in the production and perception of prosodic attitudes,"Kim Jeesun, Raue Kate, Davis Chris",prosody; prosodic attitudes; expressive speech,Speech Prosody,none,none,FALSE,https://www.internationalphoneticassociation.org/icphs-proceedings/ICPhS2023/full_papers/695.pdf
697,Individual- and group-level associations between articulatory and acoustic variability for English consonants,Harper Sarah,"Articulatory-Acoustic Relations, Variability, Individual Differences",Speech Production and Speech Physiology,none,none,FALSE,https://www.internationalphoneticassociation.org/icphs-proceedings/ICPhS2023/full_papers/697.pdf
698,Canonical babbling ratio extracted from day-long audio recordings: A preliminary report from India,"Meera Shoba, Swaminathan Divya, V Sri Ranjani, Srikar Malavi, Raju Reny","Canonical babbling ratio, day-long audio recording, infants, Indian languages",Special Session - Novel approaches to studying vocal development,none,none,FALSE,https://www.internationalphoneticassociation.org/icphs-proceedings/ICPhS2023/full_papers/698.pdf
699,Park or bark? VoT Production of English Bilabial Stops in Arabic Learners of English,"Al-Kendi Azza, Al-Aghbari Khalsa","VoT, voicing lead, voicing lag, speech learning",Speech Acoustics,none,none,FALSE,https://www.internationalphoneticassociation.org/icphs-proceedings/ICPhS2023/full_papers/699.pdf
700,Obstruent voicing and laryngeal feature in Arabic,"Dallak Abdulrahman, Khattab Ghada, Al-Tamimi Jalal","Jazani Arabic, voicing contrast, Laryngeal Realism, f0 perturbation",Laboratory Phonology,none,none,FALSE,https://www.internationalphoneticassociation.org/icphs-proceedings/ICPhS2023/full_papers/700.pdf
701,Perception of Japanese moraic nasal in intervocalic position by Japanese native speakers and Korean learners of Japanese,"Han Heesun, Namba Koji","Japanese moraic nasal, perception, degree of closure, variations, learning level",Speech Perception,none,none,FALSE,https://www.internationalphoneticassociation.org/icphs-proceedings/ICPhS2023/full_papers/701.pdf
702,Individual variability in L1 category compactness on L2 production compactness and accuracy,"Zhai Weiyi, Clayards Meghan, Goad Heather","category compactness, production variability, second language acquisition",Bilingual/Multilingual Phonetics,osf,https://osf.io/wu7rq/?view_only=3735fd1c2fed46e4a525824007715207,TRUE,https://www.internationalphoneticassociation.org/icphs-proceedings/ICPhS2023/full_papers/702.pdf
703,Lip postures of high vowels in Taiwan Mandarin,"Chiu Chenhao, Huang Po-Hsuan","lip postures, lip aperture, roundedness, high vowels, Taiwan Mandarin",Speech Production and Speech Physiology,none,none,FALSE,https://www.internationalphoneticassociation.org/icphs-proceedings/ICPhS2023/full_papers/703.pdf
705,Age-related vowel variation in French,"Hermes Anne, Audibert Nicolas, Bourbon Angélina","Aging, speech production, acoustics, French, MFCC, vowel space",Special Session - The sounds of ageing,none,none,FALSE,https://www.internationalphoneticassociation.org/icphs-proceedings/ICPhS2023/full_papers/705.pdf
706,Suprasegmental cues to perception of English lexical stress by Mandarin speakers,"He Mosi, Zhang Ting, Li Bin","lexical stress, speech perception, EFL, Mandarin Chinese, phonetic cue",Phonetics of Second and Foreign Language Acquisition,none,none,FALSE,https://www.internationalphoneticassociation.org/icphs-proceedings/ICPhS2023/full_papers/706.pdf
707,Phase relations between the tongue body and the jaw across rate modifications in younger and older speakers,"Thies Tabea, Mücke Doris, Ding Angela, Mefferd Antje","phase angle, articulatory timing, aging effects, speech kinematics",Speech Production and Speech Physiology,none,none,FALSE,https://www.internationalphoneticassociation.org/icphs-proceedings/ICPhS2023/full_papers/707.pdf
708,The phonetic realization of intervocalic obstruents in Suzhou Wu Chinese,"Ge Chunyu, Mok Peggy","obstruents, phonetic realization, voicing, Wu Chinese",Speech Acoustics,none,none,FALSE,https://www.internationalphoneticassociation.org/icphs-proceedings/ICPhS2023/full_papers/708.pdf
709,VIP-Radar: a model for the phonetic study of poetry reading,"Colonna Valentina, Romano Antonio",Acoustic Phonetics; Music; Prosody; Poetry; Voices of Italian Poets,Special Session - Interplay or intermezzo? Structures and processes in prosody and music,none,none,FALSE,https://www.internationalphoneticassociation.org/icphs-proceedings/ICPhS2023/full_papers/709.pdf
710,Pre-aspiration in Southern Swedish and its relationship to prosody,Tronnier Mechtild,"Pre-aspiration, Swedish word accents, non-normative pre-aspiration, Southern Swedish",Laboratory Phonology,none,none,FALSE,https://www.internationalphoneticassociation.org/icphs-proceedings/ICPhS2023/full_papers/710.pdf
711,Anticipatory labialization in C[u] clusters: a cross-linguistic study,Volenec Veno,"anticipatory labialization, V-to-C coarticulation, cross-linguistic study",Speech Production and Speech Physiology,none,none,FALSE,https://www.internationalphoneticassociation.org/icphs-proceedings/ICPhS2023/full_papers/711.pdf
712,Do humans converge phonetically when talking to a robot?,"Offrede Tom, Mishra Chinmaya, Mooshammer Christine, Skantze Gabriel, Fuchs Susanne",phonetic convergence; fundamental frequency; human-robot interaction; intimacy,Phonetics of Conversation,none,none,FALSE,https://www.internationalphoneticassociation.org/icphs-proceedings/ICPhS2023/full_papers/712.pdf
714,Alignment of prosodic and syntactic junctures and vowel-initial glottalization in syntactic disambiguation in English,"Shin Jae-Eun, Kim Sahyang, Cho Taehong","prosodic boundary, syntactic ambiguity, vowel glottalization, syntax-prosody interface, prominence",Speech Prosody,none,none,FALSE,https://www.internationalphoneticassociation.org/icphs-proceedings/ICPhS2023/full_papers/714.pdf
715,Testing the sound-driven hypothesis: an online rating experiment on the phonaesthetics of constructed languages,"Mooshammer Christine, Xia Qiang","language attitude, phonaesthetics, typology, sonority, constructed languages",Speech Perception,none,none,FALSE,https://www.internationalphoneticassociation.org/icphs-proceedings/ICPhS2023/full_papers/715.pdf
716,Regional Dialect Influence on L2 English Production: BATH – STRUT – LOT triangle for L1 Turkish speakers,Aksu Bahar,"L2 speech production, regional dialects, vowels, Turkish",Phonetics of Second and Foreign Language Acquisition,none,none,FALSE,https://www.internationalphoneticassociation.org/icphs-proceedings/ICPhS2023/full_papers/716.pdf
717,Neural Speech Synthesis with Controllable Creaky Voice Style,"Lameris Harm, Włodarczak Marcin, Gustafson Joakim, Székely Éva","creaky voice, vocal fry, speech synthesis, TTS, spontaneous speech",Speech Technology,none,none,FALSE,https://www.internationalphoneticassociation.org/icphs-proceedings/ICPhS2023/full_papers/717.pdf
718,Discrepant Combinations of Acoustic and Visual Speech Signals and Its Relation to Acoustic Distance in Vowels,"Matsubara Risa, Ariga Terumichi, Kishiyama Takeshi, Huang Chuyu","audiovisual speech perception, McGurk effect, Estonian, vowel perception, lipreading",Multimodal Phonetics,none,none,FALSE,https://www.internationalphoneticassociation.org/icphs-proceedings/ICPhS2023/full_papers/718.pdf
720,Dialectal differences in the realisation of Tone 1 in Taiwan Mandarin,"Fon Janice, Chuang Yu-Ying","Dialectal difference, Tone 1, Level tone, Tonal realisation, Taiwan Mandarin",Tone,none,none,FALSE,https://www.internationalphoneticassociation.org/icphs-proceedings/ICPhS2023/full_papers/720.pdf
721,How measures of gestural overlap relate to dynamics: evidence from German & English word-initial stop-lateral clusters,"Du Shihao, Kuberski Stephan, Gafos Adamantios","stiffness, overlap, consonant clusters",Laboratory Phonology,none,none,FALSE,https://www.internationalphoneticassociation.org/icphs-proceedings/ICPhS2023/full_papers/721.pdf
722,The influence of musical abilities on the processing of L2 focus prosody: An eye-tracking study,"Jansen Nelleke, Loerts Hanneke, Harding Eleanor E., Başkent Deniz, Lowie Wander","L2, prosody, focus, musical abilities, visual world paradigm",Special Session - Interplay or intermezzo? Structures and processes in prosody and music,none,none,FALSE,https://www.internationalphoneticassociation.org/icphs-proceedings/ICPhS2023/full_papers/722.pdf
723,Final lengthening in line end perception of re-synthesized recitations of German poems,"Schauffler Nadja, Koch Julia, Ketschik Nora, Bernhart Toni, Dieterle Felix, Eschenbach Gunilla, Kinder Anna, Richter Sandra, Viehhauser Gabriel, Vu Thang, Kuhn Jonas","perception, speech synthesis, enjambment, poetry, digital humanities",Speech Perception,none,none,FALSE,https://www.internationalphoneticassociation.org/icphs-proceedings/ICPhS2023/full_papers/723.pdf
725,Resources and tools for pre-processing speech data in a lesser-known variety of English,"Vella Alexandra, Grech Sarah, Padovani Ian, Micallef Maria-Christina","resources & tools, low resource, phonetics & phonology, Maltese English, variety of English",Phonetics of Lesser Documented and Endangered Languages,none,none,FALSE,https://www.internationalphoneticassociation.org/icphs-proceedings/ICPhS2023/full_papers/725.pdf
726,A production study of Korean consonants,"Perkins Jeremy, Lee Dahm, Lee Seunghun","Korean obstruents, laryngeal setting, psychoacoustic roughness",Speech Acoustics,none,none,FALSE,https://www.internationalphoneticassociation.org/icphs-proceedings/ICPhS2023/full_papers/726.pdf
727,Using machine learning to model the three-way laryngeal contrast in Korean,"Perkins Jeremy, Yan Yu, Lee Dahm, Lee Seunghun","Korean, laryngeal contrast, machine learning, random forest",Speech Acoustics,none,none,FALSE,https://www.internationalphoneticassociation.org/icphs-proceedings/ICPhS2023/full_papers/727.pdf
729,Geminate rearticulation is psychoacoustically robust: Imitation of Polish geminates by Spanish-Catalan bilinguals,"Rojczyk Arkadiusz, Rallo Fabra Lucrecia","geminate consonants, rearticulation, phonetic imitation, second-language speech",Phonetics of Second and Foreign Language Acquisition,none,none,FALSE,https://www.internationalphoneticassociation.org/icphs-proceedings/ICPhS2023/full_papers/729.pdf
730,Glottalization of voiceless stops in Multicultural London English,"Chong Adam, Garellek Marc","glottalisation, voiceless stops, Multicultural London English, phonetic theory",Laboratory Phonology,none,none,FALSE,https://www.internationalphoneticassociation.org/icphs-proceedings/ICPhS2023/full_papers/730.pdf
733,Variability in the stress group pattern of Copenhagen Danish with a focus on the Copenhagen multiethnolect,Pharao Nicolai,"pitch, multiethnolect, sociophonetic variation, rhythm",Speech Prosody,none,none,FALSE,https://www.internationalphoneticassociation.org/icphs-proceedings/ICPhS2023/full_papers/733.pdf
734,Prosodic alignment in different conversational feedback functions,"Figueroa Carol, Benus Stefan, Skantze Gabriel","prosody, feedback, alignment, backchannels, entrainment",Speech Prosody,none,none,FALSE,https://www.internationalphoneticassociation.org/icphs-proceedings/ICPhS2023/full_papers/734.pdf
735,Formant characteristics of unstressed unreduced vowels in American English: only explained by duration?,Sugahara Mariko,"unstressed unreduced vowels, American English, phonetic reduction, duration, formant characteristics",Laboratory Phonology,none,none,FALSE,https://www.internationalphoneticassociation.org/icphs-proceedings/ICPhS2023/full_papers/735.pdf
736,Recovering implicit pitch contours from formants in whispered speech,"Pérez Zarazaga Pablo, Malisz Zofia","Whispered speech, Formant contours, Pitch contours, Intonation, Machine learning",Speech Technology,none,none,FALSE,https://www.internationalphoneticassociation.org/icphs-proceedings/ICPhS2023/full_papers/736.pdf
737,Game of phones: a socio-phonetic analysis of stylised media performance of yorkshire english,Jackson Lucy,"vowels, sociophonetics, media, accents, performance",Special Session - Qualitative research in phonetics,none,none,FALSE,https://www.internationalphoneticassociation.org/icphs-proceedings/ICPhS2023/full_papers/737.pdf
740,Variation in the Scottish BIT vowel: Comparing two corpora,"Hall-Lew Lauren, Elliott Zuzana, Göbel Jessica, Cowie Claire, Markl Nina","sociophonetics, social class, style, vowels",Sociophonetic Variation,none,none,FALSE,https://www.internationalphoneticassociation.org/icphs-proceedings/ICPhS2023/full_papers/740.pdf
741,The Voiceless Velar Stop /k/ in Rijal Alma Arabic Revisited,"Yaqoub Leila, Hellmuth Sam, Bailey George","Rijal Alma dialect, velar stop /k/, auditory realisation, acoustics measurements",Sociophonetic Variation,none,none,FALSE,https://www.internationalphoneticassociation.org/icphs-proceedings/ICPhS2023/full_papers/741.pdf
742,Articulation of Cantonese and English sibilants among bilingual speakers in Hong Kong,"Havenhill Jonathan, Liu Ming, Li Tak Wang","ultrasound tongue imaging, articulation, sibilants, Hong Kong Cantonese, bilingualism",Speech Production and Speech Physiology,none,none,FALSE,https://www.internationalphoneticassociation.org/icphs-proceedings/ICPhS2023/full_papers/742.pdf
743,Acoustic correlates of allophonic plosive voicing in Romeyka Greek,"Yazar Merve, Bağrıaçık Metin, Canalis Stefano, Dadan Mehmet Can, Eryılmaz Metehan","acoustics of voicing, VOT, f0, plosives, Romeyka",Phonetics of Lesser Documented and Endangered Languages,none,none,FALSE,https://www.internationalphoneticassociation.org/icphs-proceedings/ICPhS2023/full_papers/743.pdf
744,Extraction of emotional prosody from telephone calls to hospital emergency departments,"WEI Dongjun, EMBARKI Mohamed, BARAKAT Oussama, DESMETTRE Thibaut, MARX Tania, VAUCHEREY Coralie, ROBERT Stephan","vocal emotion, F0, emergency medical regulation, artificial intelligence",Speech Prosody,none,none,FALSE,https://www.internationalphoneticassociation.org/icphs-proceedings/ICPhS2023/full_papers/744.pdf
745,The role of L2 fluency in the perception of non-native clusters by Turkish speakers,Canalis Stefano,"Perceptual illusion, Turkish phonology, loanword adaptation, L2 fluency, vowel epenthesis",Speech Perception,none,none,FALSE,https://www.internationalphoneticassociation.org/icphs-proceedings/ICPhS2023/full_papers/745.pdf
747,The effect of L2 experience on Mandarin speakers’ production of Australian English short and long vowels,"Liu Shuting, Maxwell Olga, Fletcher Janet","L1 Mandarin, Australian English, L2 experience, vowels, spectral overlap",Phonetics of Second and Foreign Language Acquisition,none,none,FALSE,https://www.internationalphoneticassociation.org/icphs-proceedings/ICPhS2023/full_papers/747.pdf
749,Does visuospatial working memory predict L2 perceptual learning from phonetic training with hand gestures?,"Xi Xiaotong, Li Peng, Prieto Pilar","Hand gestures, L2 perception, VSWM, phonetic training, English vowel",Phonetics of Second and Foreign Language Acquisition,none,none,FALSE,https://www.internationalphoneticassociation.org/icphs-proceedings/ICPhS2023/full_papers/749.pdf
750,Reinforcing infant vocalisations through self-initiated feedback: A tool for basic research and clinical interventions,"Keren-Portnoy Tamar, Daffern Helena, DePaolis Rory, Cox Christopher, Brown Kenneth, Oxley Florence, Kanaan Mona","Vocalisation, babble, reinforcement, low SES, language development",Special Session - Novel approaches to studying vocal development,none,none,FALSE,https://www.internationalphoneticassociation.org/icphs-proceedings/ICPhS2023/full_papers/750.pdf
752,Disappearing supralaryngeal articulatory distinction of the three-way laryngeal contrast of Korean velar stops,"Song Jiyeon, Kim Sahyang, Cho Taehong","Korean three-way stop contrast, VOT merger, sound change, kinematic characteristics",Laboratory Phonology,none,none,FALSE,https://www.internationalphoneticassociation.org/icphs-proceedings/ICPhS2023/full_papers/752.pdf
753,"The domain of boundary-related lengthening in Tokyo Japanese, a mora-timed language","Chien Sherry, Tsai Karen, Katsika Argyro","boundary lengthening, moraic structure, Tokyo Japanese, articulation, Articulatory Phonology",Speech Prosody,none,none,FALSE,https://www.internationalphoneticassociation.org/icphs-proceedings/ICPhS2023/full_papers/753.pdf
754,Functions of Amfo'an (Meto) prosody: a preliminary acoustic study,Culhane Kirsten,"Austronesian, Indonesia, prosody, F0, word stress",Speech Prosody,none,none,FALSE,https://www.internationalphoneticassociation.org/icphs-proceedings/ICPhS2023/full_papers/754.pdf
755,Language-specific stress discrimination by European Portuguese-learning infants – An ERP study,"Lu Shuang, Severino Cátia, Vigário Marina, Frota Sónia","infant stress perception, ERP, mismatch response, iambic advantage, European Portuguese",Speech Perception,none,none,FALSE,https://www.internationalphoneticassociation.org/icphs-proceedings/ICPhS2023/full_papers/755.pdf
756,Phonetic-phonological factors in stuttering in German,"Jorschick Annett, Rachko Dinah, Cholin Joana",stuttering; phonology-phonetics interface; phonological-phonetic complexity,Clinical Phonetics and Speech Disorders,none,none,FALSE,https://www.internationalphoneticassociation.org/icphs-proceedings/ICPhS2023/full_papers/756.pdf
758,ASR-based development of challenging speaker discrimination tests,"Fröhlich Andrea, Dellwo Volker, French Peter, Ramon Meike","voice super-recognizers (VSR), speaker discrimination, forensic phonetics",Forensic Phonetics and Speaker Characteristics,none,none,FALSE,https://www.internationalphoneticassociation.org/icphs-proceedings/ICPhS2023/full_papers/758.pdf
760,Segmental Accuracy and Intelligibility: Native and nonnative listeners' perspectives,Na In Young,"intelligibility, pronunciation, segmental errors, listener factors, nonnative",Speech Perception,none,none,FALSE,https://www.internationalphoneticassociation.org/icphs-proceedings/ICPhS2023/full_papers/760.pdf
763,Effects of language training on mandarin lexical tone perception by Japanese speakers,Qi Wu,"tone, years of language training, register, syllable duration, perception",Phonetics of Second and Foreign Language Acquisition,none,none,FALSE,https://www.internationalphoneticassociation.org/icphs-proceedings/ICPhS2023/full_papers/763.pdf
764,Perception and Production of English Tense and Lax Vowels by Chinese EFL Learners,"Wang Lijuan, Guo Jiwei, Feng Hui",Tense-lax vowel contrast; The Revised Speech Learning Model; Chinese EFL learners,Phonetics of Second and Foreign Language Acquisition,none,none,FALSE,https://www.internationalphoneticassociation.org/icphs-proceedings/ICPhS2023/full_papers/764.pdf
766,The effect of targeted voice manipulations on long-term acoustic characteristics,"Houzar Alžběta, Nechanský Tomáš, Skarnitzl Radek","voice manipulation, fundamental frequency, formants, harmonicity, spectral slope",Forensic Phonetics and Speaker Characteristics,none,none,FALSE,https://www.internationalphoneticassociation.org/icphs-proceedings/ICPhS2023/full_papers/766.pdf
768,Intelligibility and related features of English sounds produced by young Japanese learners,"Joto Akiyo, Nishio Yuri","intelligibility, young Japanese learners, English pronunciation, English alphabet letter names",Phonetics of Second and Foreign Language Acquisition,none,none,FALSE,https://www.internationalphoneticassociation.org/icphs-proceedings/ICPhS2023/full_papers/768.pdf
770,Effect of context F0 on quantity in Finnish,"O'Dell Michael, Nieminen Tommi, Vakkilainen Joonas","Finnish, quantity, F0, tempo",Speech Perception,none,none,FALSE,https://www.internationalphoneticassociation.org/icphs-proceedings/ICPhS2023/full_papers/770.pdf
772,Contributions of acoustic measures to the classification of laryngeal voice quality in continuous English speech,"Xu Chenzi, Foulkes Paul, Harrison Philip, Hughes Vincent, Wormald Jess","Voice quality, phonation types, acoustics",Phonation and Voice Quality,github,https://github.com/uoy-research/pasroutput/tree/main/icphs_23_voicequality,TRUE,https://www.internationalphoneticassociation.org/icphs-proceedings/ICPhS2023/full_papers/772.pdf
773,The 6th ICPhS in Prague and the organized life of phonetics,Šturm Pavel,"phonetic congresses, ICPhS, ISPhS, history of phonetics, Bohuslav Hála",History of Phonetics,none,none,FALSE,https://www.internationalphoneticassociation.org/icphs-proceedings/ICPhS2023/full_papers/773.pdf
774,The development of canonical proportion continues past toddlerhood,"Hitczenko Kasia, Bergelson Elika, Casillas Marisa, Colleran Heidi, Cychosz Margaret, Grosjean Pauline, Hamrick Lisa R., Kelleher Bridgette L., Scaff Camila, Seidl Amanda, Walker Sarah, Cristia Alejandrina",language acquisition; citizen science; child vocalizations; speech production; long-form recordings,Special Session - Novel approaches to studying vocal development,github,github.com/khitczenko/ canprop-by-age_icphs2023,TRUE,https://www.internationalphoneticassociation.org/icphs-proceedings/ICPhS2023/full_papers/774.pdf
775,L3 Norwegian /ʉː/ and /uː/ in L1 Polish/L2 English learners: different patterns of cross-linguistic interactions,"Weckwerth Jarosław, Wrembel Magdalena, Kaźmierski Kamil, Balas Anna",Vowel formants; Norwegian; Polish; English; vowel overlap; cross-linguistic influence,Phonetics of Second and Foreign Language Acquisition,none,none,FALSE,https://www.internationalphoneticassociation.org/icphs-proceedings/ICPhS2023/full_papers/775.pdf
776,Gestures-prosody (a)synchrony: Temporal interaction between head and eyebrow peaks in statements and yes-no questions,"Cruz Marisa, Frota Sonia","kinematics, temporal coordination, eyebrow peaks, head peaks, intonation",Multimodal Phonetics,none,none,FALSE,https://www.internationalphoneticassociation.org/icphs-proceedings/ICPhS2023/full_papers/776.pdf
777,Geminate types and their acoustic effects on adjacent vowels in Hungarian,Neuberger Tilda,"consonant length, geminate types, vowel acoustics, autosegmental representation, Hungarian",Phonology-Phonetics Interface,none,none,FALSE,https://www.internationalphoneticassociation.org/icphs-proceedings/ICPhS2023/full_papers/777.pdf
778,The relationship between vowel change and nasal loss in the Chengdu dialect of Mandarin Chinese: Evidence from rt-MRI,"Liao Sishi, Hoole Phil, Harrington Jonathan",Chengdu dialect; sound change; vowel raising; vowel fronting; /an/-rime,Speech Production and Speech Physiology,none,none,FALSE,https://www.internationalphoneticassociation.org/icphs-proceedings/ICPhS2023/full_papers/778.pdf
779,Strategies of vocal adaptation to background noise of dysphonic and control schoolteachers,"Pettirossi Amelia, Audibert Nicolas, Crevier-Buchman Lise","coping strategies, schoolteachers, dysphonia, quiet vs. noisy context, adaptability",Clinical Phonetics and Speech Disorders,none,none,FALSE,https://www.internationalphoneticassociation.org/icphs-proceedings/ICPhS2023/full_papers/779.pdf
780,Analysis of spectral features' change for speaker comparison,"Gráczi Tekla Etelka, Krepsz Valéria, Huszár Anna, Száraz Bettina, Deme Andrea, Juhász Kornélia, Markó Alexandra","spectral changes, speaker comparison, vowels, voiceless obstruents",Forensic Phonetics and Speaker Characteristics,none,none,FALSE,https://www.internationalphoneticassociation.org/icphs-proceedings/ICPhS2023/full_papers/780.pdf
781,Perception of Japanese pitch accent by Dutch listeners: from acoustic to phonological processing,"Hu Shuangshuang, Kager René","perception of Japanese pitch accent, phonological processing, positional marking",Speech Perception,none,none,FALSE,https://www.internationalphoneticassociation.org/icphs-proceedings/ICPhS2023/full_papers/781.pdf
783,Perception of coarticulated tones in Taiwan Mandarin and Taiwan Southern Min,"Huang Po-Hsuan, Chiu Chenhao","tone perception, normalization, tonal coarticulation, Taiwan Mandarin, Taiwan Southern Min",Speech Perception,none,none,FALSE,https://www.internationalphoneticassociation.org/icphs-proceedings/ICPhS2023/full_papers/783.pdf
785,Disyllabic tone sandhi patterns in Shaoxing Wu Chinese,"Wen Xinyi, Chen Yiya, Cheng Lisa","Tone Sandhi, Northern Wu Chinese, Tonal Register, Contour",Tone,none,none,FALSE,https://www.internationalphoneticassociation.org/icphs-proceedings/ICPhS2023/full_papers/785.pdf
786,Dynamic articulatory and acoustic features of Hungarian sibilants as a function of phonological voicing,"Gráczi Tekla Etelka, Juhász Kornélia, Csapó Tamás Gábor, Deme Andrea, Markó Alexandra","tongue root movement, tongue front movement, spectral features, phonation, sibilants",Speech Production and Speech Physiology,none,none,FALSE,https://www.internationalphoneticassociation.org/icphs-proceedings/ICPhS2023/full_papers/786.pdf
787,The perception of surprise questions in Estonian,"Lippus Pärtel, Asu Eva Liina, Leppik Katrin, Sahkai Heete","surprise, non-canonical questions, information-seeking questions, prosody, perception, Estonian",Speech Prosody,osf,https://osf.io/b4fek,TRUE,https://www.internationalphoneticassociation.org/icphs-proceedings/ICPhS2023/full_papers/787.pdf
788,Perception of voicing distinction in syllable-initial stops by multilingual speakers,"Cal Zuzanna, Wrembel Magdalena","speech perception, L3 phonology, multilingualism, VOT, third language acquisition",Speech Perception,none,none,FALSE,https://www.internationalphoneticassociation.org/icphs-proceedings/ICPhS2023/full_papers/788.pdf
790,The role of rhythmic stress in the perception of words,"Łukaszewicz Anna, Łukaszewicz Beata, Mołczanow Janina","perception, Polish, rhythm, RTs, stress",Speech Perception,none,none,FALSE,https://www.internationalphoneticassociation.org/icphs-proceedings/ICPhS2023/full_papers/790.pdf
792,f0 enhancement in Japanese voicing contrast by Japanese native speakers and its implication to L2 perception/production,Iwamoto Keiji,"voicing contrast, phonological focus, Japanese",Phonetics of Second and Foreign Language Acquisition,none,none,FALSE,https://www.internationalphoneticassociation.org/icphs-proceedings/ICPhS2023/full_papers/792.pdf
793,The effect of prose and poetry text layout on the acoustics of reading aloud,"Nenadić Filip, Tucker Benjamin","poetry, genre, oral reading, speech acoustics, prosody",Speech Acoustics,none,none,FALSE,https://www.internationalphoneticassociation.org/icphs-proceedings/ICPhS2023/full_papers/793.pdf
794,A preliminary investigation of vocalic realizations of Hispanic micro-workers from Latin America,"Vasilescu Ioana, Wu Yaru, Lamel Lori, Torres Cierpe Juana, Tubaro Paola","socio-phonetics, LA Spanish, vocalic quality, socio-demographic variables",Sociophonetic Variation,none,none,FALSE,https://www.internationalphoneticassociation.org/icphs-proceedings/ICPhS2023/full_papers/794.pdf
795,Oral reading proficiency and prosody – a perceptual pilot study on especially fluent German students (grade 3 to 7),Sappok Christopher,"oral reading, read speech, fluency, pros- ody, German children",Speech Prosody,none,none,FALSE,https://www.internationalphoneticassociation.org/icphs-proceedings/ICPhS2023/full_papers/795.pdf
796,Phonation and Aging in White Hmong,"Khan Sameer, Esposito Christina, Schäfer Kevin",phonation; White Hmong; aging,Special Session - The sounds of ageing,none,none,FALSE,https://www.internationalphoneticassociation.org/icphs-proceedings/ICPhS2023/full_papers/796.pdf
797,Effects of speech modalities in acquiring neural markers of voice recognition: An ERP experiment using voice lineups,"Plante-Hebert Julien, Boucher Victor, Jemel Boutheina","speaker familiarity, event-related potentials (ERP), voice learning, voice lineups",Phonetic Neurolinguistics,none,none,FALSE,https://www.internationalphoneticassociation.org/icphs-proceedings/ICPhS2023/full_papers/797.pdf
798,Word class and frequency effects in Hawaiian stressed vowel clusters,Kettig Thomas,"Hawaiian, vowels, reduction, word frequency, grammatical class",Phonetics of Lesser Documented and Endangered Languages,none,none,FALSE,https://www.internationalphoneticassociation.org/icphs-proceedings/ICPhS2023/full_papers/798.pdf
800,Production of Cantonese tones by Mandarin-speaking immigrants: Acoustic and perceptual measurements,"Yang Yike, Han Dong, Wong Sze Man, Chan Chak Sum, Leung Chun Yeung, Chen Xiaocong","speech production, speech prosody, lexical tone, second language, Cantonese",Tone,none,none,FALSE,https://www.internationalphoneticassociation.org/icphs-proceedings/ICPhS2023/full_papers/800.pdf
801,Can segmental or syllabic durations be predicted by the presence of co-speech gestures?,"Nabrotzky Jule, Ambrazaitis Gilbert, Zellers Margaret, House David",Prominence; multimodal prosody; speech-gesture integration; lexical stress; durational variation,Multimodal Phonetics,osf,osf.io/b35ke,TRUE,https://www.internationalphoneticassociation.org/icphs-proceedings/ICPhS2023/full_papers/801.pdf
802,Speech breathing during physical activity is opportunistic,Weston Heather,"speech production, respiratory pattern, talking while walking, dyspnea, human performance",Speech Production and Speech Physiology,none,none,FALSE,https://www.internationalphoneticassociation.org/icphs-proceedings/ICPhS2023/full_papers/802.pdf
803,Articulatory and acoustic analysis of coarticulated /u/ and /y/ produced by female and male speakers of German,"Bučar Shigemori Lia Saki, Franzke Rosa, Hoole Philip","coarticulation, sex differences, acoustic-articulatory relations, ultrasound, vowels",Speech Production and Speech Physiology,none,none,FALSE,https://www.internationalphoneticassociation.org/icphs-proceedings/ICPhS2023/full_papers/803.pdf
807,Redefining the variable context(s) for English (t/d)-deletion,Walker James,"English, deletion, consonants, variation",Sociophonetic Variation,none,none,FALSE,https://www.internationalphoneticassociation.org/icphs-proceedings/ICPhS2023/full_papers/807.pdf
808,Contrast and givenness in biased declarative questions,"Repp Sophie, Seeliger Heiko","prosody, biased declarative question, givenness, contrast, focus",Speech Prosody,none,none,FALSE,https://www.internationalphoneticassociation.org/icphs-proceedings/ICPhS2023/full_papers/808.pdf
810,"O Lo/r/d, open thou ou/r/ lips: rhoticity in choral singing from Glasgow and Cambridge",Marshall Edward,"rhotics, phonology, singing, sociophonetic, standard accent, SSBE",Laboratory Phonology,none,none,FALSE,https://www.internationalphoneticassociation.org/icphs-proceedings/ICPhS2023/full_papers/810.pdf
811,The effect of (non-)native language and task complexity on speech entrainment,"Mareková Lucia, Kruyt Joanna, Beňuš Štefan","entrainment, task complexity, L1 vs. L2, cognitive load",Speech Prosody,none,none,FALSE,https://www.internationalphoneticassociation.org/icphs-proceedings/ICPhS2023/full_papers/811.pdf
812,Acoustic analysis of Mandarin speech in a mixed emotion of pleasure and disgust,"GONG Mengjie, Gu Wentao",mixed emotion; Mandarin; non- parametric statistical analysis; clustering analysis,Phonetics of Affective Speech,none,none,FALSE,https://www.internationalphoneticassociation.org/icphs-proceedings/ICPhS2023/full_papers/812.pdf
813,The l~n merger in Southwestern Mandarin: an articulatory study,"Huang Jing, Shibata Kye, Hsieh Feng-fan, Chang Yueh-chin, Tiede Mark","EMA, ultrasound, lateral, nasal, Southwestern Mandarin",Speech Production and Speech Physiology,none,none,FALSE,https://www.internationalphoneticassociation.org/icphs-proceedings/ICPhS2023/full_papers/813.pdf
814,Stress conditioned phonological process: a case study of italian palatalization,"Shao Bowei, Buech Philipp, Hermes Anne, Giavazzi Maria","Lexical prominence, stress, Italian palatalization, μ-gesture, acoustics",Laboratory Phonology,none,none,FALSE,https://www.internationalphoneticassociation.org/icphs-proceedings/ICPhS2023/full_papers/814.pdf
815,Phonetic realization of multiple stress levels by speakers of a non-stress language: A case of Japanese-accented English,"Tajima Keiichi, Kitahara Mafuyu, Yoneyama Kiyoko","vowel reduction, vowel devoicing, vowel duration, vowel quality, stressed/unstressed syllables",Phonetics of Second and Foreign Language Acquisition,none,none,FALSE,https://www.internationalphoneticassociation.org/icphs-proceedings/ICPhS2023/full_papers/815.pdf
816,Effects of adult attachment style on emotion: Evidence from physiological and acoustic measures,"Hu Han, Gu Wentao","attachment style, emotion, physiological index, acoustic measure",Phonetics of Affective Speech,none,none,FALSE,https://www.internationalphoneticassociation.org/icphs-proceedings/ICPhS2023/full_papers/816.pdf
817,Accommodation to passive exposure in the L2,"Weber Julika, Geissler Christopher","accommodation, L2 acquisition",Phonetics of Second and Foreign Language Acquisition,osf,https://osf.io/r2nca/?view_only= d1363fcfd2df4660afd29323305811c3,TRUE,https://www.internationalphoneticassociation.org/icphs-proceedings/ICPhS2023/full_papers/817.pdf
818,Learning to distinguish the three-way laryngeal contrast of Korean plosives by native English speakers,"Perrachione Tyler, Gabrieli John, Finn Amy","second language acquisition, voice onset time",Phonetics of Second and Foreign Language Acquisition,none,none,FALSE,https://www.internationalphoneticassociation.org/icphs-proceedings/ICPhS2023/full_papers/818.pdf
819,Perceptual Evaluation of Natural and Synthesized Prosody in Chinese Learners’ English Production,"Chen Ying, Li Yan, Xiao Wentao, Liu Li","L2 English, prosodic focus, synthesized prosody, speech naturalness, perceptual evaluation",Speech Prosody,none,none,FALSE,https://www.internationalphoneticassociation.org/icphs-proceedings/ICPhS2023/full_papers/819.pdf
820,Articulatory timing of the Japanese singleton and geminate /t/ produced by speakers of Standard Chinese,"Morimoto Maho, Mizoguchi Ai, Li Weiyu, Arai Takayuki","Japanese geminates, Standard Chinese, L2, articulation, ultrasound",Phonetics of Second and Foreign Language Acquisition,none,none,FALSE,https://www.internationalphoneticassociation.org/icphs-proceedings/ICPhS2023/full_papers/820.pdf
821,On the role of glottal stop: from boundary marker to correlate of focus. An experimental study on Italian and French,"De Paolis Bianca Maria, Abbà Bianca, Romano Antonio","glottalisation, glottal stops, focus, Italian, French",Phonation and Voice Quality,none,none,FALSE,https://www.internationalphoneticassociation.org/icphs-proceedings/ICPhS2023/full_papers/821.pdf
822,What makes a geminate? An acoustic study of consonants in Garo,"A’gitok Cheman Baira, Athanasopoulou Angeliki","gemination, length, consonants, syllabification, Garo, Sino-Tibetan",Speech Acoustics,none,none,FALSE,https://www.internationalphoneticassociation.org/icphs-proceedings/ICPhS2023/full_papers/822.pdf
823,A diachronic study of vowel harmony in French broadcast speech since 1940,"Cecelewski Juliusz, Gendrot Cédric, Boula de Mareüil Philippe, Adda-Decker Martine","acoustic phonetics, diachrony, vowel harmony, French mid vowels",Speech Acoustics,none,none,FALSE,https://www.internationalphoneticassociation.org/icphs-proceedings/ICPhS2023/full_papers/823.pdf
824,Creaky voice in three Scots varieties: Using f0-based identification to consider social and linguistic factors,Pearce Joe,"Voice quality, creaky voice, sociophonetics, Scottish English, gender",Phonation and Voice Quality,none,none,FALSE,https://www.internationalphoneticassociation.org/icphs-proceedings/ICPhS2023/full_papers/824.pdf
825,The loss of intervocalic short /h/ in Estonian,Teras Pire,"phonetics, variation, glottal fricative, sound loss, Estonian",Phonetics of Sound Change,none,none,FALSE,https://www.internationalphoneticassociation.org/icphs-proceedings/ICPhS2023/full_papers/825.pdf
826,Aspiration of fortis plosives in multiethnolectal Zurich German,"Morand Marie-Anne, Watter Camille, Schmid Stephan","Sociophonetics, multiethnolects, Zurich German, sound change, aspirated plosives",Sociophonetic Variation,none,none,FALSE,https://www.internationalphoneticassociation.org/icphs-proceedings/ICPhS2023/full_papers/826.pdf
828,What makes a good pause? Investigating the turn-holding effects of fillers,"Jiang Bing'er, Ekstedt Erik, Skantze Gabriel","Hesitation, fillers, turn-taking, spoken dialog, computational modelling",Phonetics of Conversation,none,none,FALSE,https://www.internationalphoneticassociation.org/icphs-proceedings/ICPhS2023/full_papers/828.pdf
830,Macro- and Micro-rhythm in L2 English: Exploration and Refinement of the Measures,"Ortega-Llebaria Marta, SilvaJr. Leonidas, Nagao Jun","L2 rhythm, Macro-rhythm, L2 acquisition, L2 Prosody, EFL",Speech Prosody,none,none,FALSE,https://www.internationalphoneticassociation.org/icphs-proceedings/ICPhS2023/full_papers/830.pdf
831,Input distribution of Korean affricates in the context of a diachronic sound change: comparison between IDS and ADS,"Nam Minji, Choi Youngon, Hwang Hyun Kyung, Mazuka Reiko","affricates, Korean, phonetic input, diachronic change, speech register",Phonetics of First Language Acquisition,none,none,FALSE,https://www.internationalphoneticassociation.org/icphs-proceedings/ICPhS2023/full_papers/831.pdf
832,The edge tones inventory in Standard Russian prosody: are phrase accents required?,Duryagin Pavel,"intonation, autosegmental metrical model, phrase accent, truncation, Russian",Speech Prosody,none,none,FALSE,https://www.internationalphoneticassociation.org/icphs-proceedings/ICPhS2023/full_papers/832.pdf
834,Vocal effort in human interactions with voice-AI,"Bradshaw Leah, Perepelytsia Valeriia, Dellwo Volker","speech communication, vocal effort, voice-AI, speaker accommodation",Speech Acoustics,none,none,FALSE,https://www.internationalphoneticassociation.org/icphs-proceedings/ICPhS2023/full_papers/834.pdf
835,Interactions of speech and speaker processing in early evoked components,"Rinke Paula, Lavan Nadine, Scharinger Mathias","speaker processing, voice processing, EEG, ERP",Phonetic Neurolinguistics,none,none,FALSE,https://www.internationalphoneticassociation.org/icphs-proceedings/ICPhS2023/full_papers/835.pdf
836,Compensatory breathiness in Canary Islands Spanish – an acoustic study of vowels in /s/ weakening contexts,Broś Karolina,"Spanish, /s/ weakening, incomplete neutralisation, phonetics-phonology interface",Laboratory Phonology,none,none,FALSE,https://www.internationalphoneticassociation.org/icphs-proceedings/ICPhS2023/full_papers/836.pdf
837,PEASYV: a procedure to obtain phonetic data from subtitled videos,"Méli Adrien, Ballier Nicolas",,Speech Corpora and Big Data,none,none,FALSE,https://www.internationalphoneticassociation.org/icphs-proceedings/ICPhS2023/full_papers/837.pdf
838,A simple acoustic measure of onset complexity,Durvasula Karthik,"Onset complexity, Production experiments, Corpora, English, Jazani Arabic",Syllable,website,https://buckeyecorpus.osu.edu,TRUE,https://www.internationalphoneticassociation.org/icphs-proceedings/ICPhS2023/full_papers/838.pdf
839,Evidence for preplanned and adaptive F0 control,Kim Seung-Eun,"F0 control, F0 preplanning, adaptive control, utterance length, delayed stimuli",Speech Prosody,none,none,FALSE,https://www.internationalphoneticassociation.org/icphs-proceedings/ICPhS2023/full_papers/839.pdf
840,Lexical tones are timed to articulatory gestures,Burroni Francesco,"lexical tone, timing, articulation, anchoring, articulatory phonology",Tone,none,none,FALSE,https://www.internationalphoneticassociation.org/icphs-proceedings/ICPhS2023/full_papers/840.pdf
841,What is glottal whistle? – Exploring extremly high fundamental frequencies in human vocal production,"Grawunder Sven, Wingerath Angela","vocal registers, glottal mechanisms, voice quality",Phonation and Voice Quality,none,none,FALSE,https://www.internationalphoneticassociation.org/icphs-proceedings/ICPhS2023/full_papers/841.pdf
842,Comparing apples to oranges - asynchrony in jaw & lip articulation of syllables,"Svensson Lundmark Malin, Erickson Donna","syllable, peak velocity, displacement, jaw articulation, lip aperture",Speech Production and Speech Physiology,none,none,FALSE,https://www.internationalphoneticassociation.org/icphs-proceedings/ICPhS2023/full_papers/842.pdf
844,Acoustic Correlates of Self-Ascribed Masculinity/Femininity in an American English sample,"Zhou Chen, Bishop Jason","masculinity/femininity, socio-phonetics, gender identity, individual variability in speech",Sociophonetic Variation,none,none,FALSE,https://www.internationalphoneticassociation.org/icphs-proceedings/ICPhS2023/full_papers/844.pdf
849,The processing of prosodic prominence in German,"Zeyer Barbara, Penke Martina","Prosodic prominence, language processing, word-monitoring, German",Phonetic Psycholinguistics,none,none,FALSE,https://www.internationalphoneticassociation.org/icphs-proceedings/ICPhS2023/full_papers/849.pdf
851,Weighted phonetic distances in the evaluation of phonotactics,"Orzechowska Paula, Dziubalska-Kołaczyk Katarzyna","consonant clusters, phonetic features, weights, frequency, German",Speech Perception,none,none,FALSE,https://www.internationalphoneticassociation.org/icphs-proceedings/ICPhS2023/full_papers/851.pdf
852,Investigations of F0 control: pitch targets vs. pitch register,"Kim Seung-Eun, Tilsen Sam","F0 control, pitch targets, pitch register, correlation",Speech Prosody,none,none,FALSE,https://www.internationalphoneticassociation.org/icphs-proceedings/ICPhS2023/full_papers/852.pdf
853,Revisiting CV timing with a new technique to identify inter-gestural proportional timing,"Durvasula Karthik, Wang Yichen","CV timing, in-phase, anti-phase, offset- onset alignment, X-Ray microbeam data",Phonology-Phonetics Interface,none,none,FALSE,https://www.internationalphoneticassociation.org/icphs-proceedings/ICPhS2023/full_papers/853.pdf
855,The sociophonetic variation of /j/ and /ɻ/ in malappuram malayalam,"Thesni K Naseera, Punnoose Reenu","Sociophonetics, Variation, Approximants, Malappuram Malayalam",Sociophonetic Variation,none,none,FALSE,https://www.internationalphoneticassociation.org/icphs-proceedings/ICPhS2023/full_papers/855.pdf
856,On the evolution of ICPhS between 1932 and 2019,Trouvain Jürgen,"history of phonetics, ICPhS, archiving",History of Phonetics,none,none,FALSE,https://www.internationalphoneticassociation.org/icphs-proceedings/ICPhS2023/full_papers/856.pdf
857,Cepstral peak prominence in normophonic adults: the effect of gender and speech task segmental composition,"O Regan Saoirse, Yanushevskaya Irena","Cepstral Peak Prominence, normative data, gender, speech task, clinical voice analysis",Phonation and Voice Quality,none,none,FALSE,https://www.internationalphoneticassociation.org/icphs-proceedings/ICPhS2023/full_papers/857.pdf
858,A preliminary study on Cantonese vowel development by young heritage children,"Lan Chen, Mok Peggy","heritage language, heritage speakers, Cantonese vowel, language acquisition",Bilingual/Multilingual Phonetics,none,none,FALSE,https://www.internationalphoneticassociation.org/icphs-proceedings/ICPhS2023/full_papers/858.pdf
861,Different sensitivity to temporal auditory feedback perturbation in adults who stutter: syllable structure effects,"Oschkinat Miriam, Hoole Philip","Temporal auditory feedback perturba- tion, stuttering, reactive feedback control, adaptation",Special Session - Bridging linguistic and clinical perspectives through computational models of speech,none,none,FALSE,https://www.internationalphoneticassociation.org/icphs-proceedings/ICPhS2023/full_papers/861.pdf
862,Animated film character profiles: the roles of voice and lexical content,"Crochiquia Alice, Eriksson Anders, Madureira Sandra, A. Barbosa Plinio","dubbing, perception, animated film, voice acting, character features",Speech Perception,none,none,FALSE,https://www.internationalphoneticassociation.org/icphs-proceedings/ICPhS2023/full_papers/862.pdf
865,Intonational preferences for lexical contrast and verum focus,"Röhr Christine, Grice Martine, Baumann Stefan","focus, contrast, verum, intonation, rises",Speech Prosody,none,none,FALSE,https://www.internationalphoneticassociation.org/icphs-proceedings/ICPhS2023/full_papers/865.pdf
866,Prosody in contact: Polar questions in Cypriot varieties of Greek and Turkish,"Payne Elinor, Armostis Spyros, Lombardo Eftychia, Simon Rainer, Baltazani Mary","Cypriot Greek, Cypriot Turkish, intonation, polar questions, convergence",Speech Prosody,none,none,FALSE,https://www.internationalphoneticassociation.org/icphs-proceedings/ICPhS2023/full_papers/866.pdf
867,"Individual differences in speech production: What is ""phonetic substance""?",Johnson Keith,"Speech articulation, vocal tract anatomy, sound change, individual differences",Speech Production and Speech Physiology,none,none,FALSE,https://www.internationalphoneticassociation.org/icphs-proceedings/ICPhS2023/full_papers/867.pdf
868,Acoustic characterization of Najdi Arabic Vowel System,Algethami Ghazi,"Najdi, Arabic, Vowels, Phonetics, Acoustics",Phonetics of Lesser Documented and Endangered Languages,none,none,FALSE,https://www.internationalphoneticassociation.org/icphs-proceedings/ICPhS2023/full_papers/868.pdf
869,Prosodic predictors of temporal structure in conversational turn-taking,Franich Kathryn,"Turn-taking, prosody, conversation, speech timing",Speech Prosody,none,none,FALSE,https://www.internationalphoneticassociation.org/icphs-proceedings/ICPhS2023/full_papers/869.pdf
871,The perception of lexical stress in Indian Englishes,"Payne Elinor, Maxwell Olga, Fuchs Robert, Wang Yizhou","Stress, perception, Indian English, SSBE, acoustic cues",Bilingual/Multilingual Phonetics,none,none,FALSE,https://www.internationalphoneticassociation.org/icphs-proceedings/ICPhS2023/full_papers/871.pdf
873,Phonetic variation of word-final affricates in Romanian connected speech,"Niculescu Oana, Avram Andrei A.","Romanian affricates, phonetic variation, Romanian spontaneous speech, corpus linguistics",Phonetics of Sound Change,none,none,FALSE,https://www.internationalphoneticassociation.org/icphs-proceedings/ICPhS2023/full_papers/873.pdf
875,Phonological and sociophonetic information in dysarthric speech: a first investigation on Italian,"Gili Fivela Barbara, d'Apolito Sonia, Pagliaro Anna Chiara",,Clinical Phonetics and Speech Disorders,none,none,FALSE,https://www.internationalphoneticassociation.org/icphs-proceedings/ICPhS2023/full_papers/875.pdf
876,Energetic and informational masking effects on Spanish vowel discrimination,"Gibson Mark, Schlechtweg Marcel, Ayala Alcalde Judit, DiCiaccio Andrea, Wang Xianhui, Xu Li","Speech perception in noise, vowel recognition, language effects",Speech Perception,none,none,FALSE,https://www.internationalphoneticassociation.org/icphs-proceedings/ICPhS2023/full_papers/876.pdf
877,Language redundancy effects on f0: A preliminary controlled study,"Zhang Cong, Lai Catherine, Napoleão de Souza Ricardo, Turk Alice, Bögel Tina","Smooth Signal Redundancy Hypothesis, f0, frequency effects, prosodic structure, English",Speech Prosody,none,none,FALSE,https://www.internationalphoneticassociation.org/icphs-proceedings/ICPhS2023/full_papers/877.pdf
878,Predicting pitch accent patterns in Osaka Japanese using a machine translation method with a transformer,Noguchi Hiroto,"pitch accent, Osaka Japanese, machine learning, attention, transformer",Speech Prosody,none,none,FALSE,https://www.internationalphoneticassociation.org/icphs-proceedings/ICPhS2023/full_papers/878.pdf
879,Comparison of L2 Korean pronunciation error patterns from five L1 backgrounds by using automatic phonetic transcription,"Yeo Eun Jung, Ryu Hyungshin, Lee Jooyoung, Kim Sunhee, Chung Minhwa","Comparative analysis, Pronunciation error patterns, Automatic phonetic transcription, L1 influence, L2 Korean speech",Phonetics of Second and Foreign Language Acquisition,none,none,FALSE,https://www.internationalphoneticassociation.org/icphs-proceedings/ICPhS2023/full_papers/879.pdf
881,Variation and dialectal differences in the segmental scope of phonologically contrastive laryngealisation,Siem Andrea,"Phonology, dialectal phonetic variation, creaky voice, Danish stød",Phonation and Voice Quality,none,none,FALSE,https://www.internationalphoneticassociation.org/icphs-proceedings/ICPhS2023/full_papers/881.pdf
884,Learning phonotactically complex L3 words: Are bilinguals more successful?,Hanulikova Adriana,"phonotactics, epenthesis, L3 acquisition, production, bilingualism, individual differences",Phonetics of Second and Foreign Language Acquisition,none,none,FALSE,https://www.internationalphoneticassociation.org/icphs-proceedings/ICPhS2023/full_papers/884.pdf
885,Reviewing the performance of formants for forensic voice comparison: a meta-analysis of forensic speech science research,"Fairclough Lois, Brown Georgina, Kirchhübel Christin","forensic phonetics, vowel formants, speaker discrimination",Forensic Phonetics and Speaker Characteristics,none,none,FALSE,https://www.internationalphoneticassociation.org/icphs-proceedings/ICPhS2023/full_papers/885.pdf
887,Modeling the temporal evolution of the vocal tract shape with deep learning techniques,"Laprie Yves, Ribeiro Vinicius, Isaieva Karina, Vuissoz Pierre-André, Leclere Justine","vocal tract shape, articulatory modeling, rt-MRI, RNN, deep learning",Speech Production and Speech Physiology,none,none,FALSE,https://www.internationalphoneticassociation.org/icphs-proceedings/ICPhS2023/full_papers/887.pdf
889,A comparison of acoustic convergence to an unfamiliar language and an unfamiliar accent in shadowed speech,"Hutchinson Amy, Zhou Alexis, Seo Yuhyeon, Dmitrieva Olga","Acoustic convergence, Russian, English, accented speech, shadowing",Speech Acoustics,none,none,FALSE,https://www.internationalphoneticassociation.org/icphs-proceedings/ICPhS2023/full_papers/889.pdf
890,"Perceptual assimilation of Spanish, Thai, and Korean stop consonants by native English speakers","Nagle Charlie, Bruun Shelby, Baese-Berk Melissa","second language, speech perception, perceptual assimilation, stop consonants, individual differences",Speech Perception,none,none,FALSE,https://www.internationalphoneticassociation.org/icphs-proceedings/ICPhS2023/full_papers/890.pdf
891,Perceptual representation and production of American English simplex vowels by adolescent Palestinian-Arabic learners,"van Heuven Vincent J., Farran Bashar M.","Perceptual representation, synthesized vowels, L1 interference, Arabic, American English",Phonetics of Second and Foreign Language Acquisition,none,none,FALSE,https://www.internationalphoneticassociation.org/icphs-proceedings/ICPhS2023/full_papers/891.pdf
892,Consonant-vowel coarticulation patterns in Swedish and Mandarin,"Gao Man, Svensson Lundmark Malin","CV coarticulation, EMA, Mandarin Chinese, Southern Swedish, gender difference",Laboratory Phonology,none,none,FALSE,https://www.internationalphoneticassociation.org/icphs-proceedings/ICPhS2023/full_papers/892.pdf
894,Some measures of phonetic similarity for use in legal trade mark disputes,"Ferrari Disner Sandra, van Heuven Vincent J.","trademark sound-alikes, shared n-grams, Levenshtein string edit distance, phonetic feature weighting, string length normalization",Forensic Phonetics and Speaker Characteristics,none,none,FALSE,https://www.internationalphoneticassociation.org/icphs-proceedings/ICPhS2023/full_papers/894.pdf
895,Do words sing their own tunes? Word-specific pitch realizations in Mandarin and English,"Chuang Yu-Ying, Baayen R. Harald, Bell Melanie J.","Word-specific pitch, Mandarin tone, English lexical stress, F0 contour, disyllabic words",Speech Prosody,none,none,FALSE,https://www.internationalphoneticassociation.org/icphs-proceedings/ICPhS2023/full_papers/895.pdf
896,Interaction between prosodic position and obstruent voicing: a case of English lettered word in Wenzhou Wu Chinese,"Zhang Weijun, Mok Peggy Pik Ki","voicing, vowel phonation type, prosodic position, Wu Chinese, loanword adaptation",Phonation and Voice Quality,none,none,FALSE,https://www.internationalphoneticassociation.org/icphs-proceedings/ICPhS2023/full_papers/896.pdf
897,Bora /ɨ/ is produced with a low tongue dorsum and dental contact: an ultrasound study,"Mielke Jeff, Oakley Madeleine, Vásquez-Aguilar Alonso, Zariquiey Roberto, Parker Steve","Bora, dental vowel, ultrasound, vowels, articulatory",Phonetic Universals and Typology,none,none,FALSE,https://www.internationalphoneticassociation.org/icphs-proceedings/ICPhS2023/full_papers/897.pdf
898,Trochaic foot benefit in speech comprehension,"Scharinger Mathias, Domahs Ulrike","speech comprehension, prosody, foot structure, trochee",Speech Perception,none,none,FALSE,https://www.internationalphoneticassociation.org/icphs-proceedings/ICPhS2023/full_papers/898.pdf
900,A simulated analysis of repeated measures in VOT: we need more tokens!,Parrish Kyle,"Repeated Measures, VOT, simulation",Laboratory Phonology,osf,https://osf.io/k8534/,TRUE,https://www.internationalphoneticassociation.org/icphs-proceedings/ICPhS2023/full_papers/900.pdf
904,Restoration of Portable Kymograph,"Amelot Angelique, Ghio Alain, Demolin Didier","Kymograph, Clockwork mechanism, Foucault regulator",Special Session - The history of phonetic sciences,none,none,FALSE,https://www.internationalphoneticassociation.org/icphs-proceedings/ICPhS2023/full_papers/904.pdf
905,Effects of vowel acoustics on the intelligibility and comprehensibility of China English,WANG QIAN,"vowel acoustics, intelligibility, perception, comprehensibility, China English",Speech Perception,none,none,FALSE,https://www.internationalphoneticassociation.org/icphs-proceedings/ICPhS2023/full_papers/905.pdf
906,Variability in Swedish voiceless fricative contrasts,"Wikse Barrow Carla, Włodarczak Marcin, Heldner Mattias, Strömbergsson Sofia","fricatives, acoustics, Swedish",Speech Acoustics,none,none,FALSE,https://www.internationalphoneticassociation.org/icphs-proceedings/ICPhS2023/full_papers/906.pdf
908,Generalization of training to an untrained phonetic environment: Initial /s-z/ to final /s-z/,"Poulsen Birgitte, Rasmussen Sidsel, Bohn Ocke-Schwen","Perceptual training of nonnative contrasts, Generalization of training, English /s-z/",Speech Perception,none,none,FALSE,https://www.internationalphoneticassociation.org/icphs-proceedings/ICPhS2023/full_papers/908.pdf
909,Prosodic cues of distinguishing neutral and non-neutral yes/no questions in Hungarian: the acoustics of surprise,"Mády Katalin, Reichel Uwe D., Kohári Anna, Molnár Cecília Sarolta, Szalontai Ádám","prosody, yes/no questions, surprise, feature selection, Hungarian",Speech Prosody,none,none,FALSE,https://www.internationalphoneticassociation.org/icphs-proceedings/ICPhS2023/full_papers/909.pdf
911,"A longitudinal study of pauses, interpausal units and clauses in infant-directed speech","Kohari Anna, Mády Katalin","infant-directed speech, pausing, longitudinal study",Phonetics of First Language Acquisition,none,none,FALSE,https://www.internationalphoneticassociation.org/icphs-proceedings/ICPhS2023/full_papers/911.pdf
912,Modification of EEG brain activity induced by respiratory muscle regulation during phonation,"Hashemi Iraj, Demolin Didier, Cheron Guy, Cebola Alvarez Anita, Petieau Mathieu",,Speech Production and Speech Physiology,none,none,FALSE,https://www.internationalphoneticassociation.org/icphs-proceedings/ICPhS2023/full_papers/912.pdf
913,Investigating the the role of production in perceptual learning,"Huttner Lena-Marie, Nguyen Noel, Pickering Martin","Speech perception, perceptual learning, speech production",Speech Perception,none,none,FALSE,https://www.internationalphoneticassociation.org/icphs-proceedings/ICPhS2023/full_papers/913.pdf
914,Different realizations of German underlying vs. derived diphthongs between two generations of Cantonese L1 speakers,"Vuong Michelle, Einfeldt Marieke, Braun Bettina","diphthongs, formants, Cantonese, German, general additive mixed models",Phonetics of Second and Foreign Language Acquisition,none,none,FALSE,https://www.internationalphoneticassociation.org/icphs-proceedings/ICPhS2023/full_papers/914.pdf
916,Acoustic and aerodynamic features of Hadza clicks,"Demolin Didier, Ghio Alain, Harvey Andrew","Hadza, Clicks, Acoustic features, Aerodynamics",Phonetics of Lesser Documented and Endangered Languages,none,none,FALSE,https://www.internationalphoneticassociation.org/icphs-proceedings/ICPhS2023/full_papers/916.pdf
917,The impact of social information on VOT shadowing by nonbinary speakers,"Rechsteiner Jack, Sneller Betsy","sociophonetics, nonbinary, phonetic imitation, social information, voice onset time",Sociophonetic Variation,none,none,FALSE,https://www.internationalphoneticassociation.org/icphs-proceedings/ICPhS2023/full_papers/917.pdf
918,Effects of stress and prominence on Spanish stops and lenition in L2 speech of proficient Mandarin learners of Spanish,"Xi Xiaotong, Li Peng","stop, lenition, prominence, L2 Spanish, Chinese students",Phonetics of Second and Foreign Language Acquisition,none,none,FALSE,https://www.internationalphoneticassociation.org/icphs-proceedings/ICPhS2023/full_papers/918.pdf
919,Acoustic phonetic classification of primary infant protophones,"Buder Eugene H., Oller D. Kimbrough","Infant Vocalization, Phonation, Development, Voice Quality",Speech Acoustics,none,none,FALSE,https://www.internationalphoneticassociation.org/icphs-proceedings/ICPhS2023/full_papers/919.pdf
921,Similar and different tongue surface contours: intra-speaker controls in ultrasound analysis,Scobbie James,"methods, ultrasound, articulation, exper- imental noise",Speech Production and Speech Physiology,none,none,FALSE,https://www.internationalphoneticassociation.org/icphs-proceedings/ICPhS2023/full_papers/921.pdf
922,Automatic feedback on pronunciation and Anophone – a tool for L2 Czech annotation,"Holaj Richard, Pořízka Petr","automatic feedback on pronunciation, speech recognition, annotation, Czech, e-learning",Phonetics of Second and Foreign Language Acquisition,none,none,FALSE,https://www.internationalphoneticassociation.org/icphs-proceedings/ICPhS2023/full_papers/922.pdf
923,"How speech rate, syllabic complexity and diversity affect the emergence of speech rhythm in speeded syllable repetition","Lancia Leonardo, Li Jinyu, Fougeron Cécile","Speech rhythm, amplitude modulation, phase coordination, diadochokinetic task",Speech Production and Speech Physiology,none,none,FALSE,https://www.internationalphoneticassociation.org/icphs-proceedings/ICPhS2023/full_papers/923.pdf
924,Respiratory and supralaryngeal effects on speech breathing noise across loudness conditions and speaking tasks,"Fuchs Susanne, Koenig Laura L., Werner Raphael","speech breathing, speech kinematics, loudness, task effect",Speech Production and Speech Physiology,none,none,FALSE,https://www.internationalphoneticassociation.org/icphs-proceedings/ICPhS2023/full_papers/924.pdf
925,Explicit rules or implicit imitation: a comparative study of two approaches to teaching English prosody,"Zhang Xiaodan, Romero Joaquin","English stress, implicit approach, explicit approach, prosody teaching",Speech Prosody,none,none,FALSE,https://www.internationalphoneticassociation.org/icphs-proceedings/ICPhS2023/full_papers/925.pdf
926,Synchronization type matters: Articulatory timing in different rhythmic conditions in persons who stutter,"Franke Mona, Benker Nicole, Falk Simone, Hoole Philip","stuttering, articulatory timing, gestural timing, finger tapping, paced speech",Clinical Phonetics and Speech Disorders,none,none,FALSE,https://www.internationalphoneticassociation.org/icphs-proceedings/ICPhS2023/full_papers/926.pdf
927,Auditory acuity and response to altered auditory feedback in children with and without residual speech sound disorder,"Eads Amanda, Kearney Elaine, Koda Asuka, Hitchcock Elaine, Shiller Douglas, Guenther Frank, McAllister Tara","altered auditory feedback, sensory acuity, residual speech sound disorder, children",Special Session - Bridging linguistic and clinical perspectives through computational models of speech,none,none,FALSE,https://www.internationalphoneticassociation.org/icphs-proceedings/ICPhS2023/full_papers/927.pdf
928,"IDEAR: A speech database of identity-marked, clear, and read speech","Perepelytsia Valeriia, Bradshaw Leah, Dellwo Volker","speaker recognition, clear speech, speaker characteristics",Speech Corpora and Big Data,none,none,FALSE,https://www.internationalphoneticassociation.org/icphs-proceedings/ICPhS2023/full_papers/928.pdf
929,Hearing beg and bag: Variation in the perception of pre-velar /æ/-raising,Sullivan Lisa,"sociophonetics, sociophonetic perception, speech perception, North American English, pre-velar /æ/-raising",Speech Perception,none,none,FALSE,https://www.internationalphoneticassociation.org/icphs-proceedings/ICPhS2023/full_papers/929.pdf
930,Teaching language rhythm by music to older English learners of Italian,"Zambianchi Laura, Jeon Hae-Sung","speech production, syllables, rhythm, pedagogy, older learners",Special Session - Qualitative research in phonetics,none,none,FALSE,https://www.internationalphoneticassociation.org/icphs-proceedings/ICPhS2023/full_papers/930.pdf
931,Speakers compensate for temporal perturbations in auditory feedback regardless of syllable structure,"Karlin Robin, Naber Chris, Parrell Benjamin","speech motor control, altered auditory feedback, timing",Speech Production and Speech Physiology,none,none,FALSE,https://www.internationalphoneticassociation.org/icphs-proceedings/ICPhS2023/full_papers/931.pdf
932,"""Kriech nicht da rein"" – a new corpus of naturalistic misperception of German misheard sung speech","Nieder Jessica, Tang Kevin","German lyrics, mondegreen, slips of the ear, phonetic similarity, rhythmic segmentation",Speech Perception,osf,https://osf.io/xajvf/,TRUE,https://www.internationalphoneticassociation.org/icphs-proceedings/ICPhS2023/full_papers/932.pdf
933,Phonetic integration in Heritage Korean language mixing,Butler Nicoline,"phonetic integration, language contact code-switching, Heritage Korean, corpus linguistics",Bilingual/Multilingual Phonetics,none,none,FALSE,https://www.internationalphoneticassociation.org/icphs-proceedings/ICPhS2023/full_papers/933.pdf
934,Nasality detection from acoustic data with a convolutional neural network and comparison with aerodynamic data,"Elmerich Amélie, Kim Lila, Gendrot Cédric, Amelot Angélique, Crevier-Buchman Lise, Maeda Shinji","Convolutional Neural Network (CNN), aerodynamic, nasality, speaker",Speech Technology,none,none,FALSE,https://www.internationalphoneticassociation.org/icphs-proceedings/ICPhS2023/full_papers/934.pdf
937,Nonword repetition in children with cochlear implants using different speech and language rehabilitation approaches,"Van Bogaert Lucie, Machart Laura, Lœvenbruck Helene, Vilain Anne","Nonword Repetition, Children, Cochlear Implants, Cued Speech, Auditory Verbal Therapy",Clinical Phonetics and Speech Disorders,none,none,FALSE,https://www.internationalphoneticassociation.org/icphs-proceedings/ICPhS2023/full_papers/937.pdf
939,Analysis-by-synthesis: phonetic-phonological variation in deep neural network-based text-to-speech synthesis,"Tånnader Christina, House David, Edlund Jens","analysis-by-synthesis, latent phonetic features, phonological variation, neural TTS",Speech Technology,none,none,FALSE,https://www.internationalphoneticassociation.org/icphs-proceedings/ICPhS2023/full_papers/939.pdf
940,"Boundary perception as the interplay of acoustic cues, syntactic constituency and prominence","Kuang Jianjing, Chan May Pik Yu, Rhee Nari","speech prosody, boundary perception, prominence, syntax-prosody interface",Speech Prosody,none,none,FALSE,https://www.internationalphoneticassociation.org/icphs-proceedings/ICPhS2023/full_papers/940.pdf
941,Exploring the relationship between individual differences in cross-language perceived similarity and L2 vowel perception,"Cebrian Juli, Gorba Celia","L2 speech, cross-linguistic similarity, individual differences, L2 vowel perception",Phonetics of Second and Foreign Language Acquisition,none,none,FALSE,https://www.internationalphoneticassociation.org/icphs-proceedings/ICPhS2023/full_papers/941.pdf
942,Gemination in dogri and punjabi: evidence of deviation among ‘like’ languages,Badyal Pranav,"gemination, double consonant, length, phonetics, speech production",Phonetics of Lesser Documented and Endangered Languages,none,none,FALSE,https://www.internationalphoneticassociation.org/icphs-proceedings/ICPhS2023/full_papers/942.pdf
943,Between tone and stress: acoustic evidence for lexical prominence in Siriano,"Ni Tianyi, Köhnlein Björn, Morley Rebecca","Siriano, onset-sensitive stress, lexical tone, prosodic features, Eastern-Tukanoan language family",Speech Prosody,none,none,FALSE,https://www.internationalphoneticassociation.org/icphs-proceedings/ICPhS2023/full_papers/943.pdf
945,Modeling social meanings of phonetic variation amid variable co-occurrence: A machine-learning approach,"Villarreal Dan, Grama James","vowel variation, computational sociolin- guistics, social meaning, methods, California English",Sociophonetic Variation,none,none,FALSE,https://www.internationalphoneticassociation.org/icphs-proceedings/ICPhS2023/full_papers/945.pdf
947,Dentofacial Disharmony patients' sibilants differ from controls' more in source than filter properties,"Oakley Madeleine, Tran Auvi, Paye Ciana, Trudan Emma, Turvey Timothy, Blakey George, Zajac David, Mielke Jeff, Jacox Laura","sibilant, multitaper, disordered speech, malocclusion, source-filter",Speech Acoustics,none,none,FALSE,https://www.internationalphoneticassociation.org/icphs-proceedings/ICPhS2023/full_papers/947.pdf
948,The Phonetics of Downtrends in Chokri,"Gogoi Tulika, Tetseo Sekholu, Gope Amalesh","downtrends, prosody, declination, downstep, mathematical modeling",Speech Prosody,none,none,FALSE,https://www.internationalphoneticassociation.org/icphs-proceedings/ICPhS2023/full_papers/948.pdf
949,Natural choice: Comparing place classification between natural and Tacotron fricatives,"Pandey Ayushi, Le Maguer Sebastien, Edlund Jens, Harte Naomi","obstruents, Tacotron, WaveNet, WaveGAN, support-vector-machines",Speech Technology,none,none,FALSE,https://www.internationalphoneticassociation.org/icphs-proceedings/ICPhS2023/full_papers/949.pdf
950,The timing of secondary dorsal articulations across syllable positions in irish,"Padgett Jaye, Bennett Ryan, McGuire Grant, Ní Chiosáin Máire, Bellik Jenny","palatalization, velarization, Irish, articulatory coordination, syllable structure",Laboratory Phonology,none,none,FALSE,https://www.internationalphoneticassociation.org/icphs-proceedings/ICPhS2023/full_papers/950.pdf
952,Voice discrimination across speaking styles in Persian,"Pellegrino Elisa, Asadi Homa, Dellwo Volker","speaker discrimination, speaking styles, vocal variability. I. INTRODUCTION Human voices are individual and convey numerous cues about talkers’ identity, including age, gender, health conditions, or emotional states [1]. Beyond being an “auditory face” [2], human voices also act as a behavioural biometric [3]. However, they are susceptible to strong variability for the effect of spontaneous or intentional modulations [4]. Human voice changes, for example, across the life span [5], as an effect of fatigue [6] or physical and mental health [7], [8]. Still, we also adapt the way we speak according to the age of our interlocutors [[9], [10], their linguistic origin [11], as well as to the background conditions [12]. For a review of volitional and unvolitional changes see [13]. How human listeners can distinguish speakers despite the enormous variability that individual voices reveal is far from being fully understood. In this study, we investigated the effect of the variability introduced to voices by speaking styles on unfamiliar speaker discrimination. What are the factors affecting voice processing? It has been amply documented that human listeners are fairly accurate at distinguishing unfamiliar speakers, especially if exposed to long, phonetically and prosodically rich utterances [14]– [17]. Nevertheless, studies on speaker perception and forensic speaker identification have shown that linguistic and extra-linguistic sources of within- speaker variability challenge the perception of speaker identities. More specifically, it has been observed that listeners’ accuracy to recognize or discriminate between unfamiliar voices is reduced by mismatch in the language spoken in the stimulus pairs [18][19], type of vocalizations (vowels vs laughter, [20]; sung vs spoken word [21]) and in the linguistic relationship between lexical items within-one stimulus pair [22]. Detrimental to speaker perception are also changes in degree of speakers’ vocal expressiveness [23] and in voice quality obtained by disguising voice source or resonance features (e.g. creaky voice, falsetto, hyponasality, whispering [24] [25] [26]. Another factor affecting vocal identity processing, that has recently received more scholarly attention, is speaking style. Numerous studies have indeed focussed on the effect of style-matched and style mismatched conditions on the speaker discrimination abilities in humans and machines. Style matched trials typically featured read-read speech only [27] or both read-read and spontaneous-spontaneous speech [28], [29], [30]. Style mismatched trails, instead, combined read speech with spontaneous speech [27]– [30] or with pet-directed speech [31]. Overall findings from this line of research have revealed that both humans and machines performed better when the speaking style was coherent within one stimulus pair compared to when it changed. Moreover, between the style-matched conditions (read-read, spontaneous- spontaneous), the read–read condition scored the highest accuracy. Taken together, results suggest that less controlled speaking styles (e.g. conversational or free speech) and the exaggerated prosody of pet- directed speech introduce more variability in the speakers’ acoustic spaces [29] that make it difficult for listeners to establish stable identity percepts. Lower accuracy in style mismatched as compared to matched automatic voice recognition, yet with novel",Speech Perception,none,none,FALSE,https://www.internationalphoneticassociation.org/icphs-proceedings/ICPhS2023/full_papers/952.pdf
953,French Rhythm in Read Speech by French Natives and Chinese L2 Learners,"XI Lei, Ridouane Rachid","rhythm metrics, L2 rhythm production, French, Mandarin Chinese",Speech Prosody,none,none,FALSE,https://www.internationalphoneticassociation.org/icphs-proceedings/ICPhS2023/full_papers/953.pdf
955,Is gesture-speech physics at work in rhythmic pointing? Evidence from Polish counting-out rhymes,"Kadavá Šárka, Ćwiek Aleksandra, Stoltmann Katarzyna, Fuchs Susanne, Pouw Wim","pointing gestures, motion tracking, poetry, prosody, coupling",Multimodal Phonetics,osf,https://osf.io/2abtd/?view_only=fd93b4e1c6b643908dd0e3182d5e2756,TRUE,https://www.internationalphoneticassociation.org/icphs-proceedings/ICPhS2023/full_papers/955.pdf
956,Biases and speech-to-text efficacy for British English varieties,"Hung Kyra, Cardoso Amanda, Sharma Devyani, Levon Erez","accent bias, speech rate, google speech- to-text, non-standard varieties, accentedness",Sociophonetic Variation,none,none,FALSE,https://www.internationalphoneticassociation.org/icphs-proceedings/ICPhS2023/full_papers/956.pdf
957,The Phonetics of Prosodic Marking of Focus in Sylheti,"Gogoi Tulika, Gope Amalesh","prosody, in-situ focus, contrastive focus, corrective focus, pitch register",Speech Prosody,none,none,FALSE,https://www.internationalphoneticassociation.org/icphs-proceedings/ICPhS2023/full_papers/957.pdf
959,Syllabic reduction in Italian connected speech: towards the integration of linguistic and computational approaches,"Schettino Loredana, Vitale Vincenzo Norman, Cutugno Francesco","reduction, syllabic structures, connected speech, clustering, unsupervised learning",Syllable,none,none,FALSE,https://www.internationalphoneticassociation.org/icphs-proceedings/ICPhS2023/full_papers/959.pdf
960,The phonetics and phonology of corrective focus in xiangshan wu chinese: the interaction with disyllabic tone sandhi,"Shi Yibing, Nolan Francis, Post Brechtje","prosodic focus, tone sandhi, Xiangshan Chinese",Speech Prosody,none,none,FALSE,https://www.internationalphoneticassociation.org/icphs-proceedings/ICPhS2023/full_papers/960.pdf
961,CV coordination: The case of enchaînement and liaison in French,"Oh Sejin, Fougeron Cecile, Buech Philipp, Hermes Anne","CV coordination, liaison, enchaînement, speech rate, French",Speech Production and Speech Physiology,none,none,FALSE,https://www.internationalphoneticassociation.org/icphs-proceedings/ICPhS2023/full_papers/961.pdf
963,Quantifying Prosodic Variation in AAE as a Function of Gender and Interlocutor Using the PoLaR Framework,Holliday Nicole,,Sociophonetic Variation,none,none,FALSE,https://www.internationalphoneticassociation.org/icphs-proceedings/ICPhS2023/full_papers/963.pdf
964,Creaky voice in L2 English and L1 Dutch,"Sebregts Koen, Vriesendorp Hielke, Quené Hugo, White Yosiane","creaky voice, phonation, L2 acquisition, Dutch, English",Phonation and Voice Quality,none,none,FALSE,https://www.internationalphoneticassociation.org/icphs-proceedings/ICPhS2023/full_papers/964.pdf
965,Second language learners' acquisition of Mandarin fricative contrasts: an ultrasound study,Oakley Madeleine,"L2 phonetics, articulation, ultrasound, fricatives, sibilants",Phonetics of Second and Foreign Language Acquisition,none,none,FALSE,https://www.internationalphoneticassociation.org/icphs-proceedings/ICPhS2023/full_papers/965.pdf
966,The role of psychotypology in the acquisition of rhotic consonants by adolescent emergent multilinguals,Krzysik Iga,"multilingual phonology, multilingual acquisition, psychotypology",Bilingual/Multilingual Phonetics,none,none,FALSE,https://www.internationalphoneticassociation.org/icphs-proceedings/ICPhS2023/full_papers/966.pdf
967,Gesture and prosodic prominence in Ambonese Indonesian,"Farinella Alessa, Kaland Constantijn, Kaufman Daniel","Gesture, prosody, Indonesian, stress- lessness, multimodality",Multimodal Phonetics,none,none,FALSE,https://www.internationalphoneticassociation.org/icphs-proceedings/ICPhS2023/full_papers/967.pdf
969,The nature of acoustic goals referenced during hyperarticulated speech,"Diantoro Carissa, Redford Melissa","speech motor goals, speech production, speaking style",Speech Production and Speech Physiology,none,none,FALSE,https://www.internationalphoneticassociation.org/icphs-proceedings/ICPhS2023/full_papers/969.pdf
970,Variation and palatalisation in the production of the plural prefix in Meru: A study of three dialects,"Cunha Conceição, Kanana Fridah, Harrington Jonathan","Bantu, Meru dialects, sound change, palatalisation, morphophonological variation",Phonetics of Lesser Documented and Endangered Languages,none,none,FALSE,https://www.internationalphoneticassociation.org/icphs-proceedings/ICPhS2023/full_papers/970.pdf
971,Monolingual and plurilingual strategies in the articulation of French R : a case study,"Lara Andres Felipe, Hermes Anne, Oh Sejin, Pillot-Loiseau Claire","EMA, language learner, rhotics, French, coarticulation",Speech Production and Speech Physiology,none,none,FALSE,https://www.internationalphoneticassociation.org/icphs-proceedings/ICPhS2023/full_papers/971.pdf
972,A preliminary exploration of tones in paite,"Hangshing Rosie Nempalching, Mahanta Shakuntala","Paite, tone, consonant-tone interaction",Tone,none,none,FALSE,https://www.internationalphoneticassociation.org/icphs-proceedings/ICPhS2023/full_papers/972.pdf
973,Voice comparison analysis of forensic recordings using the VoiceSauce program,"Jessen Michael, Konrat Canan, Horn Jonathan","forensic voice comparison, laryngeal voice quality, VoiceSauce",Forensic Phonetics and Speaker Characteristics,none,none,FALSE,https://www.internationalphoneticassociation.org/icphs-proceedings/ICPhS2023/full_papers/973.pdf
974,The quantitative phonetic analysis of languages with small accessible populations,"Sóskuthy Márton, Chow Una, Mellesmoen Gloria, Sadlier-Brown Emily","Indigenous languages, small population, phonetic fieldwork, quantitative analysis",Phonetics of Lesser Documented and Endangered Languages,osf,osf.io/d7m34,TRUE,https://www.internationalphoneticassociation.org/icphs-proceedings/ICPhS2023/full_papers/974.pdf
975,Regional and individual variation in acoustic targets of /aɪ/ and /aʊ/ in American English,"Shport Irina, Bissell Marie, Berkson Kelly, Carmichael Katie","diphthongs, nearby monophthongs, positional relationship, cross-dialectal differences",Sociophonetic Variation,none,none,FALSE,https://www.internationalphoneticassociation.org/icphs-proceedings/ICPhS2023/full_papers/975.pdf
976,Unsupervised clustering reveals several subtypes in speakers with ataxia,"Slis Anneke, Karlin Robin, Parrell Ben","ataxic dysarthria, clustering, subtypes",Clinical Phonetics and Speech Disorders,none,none,FALSE,https://www.internationalphoneticassociation.org/icphs-proceedings/ICPhS2023/full_papers/976.pdf
978,The effect of speaker on speech intelligibility,"Wright Richard, Tucker Benjamin, Kelley Matthew C.","speech intelligibility, speaker intelligibility, IEEE Corpus, speech in noise",Speech Perception,none,none,FALSE,https://www.internationalphoneticassociation.org/icphs-proceedings/ICPhS2023/full_papers/978.pdf
979,Illusions of ungrammaticality in the perception of non-native accented speech,"Wesołek Sarah, Gulgowski Piotr, Błaszczak Joanna, Żygis Marzena","non-native accent, perception, grammatical illusion, German, Polish",Speech Perception,osf,https://osf.io/4w2ct/?view_only=d005b1e78dba4d1a8c7b07eebff7e56f,TRUE,https://www.internationalphoneticassociation.org/icphs-proceedings/ICPhS2023/full_papers/979.pdf
982,Acoustic Analysis of L2 English Phonemes for Language Identification,"Williams Samantha, Hughes Vincent, Foulkes Paul","L2 English, speech acoustics, language identification, computational analysis",Speech Acoustics,none,none,FALSE,https://www.internationalphoneticassociation.org/icphs-proceedings/ICPhS2023/full_papers/982.pdf
983,Exploration of simple methods of likelihood ratio calculation in forensic voice comparison,"Jessen Michael, Braun Almut, Menges Sonja","likelihood ratio, forensic voice comparison, long-term formants",Forensic Phonetics and Speaker Characteristics,none,none,FALSE,https://www.internationalphoneticassociation.org/icphs-proceedings/ICPhS2023/full_papers/983.pdf
984,Methodological trends in acoustic phonetic analysis,Grabowski Emily,methodology; acoustic analysis; phonetics,Speech Acoustics,none,none,FALSE,https://www.internationalphoneticassociation.org/icphs-proceedings/ICPhS2023/full_papers/984.pdf
988,Using computational models to characterize the role of motor noise in speech: The case of amyotrophic lateral sclerosis,"Parrell Benjamin, Mefferd Antje, Harper Sarah, Roessig Simon, Mücke Doris","variability, ALS, motor noise, motor control, kinematics",Special Session - Bridging linguistic and clinical perspectives through computational models of speech,none,none,FALSE,https://www.internationalphoneticassociation.org/icphs-proceedings/ICPhS2023/full_papers/988.pdf
989,The acquisition of vowels differing in phonemic vowel length: The case of Hungarian,Zajdó Krisztina,"vowels, acquisition, children, Hungarian, phonemic vowel length, spectral differentiation",Special Session - Novel approaches to studying vocal development,none,none,FALSE,https://www.internationalphoneticassociation.org/icphs-proceedings/ICPhS2023/full_papers/989.pdf
990,Impacts of remote and traditional recording methods on quality of formant analysis for vowel reduction,Conklin Jenna,vowel reduction; remote recording; formant analysis,Speech Acoustics,none,none,FALSE,https://www.internationalphoneticassociation.org/icphs-proceedings/ICPhS2023/full_papers/990.pdf
992,Differences between L1 and L2 processing of meaningful sentences revealed by combining EEG and eye tracking,"Mulder Kimberley, Boves Lou, Brand Sophie",visual world paradigm; EEG; eye tracking; reduced pronunciation; L1-L2,Speech Perception,none,none,FALSE,https://www.internationalphoneticassociation.org/icphs-proceedings/ICPhS2023/full_papers/992.pdf
994,Perception of oral and nasal alveolar flap sounds in American English,Garai Luca,"speech perception, alveolar flapping, nasalization, American English",Speech Perception,none,none,FALSE,https://www.internationalphoneticassociation.org/icphs-proceedings/ICPhS2023/full_papers/994.pdf
995,Perception of pop-out voice in various conditions of babble noise,"Kitahara Mafuyu, Kawahara Hideki, Amano Shigeaki","pop-out voice, babble noise, backward play-back, linguistic information",Speech Perception,none,none,FALSE,https://www.internationalphoneticassociation.org/icphs-proceedings/ICPhS2023/full_papers/995.pdf
997,Revisiting the Vowels of Hong Kong English – the Post-Handover Generation,"Chan Hoi Ling, Fuchs Robert","Vowels, monophthongs, Hong Kong English, diachronic change, World Englishes",Bilingual/Multilingual Phonetics,none,none,FALSE,https://www.internationalphoneticassociation.org/icphs-proceedings/ICPhS2023/full_papers/997.pdf
998,Non-pulmonic initiation in human beatboxing : a real-time mri study,"Dehais-Underdown Alexis, Vignes Paul, Crevier-Buchman Lise, Demolin Didier, Vuissoz Pierre-André, Isaieva Karyna, Fauvel Marc, Laprie Yves, Felblinger Jacques","Human Beatboxing, Laryngoscopy, Initiation, rt-MRI, Aerodynamics",Speech Production and Speech Physiology,none,none,FALSE,https://www.internationalphoneticassociation.org/icphs-proceedings/ICPhS2023/full_papers/998.pdf
1001,Speed rate effects on human beatboxing: an aerodynamic study,"Dehais-Underdown Alexis, Vignes Paul, Crevier-Buchman Lise, Demolin Didier","Experimental Phonetics, Beatboxing, Reduction, Tempo, Aerodynamics",Speech Production and Speech Physiology,none,none,FALSE,https://www.internationalphoneticassociation.org/icphs-proceedings/ICPhS2023/full_papers/1001.pdf
1002,Vowel space area changes in children with dysarthria,"Choi Jiyoung, Hwang KyungHae, Levy Erika","childhood dysarthria, cerebral palsy, vowel space area, speech cues",Clinical Phonetics and Speech Disorders,none,none,FALSE,https://www.internationalphoneticassociation.org/icphs-proceedings/ICPhS2023/full_papers/1002.pdf
1004,Acoustic correlates of the Javanese light vs. heavy distinction: a large-scale corpus study,"Xu S.C. Angela, Wilson Colin","laryngeal contrast, acoustic correlates, phonation type, Javanese, corpus phonetics",Speech Acoustics,none,none,FALSE,https://www.internationalphoneticassociation.org/icphs-proceedings/ICPhS2023/full_papers/1004.pdf
1005,Piaroa voiceless stops as partial undergoers of nasal harmony,"Rosés Labrada Jorge, Faytak Matthew, Schnoor Tyler, Lapierre Myriam, Michael Lev",nasal harmony; voiceless stops; voice onset time; nasal airflow; Piaroa,Speech Production and Speech Physiology,none,none,FALSE,https://www.internationalphoneticassociation.org/icphs-proceedings/ICPhS2023/full_papers/1005.pdf
1007,Methods for PoLaR Exploration with Machine Learning: Grammatical Analysis of Intonation without Grammatical Labels,"Veilleux Nanette, Ahn Byron, Brugos Alejna, Jeong Sunwoo, Shattuck-Hufnagel Stefanie","intonation, methodology, phonetics-phonology interface, form-meaning mapping, machine learning",Speech Prosody,none,none,FALSE,https://www.internationalphoneticassociation.org/icphs-proceedings/ICPhS2023/full_papers/1007.pdf
1008,The kinematic properties of prosodic boundaries in conversational turn-taking,"Purse Ruaridh, Krivokapić Jelena","Turn-taking, final lengthening, prosody, kinematics, planning",Speech Prosody,none,none,FALSE,https://www.internationalphoneticassociation.org/icphs-proceedings/ICPhS2023/full_papers/1008.pdf
1010,Identification of non-native English speakers' L1s via patterns of prosodic feature deviance from native speaker norms,Talley Jim,"prosody, L2 English, feature atypicality, machine learning, corpus phonetics 1 INTRODUCTION Prominences are fundamental in speech, serving to mark focused words, to aid in speech segmentation, to support lexical access, to bootstrap first language (L1) learning [1], and more. There are multiple means employed by languages to signal prominence – increases in duration, significant changes in pitch, increases in loudness, and (non-)reduction of vowels are all markers of stressed syllables in English [2]. For an L2 learner of English to achieve native-like prosody, he/she must master all four of those aspects in dynamic combination (even in trading relations with each other [3]). English is, of course, not alone in richly marking prominent words/syllables, but in some languages, the four recognized correlates of stress that English uses may be “occupied” by other linguistic functions – for example, in languages with lexical tone (e.g., Vietnamese), speakers may be constrained with respect to pitch variations for stress marking, or in languages with phonemic length (e.g., Finnish), duration changes to mark stress may lead to lexical confusions. This raises the question of whether ingrained prosodic habits related to the L1 of a non-native speaker (NNS) significantly, and predictably, influence his/her L2 prosody. Such cross linguistic influence (CLI) certainly plays some role in L2 spoken language acquisition, though there has been robust discussion regarding the centrality or significance of that role [e.g., 2,4,5]. This exploratory study is not an attempt to advocate for, or against, a strong position regarding the role of CLI. It merely asks, via a corpus and machine learning approach, if there are, indeed, reliably detectable manifestations of non-English L1 prosody on English L2 speech prosody. 2 THE DATA The on-line Speech Accent Archive (SAA) [6] of English language recordings of the short “Stella” passage, read by thousands of native and non-native speakers, is a rich resource for addressing that question. This study selects SAA speakers from six L1s: General American English (en), Andean Latin American Spanish (es), Japanese (ja), Polish (pl), Russian (ru), and Mainland Mandarin (zh). 2.1 Speaker Selection The SAA has an impressive variety of speakers, but, as a crowd-sourced resource, it also has considerable diversity with respect to the quality (and the equipment and environments) of recording. The L2 speakers' varying degrees of command of English is both an advantage and a challenge – false starts, self corrections, long pauses, and repetitions are abundant, which causes difficulties for automatic processing. Also, in SAA, L1s are not broken down regionally, so for example, native English speakers from the U.S., Ireland, Australia, India, England, etc. are lumped into a single English L1 pool, though metadata can be accessed to help tease them apart",Phonetics of Second and Foreign Language Acquisition,none,none,FALSE,https://www.internationalphoneticassociation.org/icphs-proceedings/ICPhS2023/full_papers/1010.pdf
1011,Is rhoticity on the tip of your tongue? Investigating tongue shapes for English /r/ in French learners with ultrasound.,"Léger Alice, King Hannah, Ferragne Emmanuel","rhotic, articulation, English, French learners",Phonetics of Second and Foreign Language Acquisition,none,none,FALSE,https://www.internationalphoneticassociation.org/icphs-proceedings/ICPhS2023/full_papers/1011.pdf
1013,The lombard effect on the vowel space of northern vietnamese,"Le Giang, Tang Yan","Lombard speech, Northern Vietnamese, tone, vowel space",Speech Production and Speech Physiology,none,none,FALSE,https://www.internationalphoneticassociation.org/icphs-proceedings/ICPhS2023/full_papers/1013.pdf
1019,Triggering and maintenance of distinct tongue postures,"Purnomo Annabelle, Liu Yadong, Gick Bryan, Ebbutt Nicole","lateral tongue, lingual bracing, speech posture, embodied speech, harmony",Speech Production and Speech Physiology,none,none,FALSE,https://www.internationalphoneticassociation.org/icphs-proceedings/ICPhS2023/full_papers/1019.pdf
1020,Impaired vowel perception in congenital amusia: Evidence from event-related potentials,"Pfeifer Jasmin, Hamann Silke",Congenital amusia; MMN; vowel perception; duration; formant frequency,Phonetic Neurolinguistics,none,none,FALSE,https://www.internationalphoneticassociation.org/icphs-proceedings/ICPhS2023/full_papers/1020.pdf
1023,Not all phonological neighbors affect production equivalently: predictions from a neural dynamic model,"Stern Michael, Shaw Jason",phonological neighborhoods; hyper- articulation; speech planning; Dynamic Field Theory,Phonetic Neurolinguistics,osf,https://osf.io/kc7bp/,TRUE,https://www.internationalphoneticassociation.org/icphs-proceedings/ICPhS2023/full_papers/1023.pdf
1024,Prenasalization in Greek-learning children with cochlear implants and typical hearing,"Koenig Laura L., Okalidou Areti, Kyriafinis George","Greek, prenasalized stops, children, cochlear implantation",Clinical Phonetics and Speech Disorders,none,none,FALSE,https://www.internationalphoneticassociation.org/icphs-proceedings/ICPhS2023/full_papers/1024.pdf
1025,The emergence of rhotic vowels in Quebec French: a change from below?,Lipari Massimo,"rhotic vowels, change from below, Quebec French, sound change, corpus phonetics",Sociophonetic Variation,osf,https://osf.io/p3gr7/,TRUE,https://www.internationalphoneticassociation.org/icphs-proceedings/ICPhS2023/full_papers/1025.pdf
1026,L2 speech segmentation for word recognition: the role of lexical stress and syllable structure,Garrido-Pozu Juan,"L2 speech segmentation, L2 speech perception, lexical stress, syllable",Speech Perception,none,none,FALSE,https://www.internationalphoneticassociation.org/icphs-proceedings/ICPhS2023/full_papers/1026.pdf
1027,Evaluating formant estimations and discrete cosine transform to differentiate between pharyngeal fricatives in Mehweb,"Arkhipov Alexandre, Daniel Michael, Shiryaev Alexander, Shepel Ekaterina","pharyngeal, pharyngealization, formants, DCT, East Caucasian",Phonetics of Lesser Documented and Endangered Languages,none,none,FALSE,https://www.internationalphoneticassociation.org/icphs-proceedings/ICPhS2023/full_papers/1027.pdf
1029,Rate-sensitive differences between modal and non-modal vowels in San Martín Peras Mixtec,Eischens Ben,"Mixtec, speech rate, non-modal phonation",Phonetics of Lesser Documented and Endangered Languages,none,none,FALSE,https://www.internationalphoneticassociation.org/icphs-proceedings/ICPhS2023/full_papers/1029.pdf
1030,Speech sound stability over time: Evidence from Norwegian vowels in spontaneous speech production,"Li Peng, Flege James E., Martin Clara D., Kartushina Natalia","stability, vowel, Norwegian, spontaneous speech production, formant analysis",Speech Production and Speech Physiology,osf,https://osf.io/d3w2k,TRUE,https://www.internationalphoneticassociation.org/icphs-proceedings/ICPhS2023/full_papers/1030.pdf
1031,The acoustic and articulatory properties of the prenasalised coronal trill in two Oceanic languages,Rangelov Tihomir,"trills, prenasalisation, plosive release, Oceanic, Austronesian",Phonetics of Lesser Documented and Endangered Languages,none,none,FALSE,https://www.internationalphoneticassociation.org/icphs-proceedings/ICPhS2023/full_papers/1031.pdf
1032,L1 phonotactic constraints mediate phonological awareness of non-native gemination,"Mairano Paolo, Santiago Fabian","second language acquisition, gemination, phonotactics, consonantal length, L2 perception",Phonetics of Second and Foreign Language Acquisition,none,none,FALSE,https://www.internationalphoneticassociation.org/icphs-proceedings/ICPhS2023/full_papers/1032.pdf
1033,The prosody of high and low affective engagement in Polish and German parliamentary speeches,"Karpiński Maciej, Klessa Katarzyna, Sawicka-Stępińska Brygida, Kasperek Hanna","paralinguistic prosody, affective engagement, Polish, German, parliamentary speech",Speech Prosody,none,none,FALSE,https://www.internationalphoneticassociation.org/icphs-proceedings/ICPhS2023/full_papers/1033.pdf
1034,Lexically-guided phonetic recalibration transfers across languages in French-English bilinguals,"Caudrelier Tiphaine, Martin Clara D., Samuel Arthur G., Beausoleil Marie-Michèle, Tiede Mark K., Ménard Lucie",bilingualism; perceptual learning; phonetic recalibration; speech perception; transfer;,Bilingual/Multilingual Phonetics,none,none,FALSE,https://www.internationalphoneticassociation.org/icphs-proceedings/ICPhS2023/full_papers/1034.pdf
1035,Individual differences in vowel compactness persist under intoxication across first and second languages,"Chang Charles, Tang Kevin, Nevins Andrew","compactness, individual differences, vowels, bilingualism, alcohol",Speech Production and Speech Physiology,osf,osf.io/y2r87/,TRUE,https://www.internationalphoneticassociation.org/icphs-proceedings/ICPhS2023/full_papers/1035.pdf
1036,Tracking speaker-specific speech rate: habitual vs local influences on English stop voicing perception,"Ting Connie, Kang Yoonjung","speech rate, VOT, speech perception, individual variation",Speech Perception,none,none,FALSE,https://www.internationalphoneticassociation.org/icphs-proceedings/ICPhS2023/full_papers/1036.pdf
1037,Vowel duration in Enenlhet,Wheeler Paige-Erin,"vowel duration, Enenlhet (Enlhet- Enenlhet) language description, naturalistic speech",Phonetics of Lesser Documented and Endangered Languages,none,none,FALSE,https://www.internationalphoneticassociation.org/icphs-proceedings/ICPhS2023/full_papers/1037.pdf
1038,Prosodic realization of syntactic phrase and clause boundaries in Tokyo Japanese,Ishihara Shinichiro,"syntax–prosody mapping, Japanese, syntactic phrase, clause, intonational phrase",Speech Prosody,none,none,FALSE,https://www.internationalphoneticassociation.org/icphs-proceedings/ICPhS2023/full_papers/1038.pdf
1039,Linguistic stability and malleability in long-term dialect contact: The cot/caught contrast among mobile speakers,Nycz Jennifer,"dialect acquisition, accent change and mobility, sociophonetics, vowel merger and split",Sociophonetic Variation,none,none,FALSE,https://www.internationalphoneticassociation.org/icphs-proceedings/ICPhS2023/full_papers/1039.pdf
1040,Evaluating the impact of disfluencies on the perception of speaker competence using neural speech synthesis,"Kirkland Ambika, Włodarczak Marcin, Gustafson Joakim, Székely Éva","Speech perception, speech synthesis, public speaking, spontaneous speech, disfluencies",Speech Perception,none,none,FALSE,https://www.internationalphoneticassociation.org/icphs-proceedings/ICPhS2023/full_papers/1040.pdf
1042,Speech breathing in children with a cleft palate,"Charuau Delphine, Vaxelaire Béatrice, Sock Rudolph","Speech Breathing, Children, Cleft Palate, Velopharyngeal function",Clinical Phonetics and Speech Disorders,none,none,FALSE,https://www.internationalphoneticassociation.org/icphs-proceedings/ICPhS2023/full_papers/1042.pdf
1043,Coarticulation and contrast in a vowel harmony system: coarticulatory propensity in Khalkha Mongolian V-C-V sequences,"Mitra Auromita, Krishnaswamy Meghavarshini, Dutta Indranil","Khalkha Mongolian, vowel harmony, coarticulation, vowels, formants",Laboratory Phonology,none,none,FALSE,https://www.internationalphoneticassociation.org/icphs-proceedings/ICPhS2023/full_papers/1043.pdf
1046,Influence of primary and secondary accent on the duration of French vowels in production of Czech and French speakers,Suková Vychopňová Kateřina,"vowel duration, final accent, initial accent, closed syllable, open syllable",Phonetics of Second and Foreign Language Acquisition,none,none,FALSE,https://www.internationalphoneticassociation.org/icphs-proceedings/ICPhS2023/full_papers/1046.pdf
1047,A nasalance-based study of the /h/ vs. /h̃/ opposition in Zuberoan Basque,"Egurtzegi Ander, García-Covelo Andrea, Urrestarazu-Porta Iñigo",Nasal aspiration; nasalance; rare sound patterns; endangered languages; Zuberoan Basque,Phonetics of Lesser Documented and Endangered Languages,none,none,FALSE,https://www.internationalphoneticassociation.org/icphs-proceedings/ICPhS2023/full_papers/1047.pdf
1049,What French speakers' nasal vowels tell us about anticipatory nasal coarticulation,"Rodriquez Francesco, Pouplier Marianne, Alderton Roy, Lo Justin J.H., Evans Bronwen G., Reinisch Eva, Carignan Christopher","coarticulation, nasalization, speaker variability, contrast, French",Speech Acoustics,none,none,FALSE,https://www.internationalphoneticassociation.org/icphs-proceedings/ICPhS2023/full_papers/1049.pdf
1050,Emergent syllable types in Brazilian Portuguese,"Cristófaro Silva Thaïs, Cantoni Maria","vowel reduction, syllable types, emergent patterns, emergence, Portuguese",Syllable,none,none,FALSE,https://www.internationalphoneticassociation.org/icphs-proceedings/ICPhS2023/full_papers/1050.pdf
1051,Listening with style: the effect of bidialectal style-shifting on PRICE vowel perception in Britain’s Black Country,Packer-Stucki Thomas,"Vowel perception, experimental sociolinguistics, bidialectalism, style-shifting",Speech Perception,none,none,FALSE,https://www.internationalphoneticassociation.org/icphs-proceedings/ICPhS2023/full_papers/1051.pdf
1055,Pre-Pausal Glottalization in Chicontepec Nahuatl,Aguilar Andres,"Nahuatl, utterance-final glottalization, suprasegment, glottal stop",Phonetics of Lesser Documented and Endangered Languages,none,none,FALSE,https://www.internationalphoneticassociation.org/icphs-proceedings/ICPhS2023/full_papers/1055.pdf
1056,Perceptual learning of novel intonation patterns by Cantonese and Wu speakers,"Lam Man Yan Priscilla, Xu Wenwei, Chen Yiya","intonation, perceptual learning, categorization, pitch aptitude",Speech Prosody,none,none,FALSE,https://www.internationalphoneticassociation.org/icphs-proceedings/ICPhS2023/full_papers/1056.pdf
1057,Individual differences in VOT realizations of English plosives by Palestinian pupils,"Tamim Nour, Hamann Silke, Boersma Paul","VOT, second language acquisition, variation, Palestinian Arabic, English",Phonetics of Second and Foreign Language Acquisition,none,none,FALSE,https://www.internationalphoneticassociation.org/icphs-proceedings/ICPhS2023/full_papers/1057.pdf
1061,Frication and formant frequencies in the Mundabli high vowels,"Faytak Matthew, Shao Bowei, Taffre Douanla Angèle, Tschonghongei Nelson","frication, fricative vowels, zero crossing rate, formant analysis, Mundabli",Phonetics of Lesser Documented and Endangered Languages,none,none,FALSE,https://www.internationalphoneticassociation.org/icphs-proceedings/ICPhS2023/full_papers/1061.pdf
1063,The effect of age of entry and contact on backward transfer of Glaswegian English (L2) on Hindi and Indian English (L1),Shaktawat Divyanshi,"Glasgow Indians, Indian English, Hindi, Glaswegian English, Backward Transfer",Phonetics of Second and Foreign Language Acquisition,none,none,FALSE,https://www.internationalphoneticassociation.org/icphs-proceedings/ICPhS2023/full_papers/1063.pdf
1064,Marking prominence: Towards cue-based annotation of prosodic prominence,"Brugos Alejna, Breen Mara, Shattuck-Hufnagel Stefanie, Veilleux Nanette, Barnes Jonathan","prosodic prominence, ToBI, phonetic cues, prosodic annotation, cue integration",Speech Prosody,none,none,FALSE,https://www.internationalphoneticassociation.org/icphs-proceedings/ICPhS2023/full_papers/1064.pdf
1065,Focus prosody in Fijian: In-situ focus marking,"Mut Tsz Ching Summer, Simard Candide, Tamata Apolonia, Lee Albert","speech prosody, focus prosody, Fijian",Speech Prosody,none,none,FALSE,https://www.internationalphoneticassociation.org/icphs-proceedings/ICPhS2023/full_papers/1065.pdf
1067,Temporal organization in lexical self-repair in Colombian Spanish unscripted speech,"Vera Diettes Kelly Johanna, Plug Leendert","temporal organization, timing, self- repair, Spanish, unscripted speech",Phonetic Psycholinguistics,none,none,FALSE,https://www.internationalphoneticassociation.org/icphs-proceedings/ICPhS2023/full_papers/1067.pdf
1068,Phonetic and pragmatic features of the French discourse marker 'et puis': a longitudinal study in 10 female speakers,"Gerstenberg Annette, Fuchs Susanne, Koenig Laura","aging, discourse markers, vowels, duration, formants",Special Session - The sounds of ageing,none,none,FALSE,https://www.internationalphoneticassociation.org/icphs-proceedings/ICPhS2023/full_papers/1068.pdf
1070,Reorganization of the auditory-perceptual space across the human vocal range,"Friedrichs Daniel, Dellwo Volker","auditory-perceptual space, fundamental frequency, pitch, vowels, quantal theory",Speech Perception,none,none,FALSE,https://www.internationalphoneticassociation.org/icphs-proceedings/ICPhS2023/full_papers/1070.pdf
1071,Principles of voice quality theory: A rtMRI study on labiodental production,"Lee Daniel, Moisik Scott, Vijayaragavan Vimalan","voice quality theory, supralaryngeal settings, segments, susceptibility, compatibility",Phonation and Voice Quality,none,none,FALSE,https://www.internationalphoneticassociation.org/icphs-proceedings/ICPhS2023/full_papers/1071.pdf
1072,Acquiring allophony: GOOSE and SCHOOL vowels in the speech of Australian children,"Gibson Andy, Cox Felicity, Penney Joshua","Australian English, child speech, GOOSE- fronting, sound change, diversity",Sociophonetic Variation,none,none,FALSE,https://www.internationalphoneticassociation.org/icphs-proceedings/ICPhS2023/full_papers/1072.pdf
1073,Acoustic change over time in speech of one bilingual individual with Parkinson's disease,"Verkhodanova Vass, Coler Matt, Jonkers Roel, de Bot Kees, Lowie Wander","Parkinson’s disease, acoustics, dysarthria, prosody, bilingualism",Clinical Phonetics and Speech Disorders,none,none,FALSE,https://www.internationalphoneticassociation.org/icphs-proceedings/ICPhS2023/full_papers/1073.pdf
1074,Spirantization of word-final plosives in Standard Dutch,"Pfiffner Alexandra, Martinez-Garcia Julian","spirantization, Dutch, obstruents, sociophonetics",Speech Acoustics,none,none,FALSE,https://www.internationalphoneticassociation.org/icphs-proceedings/ICPhS2023/full_papers/1074.pdf
1075,Can L2 speakers perceive sociopragmatic nuances at the sound level? Exploring Chinese Listeners’ Perceptions of (ING),Lin Ke,"sociophonetics variation, perception, L2 processing",Speech Perception,none,none,FALSE,https://www.internationalphoneticassociation.org/icphs-proceedings/ICPhS2023/full_papers/1075.pdf
1076,Atypical coarticulation in autism: evidence from sibilant-vowel interaction in Cantonese,"Yu Alan, McAllister Robert, To Carol","coarticulation, sibilant, duration, autism",Clinical Phonetics and Speech Disorders,none,none,FALSE,https://www.internationalphoneticassociation.org/icphs-proceedings/ICPhS2023/full_papers/1076.pdf
1077,Evidence for preserved phonetic sensitivity to lexical tones in Chinese international adoptees,"Chang Andrea, Perrachione Tyler, Lim Sung-Joo","tonal language perception, speech per- ception, critical period, frequency-following response",Phonetics of First Language Acquisition,none,none,FALSE,https://www.internationalphoneticassociation.org/icphs-proceedings/ICPhS2023/full_papers/1077.pdf
1079,Detecting the Accentual Phrase boundaries in Seoul Korean using tonal and segmental cues,Lee Seung Suk,"Seoul Korean Accentual Phrase, K-ToBI, Spontaneous speech corpus, Phonetics- prosody interface",Speech Prosody,none,none,FALSE,https://www.internationalphoneticassociation.org/icphs-proceedings/ICPhS2023/full_papers/1079.pdf
1080,"When is enough, enough? VOT judgments vary by voicing intensity, aspiration intensity, voice quality, and rate of change","Kingston John, Rysling Amanda","perception, VOT, aspiration and voicing intensity, voice quality",Speech Perception,none,none,FALSE,https://www.internationalphoneticassociation.org/icphs-proceedings/ICPhS2023/full_papers/1080.pdf
1082,Audiovisual cues in developmental speech perception: data from a voiceless fricative place discrimination,"Bosch Laura, Birulés Joan, Pons Ferran","voiceless fricatives, place discrimination, audiovisual cues, infants, perceptual narrowing",Speech Perception,none,none,FALSE,https://www.internationalphoneticassociation.org/icphs-proceedings/ICPhS2023/full_papers/1082.pdf
1083,Phonetic implementation of phonologically different high tone spans in Luganda,"Hughes Cerys, Lee Seung Suk, Farinella Alessa, Yu Kristine","Tone, phonetics-phonology interface, incomplete neutralization, FDA, GAMMs",Tone,osf,https://osf.io/p4gj5/?view_,TRUE,https://www.internationalphoneticassociation.org/icphs-proceedings/ICPhS2023/full_papers/1083.pdf
1086,Articulatory manifestation of focus-induced prominence in Seoul Korean,"Jang Jiyoung, Katsika Argyro","focus-induced prominence, articulation, prosody, Seoul Korean, Articulatory Phonology",Speech Prosody,none,none,FALSE,https://www.internationalphoneticassociation.org/icphs-proceedings/ICPhS2023/full_papers/1086.pdf
1089,Temporal scope of articulatory slowdown under informational focus: Data from English and Mandarin,"Liu Yuyang, Wang Yichen, Stern Michael C., Kramer Benjamin M., Shaw Jason A.","focus, Articulatory Phonology, prosodic gesture, electromagnetic articulography",Speech Prosody,osf,https://osf.io/xkj72/,TRUE,https://www.internationalphoneticassociation.org/icphs-proceedings/ICPhS2023/full_papers/1089.pdf
1090,A hierarchy of prominence: The production and perception of focus in American English,"Katsika Argyro, Jang Jiyoung, Krivokapic Jelena, Goldstein Louis, Saltzman Elliot","Prominence, focus, prosody, production- perception relationship, Articulatory Phonology",Speech Prosody,none,none,FALSE,https://www.internationalphoneticassociation.org/icphs-proceedings/ICPhS2023/full_papers/1090.pdf
1095,Article]{Domain adaptation towards speaker-independent ultrasound tongue imaging-based articulatory-to-acoustic Mapping,"You Kang, Xu Kele, Ming Feng, Wang Jilong, Zhu Boqing, Tam'as G'abor Csap'o, Feng Dawei","Ultrasound tongue imaging, articulatory-to-acoustic mapping",Speech Production and Speech Physiology,github,https://github.com/xianyi11/Articulatory-to-,TRUE,https://www.internationalphoneticassociation.org/icphs-proceedings/ICPhS2023/full_papers/1095.pdf
1096,Towards identifying articulatory gestures with pixel difference and audio segmentation,"Orlando Giulia, Palo Pertti","Acoustic-articulatory analysis, tongue ultrasound, speech gestures, Euclidean distance",Multimodal Phonetics,none,none,FALSE,https://www.internationalphoneticassociation.org/icphs-proceedings/ICPhS2023/full_papers/1096.pdf
1097,Analysing speech data with SATKIT,"Palo Pertti, Moisik Scott R., Faytak Matthew","Articulatory and acoustic annotation, speech segmentation, free open source software",Multimodal Phonetics,none,none,FALSE,https://www.internationalphoneticassociation.org/icphs-proceedings/ICPhS2023/full_papers/1097.pdf
1101,Measuring variation in Central Pame vowels,"Herce Borja, Torres Catalina","Otomanguean, under-documented languages, language contact",Phonology-Phonetics Interface,none,none,FALSE,https://www.internationalphoneticassociation.org/icphs-proceedings/ICPhS2023/full_papers/1101.pdf
1103,"Pre-aspirated sonorants in Shehret, a Modern South Arabian language","Watson Janet, al-Kathiri Amer, Tome Lourido Gisela",pre-aspirated/breathed sonorants; Shehret; Modern South Arabian; endangered languages; unbreathed sonorants,Phonetics of Lesser Documented and Endangered Languages,none,none,FALSE,https://www.internationalphoneticassociation.org/icphs-proceedings/ICPhS2023/full_papers/1103.pdf
1104,Examining the effects of stress on vowel production in heritage vs. monolingual Spanish school-aged child speakers,"Repiso Puigdelliura Gemma, Pape Daniel","lexical stress, child heritage speakers, vowel reduction",Bilingual/Multilingual Phonetics,none,none,FALSE,https://www.internationalphoneticassociation.org/icphs-proceedings/ICPhS2023/full_papers/1104.pdf
1105,French prosodic stress produced by Twi speakers compared to French speakers: an acoustic investigation,"Adu Manyah Kofi, Owusua Amponsah Rejoice","Duration, intensity, fundamental frequency, syllabic stress",Phonetics of Second and Foreign Language Acquisition,none,none,FALSE,https://www.internationalphoneticassociation.org/icphs-proceedings/ICPhS2023/full_papers/1105.pdf
1106,Spontaneous imitation of English sibilants by native and non-native speakers,"Hauser Ivy, Graham Emily, Zhang Xinwen","phonetic imitation, speech acoustics, accommodation, bilingualism, methodology",Speech Acoustics,none,none,FALSE,https://www.internationalphoneticassociation.org/icphs-proceedings/ICPhS2023/full_papers/1106.pdf
1111,Larynx raising in English word-final ejective stops: A real-time MRI study,"Price Lavinia, Pouplier Marianne, Hoole Philip","ejectives, rt-MRI, airstream mechanism, speech production",Speech Production and Speech Physiology,none,none,FALSE,https://www.internationalphoneticassociation.org/icphs-proceedings/ICPhS2023/full_papers/1111.pdf
1112,Are there individual hesitation patterns?,"Braun Angelika, Elsässer Nathalie","forensic phonetics, disfluencies, fillers, hesitation",Forensic Phonetics and Speaker Characteristics,none,none,FALSE,https://www.internationalphoneticassociation.org/icphs-proceedings/ICPhS2023/full_papers/1112.pdf
1118,Using spectral coherence between temporal envelope and mouth movements to reveal rhythmic regularities in speech,He Lei,"speech rhythm, spectral coherence, temporal envelope, mouth opening-closing movements",SpecialSession - Prosody Visualization Challenge,osf,https://osf.io/vq2jn/,TRUE,https://www.internationalphoneticassociation.org/icphs-proceedings/ICPhS2023/full_papers/1118.pdf
1119,Disentangling intonation in tone languages,"Li Katrina Kechun, Nolan Francis, Post Brechtje","difference curve, tone languages, f0 contour, prosodic focus, Chinese languages",SpecialSession - Prosody Visualization Challenge,none,none,FALSE,https://www.internationalphoneticassociation.org/icphs-proceedings/ICPhS2023/full_papers/1119.pdf