participant,TOEIC,language,type,desc::source,desc::ListNumber,desc::SentenceNumber,desc::sentence,desc::NumberOfContentWords,desc::noise,condition,audio_url,score,PercepTest
1,500,japanese,sentence,SpeechBoxHINTList,1,1,朝ご飯を食べて元気に出かけた,4,yes,SNR00dB,J_HT1_1_0db.wav,99,yes
1,500,japanese,sentence,SpeechBoxHINTList,1,3,音楽に合わせて楽しく踊る,4,yes,SNR00dB,J_HT1_3_0db.wav,99,yes
1,500,japanese,sentence,SpeechBoxHINTList,1,5,歯磨きを忘れると虫歯になる,4,yes,SNR00dB,J_HT1_5_0db.wav,99,yes
1,500,japanese,sentence,SpeechBoxHINTList,1,6,やっと町の明かりが見えてきた,4,yes,SNR00dB,J_HT1_6_0db.wav,99,yes
1,500,japanese,sentence,SpeechBoxHINTList,1,9,窓からぼんやり景色を眺めた,4,yes,SNR00dB,J_HT1_9_0db.wav,99,yes
1,500,japanese,sentence,SpeechBoxHINTList,1,15,お母さんが作るご飯はおいしい,4,yes,SNR00dB,J_HT1_15_0db.wav,99,yes
1,500,japanese,sentence,SpeechBoxHINTList,1,18,子供が悪戯して酷く怒られた,4,yes,SNR00dB,J_HT1_18_0db.wav,99,yes
1,500,japanese,sentence,SpeechBoxHINTList,1,20,汚れた洋服を洗濯しました,3,yes,SNR00dB,J_HT1_20_0db.wav,99,yes
1,500,japanese,sentence,SpeechBoxHINTList,1,21,手紙をもらって返事を書いた,4,yes,SNR00dB,J_HT1_21_0db.wav,99,yes
1,500,japanese,sentence,SpeechBoxHINTList,1,26,おじいちゃんは昔から厳しい人だ,4,yes,SNR00dB,J_HT1_26_0db.wav,99,yes
1,500,japanese,sentence,SpeechBoxHINTList,1,27,苦い薬は今でも嫌いです,4,yes,SNR00dB,J_HT1_27_0db.wav,99,yes
1,500,japanese,sentence,SpeechBoxHINTList,1,29,新しいおもちゃを見せて自慢する,4,yes,SNR00dB,J_HT1_29_0db.wav,99,yes
1,500,japanese,sentence,SpeechBoxHINTList,1,30,突然話題が途切れて困った,4,yes,SNR00dB,J_HT1_30_0db.wav,75,yes
1,500,japanese,sentence,SpeechBoxHINTList,1,32,帰りが遅いと心配になります,4,yes,SNR00dB,J_HT1_32_0db.wav,99,yes
1,500,japanese,sentence,SpeechBoxHINTList,1,33,病院で名前を何度も呼ばれた,4,yes,SNR00dB,J_HT1_33_0db.wav,75,yes
1,500,japanese,sentence,SpeechBoxHINTList,1,35,居眠り運転は大変危険だ,4,yes,SNR05dB,J_HT1_35_5db.wav,75,yes
1,500,japanese,sentence,SpeechBoxHINTList,1,36,枕が高いと首が疲れます,4,yes,SNR05dB,J_HT1_36_5db.wav,99,yes
1,500,japanese,sentence,SpeechBoxHINTList,1,37,険しい山に一人で登った,4,yes,SNR05dB,J_HT1_37_5db.wav,99,yes
1,500,japanese,sentence,SpeechBoxHINTList,1,41,天気予報を聞いてから出かけます,3,yes,SNR05dB,J_HT1_41_5db.wav,99,yes
1,500,japanese,sentence,SpeechBoxHINTList,1,42,映画館の前で待ち合わせする,4,yes,SNR05dB,J_HT1_42_5db.wav,99,yes
1,500,japanese,sentence,SpeechBoxHINTList,1,43,今日は珍しく早く起きました,4,yes,SNR05dB,J_HT1_43_5db.wav,99,yes
1,500,japanese,sentence,SpeechBoxHINTList,1,44,母親の看病で寝不足です,3,yes,SNR05dB,J_HT1_44_5db.wav,99,yes
1,500,japanese,sentence,SpeechBoxHINTList,1,46,小さい頃の写真を見つけた,4,yes,SNR05dB,J_HT1_46_5db.wav,99,yes
1,500,japanese,sentence,SpeechBoxHINTList,1,55,洗濯物が乾いたので取り入れた,3,yes,SNR05dB,J_HT1_55_5db.wav,99,yes
1,500,japanese,sentence,SpeechBoxHINTList,1,57,編み物をしたら肩が凝った,4,yes,SNR05dB,J_HT1_57_5db.wav,99,yes
1,500,japanese,sentence,SpeechBoxHINTList,1,58,足元に注意しながら歩きます,4,yes,SNR05dB,J_HT1_58_5db.wav,99,yes
1,500,japanese,sentence,SpeechBoxHINTList,1,59,眼鏡をかけて新聞を読んだ,4,yes,SNR05dB,J_HT1_59_5db.wav,99,yes
1,500,japanese,sentence,SpeechBoxHINTList,2,1,私は田舎で生まれ育った,4,yes,SNR05dB,J_HT2_1_5db.wav,99,yes
1,500,japanese,sentence,SpeechBoxHINTList,2,4,電車や飛行機で旅行します,3,yes,SNR05dB,J_HT2_4_5db.wav,99,yes
1,500,japanese,sentence,SpeechBoxHINTList,2,6,道に迷って交番で尋ねた,4,yes,SNR05dB,J_HT2_6_5db.wav,99,yes
1,500,japanese,sentence,SpeechBoxHINTList,2,7,大学受験はとても難しい,4,yes,SNR10dB,J_HT2_7_10db.wav,99,yes
1,500,japanese,sentence,SpeechBoxHINTList,2,9,出かける前には戸締りをします,4,yes,SNR10dB,J_HT2_9_10db.wav,99,yes
1,500,japanese,sentence,SpeechBoxHINTList,2,11,悩みを友達によく相談した,4,yes,SNR10dB,J_HT2_11_10db.wav,99,yes
1,500,japanese,sentence,SpeechBoxHINTList,2,13,銀行が近くにあって便利です,4,yes,SNR10dB,J_HT2_13_10db.wav,99,yes
1,500,japanese,sentence,SpeechBoxHINTList,2,15,昔話を聞きながら眠った,3,yes,SNR10dB,J_HT2_15_10db.wav,99,yes
1,500,japanese,sentence,SpeechBoxHINTList,2,20,仕事で帰りが遅くなりました,4,yes,SNR10dB,J_HT2_20_10db.wav,99,yes
1,500,japanese,sentence,SpeechBoxHINTList,2,22,お年寄りには座席を譲ります,3,yes,SNR10dB,J_HT2_22_10db.wav,99,yes
1,500,japanese,sentence,SpeechBoxHINTList,2,23,やかんをひっくり返してやけどした,4,yes,SNR10dB,J_HT2_23_10db.wav,99,yes
1,500,japanese,sentence,SpeechBoxHINTList,2,32,知らない人に親切にされた,4,yes,SNR10dB,J_HT2_32_10db.wav,99,yes
1,500,japanese,sentence,SpeechBoxHINTList,2,34,牧場に黒い羊がいました,4,yes,SNR10dB,J_HT2_34_10db.wav,99,yes
1,500,japanese,sentence,SpeechBoxHINTList,2,36,鉛筆と消しゴムを用意する,3,yes,SNR10dB,J_HT2_36_10db.wav,99,yes
1,500,japanese,sentence,SpeechBoxHINTList,2,38,電車とバスに乗って帰ります,4,yes,SNR10dB,J_HT2_38_10db.wav,99,yes
1,500,japanese,sentence,SpeechBoxHINTList,2,40,道路の真ん中を歩くのは危ない,4,yes,SNR10dB,J_HT2_40_10db.wav,99,yes
1,500,japanese,sentence,SpeechBoxHINTList,2,41,天気が良いので布団を干した,4,yes,SNR10dB,J_HT2_41_10db.wav,99,yes
1,500,japanese,sentence,SpeechBoxHINTList,2,47,隅々まで丁寧に掃除する,4,yes,SNR10dB,J_HT2_47_10db.wav,99,yes
1,500,japanese,sentence,SpeechBoxHINTList,2,48,貰ったおこづかいを全部使った,4,no,quiet,J_HT2_48.wav,99,yes
1,500,japanese,sentence,SpeechBoxHINTList,2,50,郵便局で電気代を振り込む,3,no,quiet,J_HT2_50.wav,99,yes
1,500,japanese,sentence,SpeechBoxHINTList,2,53,病気の原因を詳しく調べた,4,no,quiet,J_HT2_53.wav,99,yes
1,500,japanese,sentence,SpeechBoxHINTList,2,57,みかんの花は白くてかわいい,4,no,quiet,J_HT2_57.wav,99,yes
1,500,japanese,sentence,SpeechBoxHINTList,2,58,泥棒が夜中に忍び込んだ,3,no,quiet,J_HT2_58.wav,99,yes
2,615,japanese,sentence,SpeechBoxHINTList,1,1,朝ご飯を食べて元気に出かけた,4,yes,SNR00dB,J_HT1_1_0db.wav,75,yes
2,615,japanese,sentence,SpeechBoxHINTList,1,3,音楽に合わせて楽しく踊る,4,yes,SNR00dB,J_HT1_3_0db.wav,99,yes
2,615,japanese,sentence,SpeechBoxHINTList,1,5,歯磨きを忘れると虫歯になる,4,yes,SNR00dB,J_HT1_5_0db.wav,99,yes
2,615,japanese,sentence,SpeechBoxHINTList,1,6,やっと町の明かりが見えてきた,4,yes,SNR00dB,J_HT1_6_0db.wav,99,yes
2,615,japanese,sentence,SpeechBoxHINTList,1,9,窓からぼんやり景色を眺めた,4,yes,SNR00dB,J_HT1_9_0db.wav,99,yes
2,615,japanese,sentence,SpeechBoxHINTList,1,15,お母さんが作るご飯はおいしい,4,yes,SNR00dB,J_HT1_15_0db.wav,99,yes
2,615,japanese,sentence,SpeechBoxHINTList,1,18,子供が悪戯して酷く怒られた,4,yes,SNR00dB,J_HT1_18_0db.wav,99,yes
2,615,japanese,sentence,SpeechBoxHINTList,1,20,汚れた洋服を洗濯しました,3,yes,SNR00dB,J_HT1_20_0db.wav,99,yes
2,615,japanese,sentence,SpeechBoxHINTList,1,21,手紙をもらって返事を書いた,4,yes,SNR00dB,J_HT1_21_0db.wav,99,yes
2,615,japanese,sentence,SpeechBoxHINTList,1,26,おじいちゃんは昔から厳しい人だ,4,yes,SNR00dB,J_HT1_26_0db.wav,99,yes
2,615,japanese,sentence,SpeechBoxHINTList,1,27,苦い薬は今でも嫌いです,4,yes,SNR00dB,J_HT1_27_0db.wav,99,yes
2,615,japanese,sentence,SpeechBoxHINTList,1,29,新しいおもちゃを見せて自慢する,4,yes,SNR00dB,J_HT1_29_0db.wav,99,yes
2,615,japanese,sentence,SpeechBoxHINTList,1,30,突然話題が途切れて困った,4,yes,SNR00dB,J_HT1_30_0db.wav,99,yes
2,615,japanese,sentence,SpeechBoxHINTList,1,32,帰りが遅いと心配になります,4,yes,SNR00dB,J_HT1_32_0db.wav,99,yes
2,615,japanese,sentence,SpeechBoxHINTList,1,33,病院で名前を何度も呼ばれた,4,yes,SNR00dB,J_HT1_33_0db.wav,99,yes
2,615,japanese,sentence,SpeechBoxHINTList,1,35,居眠り運転は大変危険だ,4,yes,SNR05dB,J_HT1_35_5db.wav,75,yes
2,615,japanese,sentence,SpeechBoxHINTList,1,36,枕が高いと首が疲れます,4,yes,SNR05dB,J_HT1_36_5db.wav,99,yes
2,615,japanese,sentence,SpeechBoxHINTList,1,37,険しい山に一人で登った,4,yes,SNR05dB,J_HT1_37_5db.wav,99,yes
2,615,japanese,sentence,SpeechBoxHINTList,1,41,天気予報を聞いてから出かけます,3,yes,SNR05dB,J_HT1_41_5db.wav,99,yes
2,615,japanese,sentence,SpeechBoxHINTList,1,42,映画館の前で待ち合わせする,4,yes,SNR05dB,J_HT1_42_5db.wav,99,yes
2,615,japanese,sentence,SpeechBoxHINTList,1,43,今日は珍しく早く起きました,4,yes,SNR05dB,J_HT1_43_5db.wav,99,yes
2,615,japanese,sentence,SpeechBoxHINTList,1,44,母親の看病で寝不足です,3,yes,SNR05dB,J_HT1_44_5db.wav,99,yes
2,615,japanese,sentence,SpeechBoxHINTList,1,46,小さい頃の写真を見つけた,4,yes,SNR05dB,J_HT1_46_5db.wav,99,yes
2,615,japanese,sentence,SpeechBoxHINTList,1,55,洗濯物が乾いたので取り入れた,3,yes,SNR05dB,J_HT1_55_5db.wav,99,yes
2,615,japanese,sentence,SpeechBoxHINTList,1,57,編み物をしたら肩が凝った,4,yes,SNR05dB,J_HT1_57_5db.wav,99,yes
2,615,japanese,sentence,SpeechBoxHINTList,1,58,足元に注意しながら歩きます,4,yes,SNR05dB,J_HT1_58_5db.wav,99,yes
2,615,japanese,sentence,SpeechBoxHINTList,1,59,眼鏡をかけて新聞を読んだ,4,yes,SNR05dB,J_HT1_59_5db.wav,99,yes
2,615,japanese,sentence,SpeechBoxHINTList,2,1,私は田舎で生まれ育った,4,yes,SNR05dB,J_HT2_1_5db.wav,99,yes
2,615,japanese,sentence,SpeechBoxHINTList,2,4,電車や飛行機で旅行します,3,yes,SNR05dB,J_HT2_4_5db.wav,99,yes
2,615,japanese,sentence,SpeechBoxHINTList,2,6,道に迷って交番で尋ねた,4,yes,SNR05dB,J_HT2_6_5db.wav,99,yes
2,615,japanese,sentence,SpeechBoxHINTList,2,7,大学受験はとても難しい,4,yes,SNR10dB,J_HT2_7_10db.wav,99,yes
2,615,japanese,sentence,SpeechBoxHINTList,2,9,出かける前には戸締りをします,4,yes,SNR10dB,J_HT2_9_10db.wav,99,yes
2,615,japanese,sentence,SpeechBoxHINTList,2,11,悩みを友達によく相談した,4,yes,SNR10dB,J_HT2_11_10db.wav,99,yes
2,615,japanese,sentence,SpeechBoxHINTList,2,13,銀行が近くにあって便利です,4,yes,SNR10dB,J_HT2_13_10db.wav,99,yes
2,615,japanese,sentence,SpeechBoxHINTList,2,15,昔話を聞きながら眠った,3,yes,SNR10dB,J_HT2_15_10db.wav,99,yes
2,615,japanese,sentence,SpeechBoxHINTList,2,20,仕事で帰りが遅くなりました,4,yes,SNR10dB,J_HT2_20_10db.wav,99,yes
2,615,japanese,sentence,SpeechBoxHINTList,2,22,お年寄りには座席を譲ります,3,yes,SNR10dB,J_HT2_22_10db.wav,99,yes
2,615,japanese,sentence,SpeechBoxHINTList,2,23,やかんをひっくり返してやけどした,4,yes,SNR10dB,J_HT2_23_10db.wav,99,yes
2,615,japanese,sentence,SpeechBoxHINTList,2,32,知らない人に親切にされた,4,yes,SNR10dB,J_HT2_32_10db.wav,99,yes
2,615,japanese,sentence,SpeechBoxHINTList,2,34,牧場に黒い羊がいました,4,yes,SNR10dB,J_HT2_34_10db.wav,99,yes
2,615,japanese,sentence,SpeechBoxHINTList,2,36,鉛筆と消しゴムを用意する,3,yes,SNR10dB,J_HT2_36_10db.wav,99,yes
2,615,japanese,sentence,SpeechBoxHINTList,2,38,電車とバスに乗って帰ります,4,yes,SNR10dB,J_HT2_38_10db.wav,99,yes
2,615,japanese,sentence,SpeechBoxHINTList,2,40,道路の真ん中を歩くのは危ない,4,yes,SNR10dB,J_HT2_40_10db.wav,99,yes
2,615,japanese,sentence,SpeechBoxHINTList,2,41,天気が良いので布団を干した,4,yes,SNR10dB,J_HT2_41_10db.wav,99,yes
2,615,japanese,sentence,SpeechBoxHINTList,2,47,隅々まで丁寧に掃除する,4,yes,SNR10dB,J_HT2_47_10db.wav,99,yes
2,615,japanese,sentence,SpeechBoxHINTList,2,48,貰ったおこづかいを全部使った,4,no,quiet,J_HT2_48.wav,99,yes
2,615,japanese,sentence,SpeechBoxHINTList,2,50,郵便局で電気代を振り込む,3,no,quiet,J_HT2_50.wav,99,yes
2,615,japanese,sentence,SpeechBoxHINTList,2,53,病気の原因を詳しく調べた,4,no,quiet,J_HT2_53.wav,99,yes
2,615,japanese,sentence,SpeechBoxHINTList,2,57,みかんの花は白くてかわいい,4,no,quiet,J_HT2_57.wav,99,yes
2,615,japanese,sentence,SpeechBoxHINTList,2,58,泥棒が夜中に忍び込んだ,3,no,quiet,J_HT2_58.wav,99,yes
3,835,japanese,sentence,SpeechBoxHINTList,1,1,朝ご飯を食べて元気に出かけた,4,yes,SNR00dB,J_HT1_1_0db.wav,75,yes
3,835,japanese,sentence,SpeechBoxHINTList,1,3,音楽に合わせて楽しく踊る,4,yes,SNR00dB,J_HT1_3_0db.wav,99,yes
3,835,japanese,sentence,SpeechBoxHINTList,1,5,歯磨きを忘れると虫歯になる,4,yes,SNR00dB,J_HT1_5_0db.wav,99,yes
3,835,japanese,sentence,SpeechBoxHINTList,1,6,やっと町の明かりが見えてきた,4,yes,SNR00dB,J_HT1_6_0db.wav,50,yes
3,835,japanese,sentence,SpeechBoxHINTList,1,9,窓からぼんやり景色を眺めた,4,yes,SNR00dB,J_HT1_9_0db.wav,99,yes
3,835,japanese,sentence,SpeechBoxHINTList,1,15,お母さんが作るご飯はおいしい,4,yes,SNR00dB,J_HT1_15_0db.wav,99,yes
3,835,japanese,sentence,SpeechBoxHINTList,1,18,子供が悪戯して酷く怒られた,4,yes,SNR00dB,J_HT1_18_0db.wav,99,yes
3,835,japanese,sentence,SpeechBoxHINTList,1,20,汚れた洋服を洗濯しました,3,yes,SNR00dB,J_HT1_20_0db.wav,99,yes
3,835,japanese,sentence,SpeechBoxHINTList,1,21,手紙をもらって返事を書いた,4,yes,SNR00dB,J_HT1_21_0db.wav,99,yes
3,835,japanese,sentence,SpeechBoxHINTList,1,26,おじいちゃんは昔から厳しい人だ,4,yes,SNR00dB,J_HT1_26_0db.wav,99,yes
3,835,japanese,sentence,SpeechBoxHINTList,1,27,苦い薬は今でも嫌いです,4,yes,SNR00dB,J_HT1_27_0db.wav,99,yes
3,835,japanese,sentence,SpeechBoxHINTList,1,29,新しいおもちゃを見せて自慢する,4,yes,SNR00dB,J_HT1_29_0db.wav,99,yes
3,835,japanese,sentence,SpeechBoxHINTList,1,30,突然話題が途切れて困った,4,yes,SNR00dB,J_HT1_30_0db.wav,99,yes
3,835,japanese,sentence,SpeechBoxHINTList,1,32,帰りが遅いと心配になります,4,yes,SNR00dB,J_HT1_32_0db.wav,99,yes
3,835,japanese,sentence,SpeechBoxHINTList,1,33,病院で名前を何度も呼ばれた,4,yes,SNR00dB,J_HT1_33_0db.wav,99,yes
3,835,japanese,sentence,SpeechBoxHINTList,1,35,居眠り運転は大変危険だ,4,yes,SNR05dB,J_HT1_35_5db.wav,75,yes
3,835,japanese,sentence,SpeechBoxHINTList,1,36,枕が高いと首が疲れます,4,yes,SNR05dB,J_HT1_36_5db.wav,99,yes
3,835,japanese,sentence,SpeechBoxHINTList,1,37,険しい山に一人で登った,4,yes,SNR05dB,J_HT1_37_5db.wav,99,yes
3,835,japanese,sentence,SpeechBoxHINTList,1,41,天気予報を聞いてから出かけます,3,yes,SNR05dB,J_HT1_41_5db.wav,99,yes
3,835,japanese,sentence,SpeechBoxHINTList,1,42,映画館の前で待ち合わせする,4,yes,SNR05dB,J_HT1_42_5db.wav,99,yes
3,835,japanese,sentence,SpeechBoxHINTList,1,43,今日は珍しく早く起きました,4,yes,SNR05dB,J_HT1_43_5db.wav,99,yes
3,835,japanese,sentence,SpeechBoxHINTList,1,44,母親の看病で寝不足です,3,yes,SNR05dB,J_HT1_44_5db.wav,99,yes
3,835,japanese,sentence,SpeechBoxHINTList,1,46,小さい頃の写真を見つけた,4,yes,SNR05dB,J_HT1_46_5db.wav,99,yes
3,835,japanese,sentence,SpeechBoxHINTList,1,55,洗濯物が乾いたので取り入れた,3,yes,SNR05dB,J_HT1_55_5db.wav,99,yes
3,835,japanese,sentence,SpeechBoxHINTList,1,57,編み物をしたら肩が凝った,4,yes,SNR05dB,J_HT1_57_5db.wav,99,yes
3,835,japanese,sentence,SpeechBoxHINTList,1,58,足元に注意しながら歩きます,4,yes,SNR05dB,J_HT1_58_5db.wav,99,yes
3,835,japanese,sentence,SpeechBoxHINTList,1,59,眼鏡をかけて新聞を読んだ,4,yes,SNR05dB,J_HT1_59_5db.wav,99,yes
3,835,japanese,sentence,SpeechBoxHINTList,2,1,私は田舎で生まれ育った,4,yes,SNR05dB,J_HT2_1_5db.wav,99,yes
3,835,japanese,sentence,SpeechBoxHINTList,2,4,電車や飛行機で旅行します,3,yes,SNR05dB,J_HT2_4_5db.wav,99,yes
3,835,japanese,sentence,SpeechBoxHINTList,2,6,道に迷って交番で尋ねた,4,yes,SNR05dB,J_HT2_6_5db.wav,99,yes
3,835,japanese,sentence,SpeechBoxHINTList,2,7,大学受験はとても難しい,4,yes,SNR10dB,J_HT2_7_10db.wav,99,yes
3,835,japanese,sentence,SpeechBoxHINTList,2,9,出かける前には戸締りをします,4,yes,SNR10dB,J_HT2_9_10db.wav,99,yes
3,835,japanese,sentence,SpeechBoxHINTList,2,11,悩みを友達によく相談した,4,yes,SNR10dB,J_HT2_11_10db.wav,99,yes
3,835,japanese,sentence,SpeechBoxHINTList,2,13,銀行が近くにあって便利です,4,yes,SNR10dB,J_HT2_13_10db.wav,99,yes
3,835,japanese,sentence,SpeechBoxHINTList,2,15,昔話を聞きながら眠った,3,yes,SNR10dB,J_HT2_15_10db.wav,99,yes
3,835,japanese,sentence,SpeechBoxHINTList,2,20,仕事で帰りが遅くなりました,4,yes,SNR10dB,J_HT2_20_10db.wav,99,yes
3,835,japanese,sentence,SpeechBoxHINTList,2,22,お年寄りには座席を譲ります,3,yes,SNR10dB,J_HT2_22_10db.wav,99,yes
3,835,japanese,sentence,SpeechBoxHINTList,2,23,やかんをひっくり返してやけどした,4,yes,SNR10dB,J_HT2_23_10db.wav,99,yes
3,835,japanese,sentence,SpeechBoxHINTList,2,32,知らない人に親切にされた,4,yes,SNR10dB,J_HT2_32_10db.wav,99,yes
3,835,japanese,sentence,SpeechBoxHINTList,2,34,牧場に黒い羊がいました,4,yes,SNR10dB,J_HT2_34_10db.wav,99,yes
3,835,japanese,sentence,SpeechBoxHINTList,2,36,鉛筆と消しゴムを用意する,3,yes,SNR10dB,J_HT2_36_10db.wav,99,yes
3,835,japanese,sentence,SpeechBoxHINTList,2,38,電車とバスに乗って帰ります,4,yes,SNR10dB,J_HT2_38_10db.wav,99,yes
3,835,japanese,sentence,SpeechBoxHINTList,2,40,道路の真ん中を歩くのは危ない,4,yes,SNR10dB,J_HT2_40_10db.wav,99,yes
3,835,japanese,sentence,SpeechBoxHINTList,2,41,天気が良いので布団を干した,4,yes,SNR10dB,J_HT2_41_10db.wav,99,yes
3,835,japanese,sentence,SpeechBoxHINTList,2,47,隅々まで丁寧に掃除する,4,yes,SNR10dB,J_HT2_47_10db.wav,99,yes
3,835,japanese,sentence,SpeechBoxHINTList,2,48,貰ったおこづかいを全部使った,4,no,quiet,J_HT2_48.wav,99,yes
3,835,japanese,sentence,SpeechBoxHINTList,2,50,郵便局で電気代を振り込む,3,no,quiet,J_HT2_50.wav,99,yes
3,835,japanese,sentence,SpeechBoxHINTList,2,53,病気の原因を詳しく調べた,4,no,quiet,J_HT2_53.wav,99,yes
3,835,japanese,sentence,SpeechBoxHINTList,2,57,みかんの花は白くてかわいい,4,no,quiet,J_HT2_57.wav,99,yes
3,835,japanese,sentence,SpeechBoxHINTList,2,58,泥棒が夜中に忍び込んだ,3,no,quiet,J_HT2_58.wav,99,yes
4,905,japanese,sentence,SpeechBoxHINTList,1,1,朝ご飯を食べて元気に出かけた,4,yes,SNR00dB,J_HT1_1_0db.wav,75,yes
4,905,japanese,sentence,SpeechBoxHINTList,1,3,音楽に合わせて楽しく踊る,4,yes,SNR00dB,J_HT1_3_0db.wav,99,yes
4,905,japanese,sentence,SpeechBoxHINTList,1,5,歯磨きを忘れると虫歯になる,4,yes,SNR00dB,J_HT1_5_0db.wav,99,yes
4,905,japanese,sentence,SpeechBoxHINTList,1,6,やっと町の明かりが見えてきた,4,yes,SNR00dB,J_HT1_6_0db.wav,99,yes
4,905,japanese,sentence,SpeechBoxHINTList,1,9,窓からぼんやり景色を眺めた,4,yes,SNR00dB,J_HT1_9_0db.wav,99,yes
4,905,japanese,sentence,SpeechBoxHINTList,1,15,お母さんが作るご飯はおいしい,4,yes,SNR00dB,J_HT1_15_0db.wav,99,yes
4,905,japanese,sentence,SpeechBoxHINTList,1,18,子供が悪戯して酷く怒られた,4,yes,SNR00dB,J_HT1_18_0db.wav,99,yes
4,905,japanese,sentence,SpeechBoxHINTList,1,20,汚れた洋服を洗濯しました,3,yes,SNR00dB,J_HT1_20_0db.wav,99,yes
4,905,japanese,sentence,SpeechBoxHINTList,1,21,手紙をもらって返事を書いた,4,yes,SNR00dB,J_HT1_21_0db.wav,99,yes
4,905,japanese,sentence,SpeechBoxHINTList,1,26,おじいちゃんは昔から厳しい人だ,4,yes,SNR00dB,J_HT1_26_0db.wav,99,yes
4,905,japanese,sentence,SpeechBoxHINTList,1,27,苦い薬は今でも嫌いです,4,yes,SNR00dB,J_HT1_27_0db.wav,50,yes
4,905,japanese,sentence,SpeechBoxHINTList,1,29,新しいおもちゃを見せて自慢する,4,yes,SNR00dB,J_HT1_29_0db.wav,99,yes
4,905,japanese,sentence,SpeechBoxHINTList,1,30,突然話題が途切れて困った,4,yes,SNR00dB,J_HT1_30_0db.wav,99,yes
4,905,japanese,sentence,SpeechBoxHINTList,1,32,帰りが遅いと心配になります,4,yes,SNR00dB,J_HT1_32_0db.wav,99,yes
4,905,japanese,sentence,SpeechBoxHINTList,1,33,病院で名前を何度も呼ばれた,4,yes,SNR00dB,J_HT1_33_0db.wav,99,yes
4,905,japanese,sentence,SpeechBoxHINTList,1,35,居眠り運転は大変危険だ,4,yes,SNR05dB,J_HT1_35_5db.wav,0,yes
4,905,japanese,sentence,SpeechBoxHINTList,1,36,枕が高いと首が疲れます,4,yes,SNR05dB,J_HT1_36_5db.wav,99,yes
4,905,japanese,sentence,SpeechBoxHINTList,1,37,険しい山に一人で登った,4,yes,SNR05dB,J_HT1_37_5db.wav,99,yes
4,905,japanese,sentence,SpeechBoxHINTList,1,41,天気予報を聞いてから出かけます,3,yes,SNR05dB,J_HT1_41_5db.wav,99,yes
4,905,japanese,sentence,SpeechBoxHINTList,1,42,映画館の前で待ち合わせする,4,yes,SNR05dB,J_HT1_42_5db.wav,99,yes
4,905,japanese,sentence,SpeechBoxHINTList,1,43,今日は珍しく早く起きました,4,yes,SNR05dB,J_HT1_43_5db.wav,99,yes
4,905,japanese,sentence,SpeechBoxHINTList,1,44,母親の看病で寝不足です,3,yes,SNR05dB,J_HT1_44_5db.wav,99,yes
4,905,japanese,sentence,SpeechBoxHINTList,1,46,小さい頃の写真を見つけた,4,yes,SNR05dB,J_HT1_46_5db.wav,99,yes
4,905,japanese,sentence,SpeechBoxHINTList,1,55,洗濯物が乾いたので取り入れた,3,yes,SNR05dB,J_HT1_55_5db.wav,99,yes
4,905,japanese,sentence,SpeechBoxHINTList,1,57,編み物をしたら肩が凝った,4,yes,SNR05dB,J_HT1_57_5db.wav,99,yes
4,905,japanese,sentence,SpeechBoxHINTList,1,58,足元に注意しながら歩きます,4,yes,SNR05dB,J_HT1_58_5db.wav,99,yes
4,905,japanese,sentence,SpeechBoxHINTList,1,59,眼鏡をかけて新聞を読んだ,4,yes,SNR05dB,J_HT1_59_5db.wav,99,yes
4,905,japanese,sentence,SpeechBoxHINTList,2,1,私は田舎で生まれ育った,4,yes,SNR05dB,J_HT2_1_5db.wav,99,yes
4,905,japanese,sentence,SpeechBoxHINTList,2,4,電車や飛行機で旅行します,3,yes,SNR05dB,J_HT2_4_5db.wav,67,yes
4,905,japanese,sentence,SpeechBoxHINTList,2,6,道に迷って交番で尋ねた,4,yes,SNR05dB,J_HT2_6_5db.wav,99,yes
4,905,japanese,sentence,SpeechBoxHINTList,2,7,大学受験はとても難しい,4,yes,SNR10dB,J_HT2_7_10db.wav,99,yes
4,905,japanese,sentence,SpeechBoxHINTList,2,9,出かける前には戸締りをします,4,yes,SNR10dB,J_HT2_9_10db.wav,99,yes
4,905,japanese,sentence,SpeechBoxHINTList,2,11,悩みを友達によく相談した,4,yes,SNR10dB,J_HT2_11_10db.wav,99,yes
4,905,japanese,sentence,SpeechBoxHINTList,2,13,銀行が近くにあって便利です,4,yes,SNR10dB,J_HT2_13_10db.wav,99,yes
4,905,japanese,sentence,SpeechBoxHINTList,2,15,昔話を聞きながら眠った,3,yes,SNR10dB,J_HT2_15_10db.wav,99,yes
4,905,japanese,sentence,SpeechBoxHINTList,2,20,仕事で帰りが遅くなりました,4,yes,SNR10dB,J_HT2_20_10db.wav,99,yes
4,905,japanese,sentence,SpeechBoxHINTList,2,22,お年寄りには座席を譲ります,3,yes,SNR10dB,J_HT2_22_10db.wav,99,yes
4,905,japanese,sentence,SpeechBoxHINTList,2,23,やかんをひっくり返してやけどした,4,yes,SNR10dB,J_HT2_23_10db.wav,99,yes
4,905,japanese,sentence,SpeechBoxHINTList,2,32,知らない人に親切にされた,4,yes,SNR10dB,J_HT2_32_10db.wav,99,yes
4,905,japanese,sentence,SpeechBoxHINTList,2,34,牧場に黒い羊がいました,4,yes,SNR10dB,J_HT2_34_10db.wav,99,yes
4,905,japanese,sentence,SpeechBoxHINTList,2,36,鉛筆と消しゴムを用意する,3,yes,SNR10dB,J_HT2_36_10db.wav,99,yes
4,905,japanese,sentence,SpeechBoxHINTList,2,38,電車とバスに乗って帰ります,4,yes,SNR10dB,J_HT2_38_10db.wav,99,yes
4,905,japanese,sentence,SpeechBoxHINTList,2,40,道路の真ん中を歩くのは危ない,4,yes,SNR10dB,J_HT2_40_10db.wav,99,yes
4,905,japanese,sentence,SpeechBoxHINTList,2,41,天気が良いので布団を干した,4,yes,SNR10dB,J_HT2_41_10db.wav,99,yes
4,905,japanese,sentence,SpeechBoxHINTList,2,47,隅々まで丁寧に掃除する,4,yes,SNR10dB,J_HT2_47_10db.wav,99,yes
4,905,japanese,sentence,SpeechBoxHINTList,2,48,貰ったおこづかいを全部使った,4,no,quiet,J_HT2_48.wav,99,yes
4,905,japanese,sentence,SpeechBoxHINTList,2,50,郵便局で電気代を振り込む,3,no,quiet,J_HT2_50.wav,99,yes
4,905,japanese,sentence,SpeechBoxHINTList,2,53,病気の原因を詳しく調べた,4,no,quiet,J_HT2_53.wav,99,yes
4,905,japanese,sentence,SpeechBoxHINTList,2,57,みかんの花は白くてかわいい,4,no,quiet,J_HT2_57.wav,99,yes
4,905,japanese,sentence,SpeechBoxHINTList,2,58,泥棒が夜中に忍び込んだ,3,no,quiet,J_HT2_58.wav,99,yes
5,405,japanese,sentence,SpeechBoxHINTList,1,1,朝ご飯を食べて元気に出かけた,4,yes,SNR00dB,J_HT1_1_0db.wav,75,yes
5,405,japanese,sentence,SpeechBoxHINTList,1,3,音楽に合わせて楽しく踊る,4,yes,SNR00dB,J_HT1_3_0db.wav,99,yes
5,405,japanese,sentence,SpeechBoxHINTList,1,5,歯磨きを忘れると虫歯になる,4,yes,SNR00dB,J_HT1_5_0db.wav,99,yes
5,405,japanese,sentence,SpeechBoxHINTList,1,6,やっと町の明かりが見えてきた,4,yes,SNR00dB,J_HT1_6_0db.wav,99,yes
5,405,japanese,sentence,SpeechBoxHINTList,1,9,窓からぼんやり景色を眺めた,4,yes,SNR00dB,J_HT1_9_0db.wav,99,yes
5,405,japanese,sentence,SpeechBoxHINTList,1,15,お母さんが作るご飯はおいしい,4,yes,SNR00dB,J_HT1_15_0db.wav,99,yes
5,405,japanese,sentence,SpeechBoxHINTList,1,18,子供が悪戯して酷く怒られた,4,yes,SNR00dB,J_HT1_18_0db.wav,99,yes
5,405,japanese,sentence,SpeechBoxHINTList,1,20,汚れた洋服を洗濯しました,3,yes,SNR00dB,J_HT1_20_0db.wav,99,yes
5,405,japanese,sentence,SpeechBoxHINTList,1,21,手紙をもらって返事を書いた,4,yes,SNR00dB,J_HT1_21_0db.wav,99,yes
5,405,japanese,sentence,SpeechBoxHINTList,1,26,おじいちゃんは昔から厳しい人だ,4,yes,SNR00dB,J_HT1_26_0db.wav,99,yes
5,405,japanese,sentence,SpeechBoxHINTList,1,27,苦い薬は今でも嫌いです,4,yes,SNR00dB,J_HT1_27_0db.wav,99,yes
5,405,japanese,sentence,SpeechBoxHINTList,1,29,新しいおもちゃを見せて自慢する,4,yes,SNR00dB,J_HT1_29_0db.wav,99,yes
5,405,japanese,sentence,SpeechBoxHINTList,1,30,突然話題が途切れて困った,4,yes,SNR00dB,J_HT1_30_0db.wav,75,yes
5,405,japanese,sentence,SpeechBoxHINTList,1,32,帰りが遅いと心配になります,4,yes,SNR00dB,J_HT1_32_0db.wav,99,yes
5,405,japanese,sentence,SpeechBoxHINTList,1,33,病院で名前を何度も呼ばれた,4,yes,SNR00dB,J_HT1_33_0db.wav,99,yes
5,405,japanese,sentence,SpeechBoxHINTList,1,35,居眠り運転は大変危険だ,4,yes,SNR05dB,J_HT1_35_5db.wav,75,yes
5,405,japanese,sentence,SpeechBoxHINTList,1,36,枕が高いと首が疲れます,4,yes,SNR05dB,J_HT1_36_5db.wav,99,yes
5,405,japanese,sentence,SpeechBoxHINTList,1,37,険しい山に一人で登った,4,yes,SNR05dB,J_HT1_37_5db.wav,99,yes
5,405,japanese,sentence,SpeechBoxHINTList,1,41,天気予報を聞いてから出かけます,3,yes,SNR05dB,J_HT1_41_5db.wav,99,yes
5,405,japanese,sentence,SpeechBoxHINTList,1,42,映画館の前で待ち合わせする,4,yes,SNR05dB,J_HT1_42_5db.wav,99,yes
5,405,japanese,sentence,SpeechBoxHINTList,1,43,今日は珍しく早く起きました,4,yes,SNR05dB,J_HT1_43_5db.wav,99,yes
5,405,japanese,sentence,SpeechBoxHINTList,1,44,母親の看病で寝不足です,3,yes,SNR05dB,J_HT1_44_5db.wav,99,yes
5,405,japanese,sentence,SpeechBoxHINTList,1,46,小さい頃の写真を見つけた,4,yes,SNR05dB,J_HT1_46_5db.wav,99,yes
5,405,japanese,sentence,SpeechBoxHINTList,1,55,洗濯物が乾いたので取り入れた,3,yes,SNR05dB,J_HT1_55_5db.wav,99,yes
5,405,japanese,sentence,SpeechBoxHINTList,1,57,編み物をしたら肩が凝った,4,yes,SNR05dB,J_HT1_57_5db.wav,99,yes
5,405,japanese,sentence,SpeechBoxHINTList,1,58,足元に注意しながら歩きます,4,yes,SNR05dB,J_HT1_58_5db.wav,99,yes
5,405,japanese,sentence,SpeechBoxHINTList,1,59,眼鏡をかけて新聞を読んだ,4,yes,SNR05dB,J_HT1_59_5db.wav,99,yes
5,405,japanese,sentence,SpeechBoxHINTList,2,1,私は田舎で生まれ育った,4,yes,SNR05dB,J_HT2_1_5db.wav,99,yes
5,405,japanese,sentence,SpeechBoxHINTList,2,4,電車や飛行機で旅行します,3,yes,SNR05dB,J_HT2_4_5db.wav,99,yes
5,405,japanese,sentence,SpeechBoxHINTList,2,6,道に迷って交番で尋ねた,4,yes,SNR05dB,J_HT2_6_5db.wav,99,yes
5,405,japanese,sentence,SpeechBoxHINTList,2,7,大学受験はとても難しい,4,yes,SNR10dB,J_HT2_7_10db.wav,99,yes
5,405,japanese,sentence,SpeechBoxHINTList,2,9,出かける前には戸締りをします,4,yes,SNR10dB,J_HT2_9_10db.wav,99,yes
5,405,japanese,sentence,SpeechBoxHINTList,2,11,悩みを友達によく相談した,4,yes,SNR10dB,J_HT2_11_10db.wav,99,yes
5,405,japanese,sentence,SpeechBoxHINTList,2,13,銀行が近くにあって便利です,4,yes,SNR10dB,J_HT2_13_10db.wav,99,yes
5,405,japanese,sentence,SpeechBoxHINTList,2,15,昔話を聞きながら眠った,3,yes,SNR10dB,J_HT2_15_10db.wav,99,yes
5,405,japanese,sentence,SpeechBoxHINTList,2,20,仕事で帰りが遅くなりました,4,yes,SNR10dB,J_HT2_20_10db.wav,99,yes
5,405,japanese,sentence,SpeechBoxHINTList,2,22,お年寄りには座席を譲ります,3,yes,SNR10dB,J_HT2_22_10db.wav,99,yes
5,405,japanese,sentence,SpeechBoxHINTList,2,23,やかんをひっくり返してやけどした,4,yes,SNR10dB,J_HT2_23_10db.wav,99,yes
5,405,japanese,sentence,SpeechBoxHINTList,2,32,知らない人に親切にされた,4,yes,SNR10dB,J_HT2_32_10db.wav,99,yes
5,405,japanese,sentence,SpeechBoxHINTList,2,34,牧場に黒い羊がいました,4,yes,SNR10dB,J_HT2_34_10db.wav,99,yes
5,405,japanese,sentence,SpeechBoxHINTList,2,36,鉛筆と消しゴムを用意する,3,yes,SNR10dB,J_HT2_36_10db.wav,99,yes
5,405,japanese,sentence,SpeechBoxHINTList,2,38,電車とバスに乗って帰ります,4,yes,SNR10dB,J_HT2_38_10db.wav,99,yes
5,405,japanese,sentence,SpeechBoxHINTList,2,40,道路の真ん中を歩くのは危ない,4,yes,SNR10dB,J_HT2_40_10db.wav,99,yes
5,405,japanese,sentence,SpeechBoxHINTList,2,41,天気が良いので布団を干した,4,yes,SNR10dB,J_HT2_41_10db.wav,99,yes
5,405,japanese,sentence,SpeechBoxHINTList,2,47,隅々まで丁寧に掃除する,4,yes,SNR10dB,J_HT2_47_10db.wav,99,yes
5,405,japanese,sentence,SpeechBoxHINTList,2,48,貰ったおこづかいを全部使った,4,no,quiet,J_HT2_48.wav,99,yes
5,405,japanese,sentence,SpeechBoxHINTList,2,50,郵便局で電気代を振り込む,3,no,quiet,J_HT2_50.wav,99,yes
5,405,japanese,sentence,SpeechBoxHINTList,2,53,病気の原因を詳しく調べた,4,no,quiet,J_HT2_53.wav,99,yes
5,405,japanese,sentence,SpeechBoxHINTList,2,57,みかんの花は白くてかわいい,4,no,quiet,J_HT2_57.wav,99,yes
5,405,japanese,sentence,SpeechBoxHINTList,2,58,泥棒が夜中に忍び込んだ,3,no,quiet,J_HT2_58.wav,99,yes
6,500,japanese,sentence,SpeechBoxHINTList,1,1,朝ご飯を食べて元気に出かけた,4,yes,SNR00dB,J_HT1_1_0db.wav,99,yes
6,500,japanese,sentence,SpeechBoxHINTList,1,3,音楽に合わせて楽しく踊る,4,yes,SNR00dB,J_HT1_3_0db.wav,75,yes
6,500,japanese,sentence,SpeechBoxHINTList,1,5,歯磨きを忘れると虫歯になる,4,yes,SNR00dB,J_HT1_5_0db.wav,99,yes
6,500,japanese,sentence,SpeechBoxHINTList,1,6,やっと町の明かりが見えてきた,4,yes,SNR00dB,J_HT1_6_0db.wav,99,yes
6,500,japanese,sentence,SpeechBoxHINTList,1,9,窓からぼんやり景色を眺めた,4,yes,SNR00dB,J_HT1_9_0db.wav,99,yes
6,500,japanese,sentence,SpeechBoxHINTList,1,15,お母さんが作るご飯はおいしい,4,yes,SNR00dB,J_HT1_15_0db.wav,99,yes
6,500,japanese,sentence,SpeechBoxHINTList,1,18,子供が悪戯して酷く怒られた,4,yes,SNR00dB,J_HT1_18_0db.wav,99,yes
6,500,japanese,sentence,SpeechBoxHINTList,1,20,汚れた洋服を洗濯しました,3,yes,SNR00dB,J_HT1_20_0db.wav,99,yes
6,500,japanese,sentence,SpeechBoxHINTList,1,21,手紙をもらって返事を書いた,4,yes,SNR00dB,J_HT1_21_0db.wav,99,yes
6,500,japanese,sentence,SpeechBoxHINTList,1,26,おじいちゃんは昔から厳しい人だ,4,yes,SNR00dB,J_HT1_26_0db.wav,99,yes
6,500,japanese,sentence,SpeechBoxHINTList,1,27,苦い薬は今でも嫌いです,4,yes,SNR00dB,J_HT1_27_0db.wav,99,yes
6,500,japanese,sentence,SpeechBoxHINTList,1,29,新しいおもちゃを見せて自慢する,4,yes,SNR00dB,J_HT1_29_0db.wav,99,yes
6,500,japanese,sentence,SpeechBoxHINTList,1,30,突然話題が途切れて困った,4,yes,SNR00dB,J_HT1_30_0db.wav,99,yes
6,500,japanese,sentence,SpeechBoxHINTList,1,32,帰りが遅いと心配になります,4,yes,SNR00dB,J_HT1_32_0db.wav,99,yes
6,500,japanese,sentence,SpeechBoxHINTList,1,33,病院で名前を何度も呼ばれた,4,yes,SNR00dB,J_HT1_33_0db.wav,99,yes
6,500,japanese,sentence,SpeechBoxHINTList,1,35,居眠り運転は大変危険だ,4,yes,SNR05dB,J_HT1_35_5db.wav,75,yes
6,500,japanese,sentence,SpeechBoxHINTList,1,36,枕が高いと首が疲れます,4,yes,SNR05dB,J_HT1_36_5db.wav,99,yes
6,500,japanese,sentence,SpeechBoxHINTList,1,37,険しい山に一人で登った,4,yes,SNR05dB,J_HT1_37_5db.wav,99,yes
6,500,japanese,sentence,SpeechBoxHINTList,1,41,天気予報を聞いてから出かけます,3,yes,SNR05dB,J_HT1_41_5db.wav,99,yes
6,500,japanese,sentence,SpeechBoxHINTList,1,42,映画館の前で待ち合わせする,4,yes,SNR05dB,J_HT1_42_5db.wav,99,yes
6,500,japanese,sentence,SpeechBoxHINTList,1,43,今日は珍しく早く起きました,4,yes,SNR05dB,J_HT1_43_5db.wav,99,yes
6,500,japanese,sentence,SpeechBoxHINTList,1,44,母親の看病で寝不足です,3,yes,SNR05dB,J_HT1_44_5db.wav,99,yes
6,500,japanese,sentence,SpeechBoxHINTList,1,46,小さい頃の写真を見つけた,4,yes,SNR05dB,J_HT1_46_5db.wav,99,yes
6,500,japanese,sentence,SpeechBoxHINTList,1,55,洗濯物が乾いたので取り入れた,3,yes,SNR05dB,J_HT1_55_5db.wav,99,yes
6,500,japanese,sentence,SpeechBoxHINTList,1,57,編み物をしたら肩が凝った,4,yes,SNR05dB,J_HT1_57_5db.wav,99,yes
6,500,japanese,sentence,SpeechBoxHINTList,1,58,足元に注意しながら歩きます,4,yes,SNR05dB,J_HT1_58_5db.wav,99,yes
6,500,japanese,sentence,SpeechBoxHINTList,1,59,眼鏡をかけて新聞を読んだ,4,yes,SNR05dB,J_HT1_59_5db.wav,99,yes
6,500,japanese,sentence,SpeechBoxHINTList,2,1,私は田舎で生まれ育った,4,yes,SNR05dB,J_HT2_1_5db.wav,99,yes
6,500,japanese,sentence,SpeechBoxHINTList,2,4,電車や飛行機で旅行します,3,yes,SNR05dB,J_HT2_4_5db.wav,99,yes
6,500,japanese,sentence,SpeechBoxHINTList,2,6,道に迷って交番で尋ねた,4,yes,SNR05dB,J_HT2_6_5db.wav,99,yes
6,500,japanese,sentence,SpeechBoxHINTList,2,7,大学受験はとても難しい,4,yes,SNR10dB,J_HT2_7_10db.wav,99,yes
6,500,japanese,sentence,SpeechBoxHINTList,2,9,出かける前には戸締りをします,4,yes,SNR10dB,J_HT2_9_10db.wav,99,yes
6,500,japanese,sentence,SpeechBoxHINTList,2,11,悩みを友達によく相談した,4,yes,SNR10dB,J_HT2_11_10db.wav,99,yes
6,500,japanese,sentence,SpeechBoxHINTList,2,13,銀行が近くにあって便利です,4,yes,SNR10dB,J_HT2_13_10db.wav,99,yes
6,500,japanese,sentence,SpeechBoxHINTList,2,15,昔話を聞きながら眠った,3,yes,SNR10dB,J_HT2_15_10db.wav,99,yes
6,500,japanese,sentence,SpeechBoxHINTList,2,20,仕事で帰りが遅くなりました,4,yes,SNR10dB,J_HT2_20_10db.wav,99,yes
6,500,japanese,sentence,SpeechBoxHINTList,2,22,お年寄りには座席を譲ります,3,yes,SNR10dB,J_HT2_22_10db.wav,99,yes
6,500,japanese,sentence,SpeechBoxHINTList,2,23,やかんをひっくり返してやけどした,4,yes,SNR10dB,J_HT2_23_10db.wav,99,yes
6,500,japanese,sentence,SpeechBoxHINTList,2,32,知らない人に親切にされた,4,yes,SNR10dB,J_HT2_32_10db.wav,99,yes
6,500,japanese,sentence,SpeechBoxHINTList,2,34,牧場に黒い羊がいました,4,yes,SNR10dB,J_HT2_34_10db.wav,99,yes
6,500,japanese,sentence,SpeechBoxHINTList,2,36,鉛筆と消しゴムを用意する,3,yes,SNR10dB,J_HT2_36_10db.wav,99,yes
6,500,japanese,sentence,SpeechBoxHINTList,2,38,電車とバスに乗って帰ります,4,yes,SNR10dB,J_HT2_38_10db.wav,99,yes
6,500,japanese,sentence,SpeechBoxHINTList,2,40,道路の真ん中を歩くのは危ない,4,yes,SNR10dB,J_HT2_40_10db.wav,99,yes
6,500,japanese,sentence,SpeechBoxHINTList,2,41,天気が良いので布団を干した,4,yes,SNR10dB,J_HT2_41_10db.wav,99,yes
6,500,japanese,sentence,SpeechBoxHINTList,2,47,隅々まで丁寧に掃除する,4,yes,SNR10dB,J_HT2_47_10db.wav,99,yes
6,500,japanese,sentence,SpeechBoxHINTList,2,48,貰ったおこづかいを全部使った,4,no,quiet,J_HT2_48.wav,99,yes
6,500,japanese,sentence,SpeechBoxHINTList,2,50,郵便局で電気代を振り込む,3,no,quiet,J_HT2_50.wav,99,yes
6,500,japanese,sentence,SpeechBoxHINTList,2,53,病気の原因を詳しく調べた,4,no,quiet,J_HT2_53.wav,99,yes
6,500,japanese,sentence,SpeechBoxHINTList,2,57,みかんの花は白くてかわいい,4,no,quiet,J_HT2_57.wav,99,yes
6,500,japanese,sentence,SpeechBoxHINTList,2,58,泥棒が夜中に忍び込んだ,3,no,quiet,J_HT2_58.wav,99,yes
7,770,japanese,sentence,SpeechBoxHINTList,1,1,朝ご飯を食べて元気に出かけた,4,yes,SNR00dB,J_HT1_1_0db.wav,99,yes
7,770,japanese,sentence,SpeechBoxHINTList,1,3,音楽に合わせて楽しく踊る,4,yes,SNR00dB,J_HT1_3_0db.wav,99,yes
7,770,japanese,sentence,SpeechBoxHINTList,1,5,歯磨きを忘れると虫歯になる,4,yes,SNR00dB,J_HT1_5_0db.wav,99,yes
7,770,japanese,sentence,SpeechBoxHINTList,1,6,やっと町の明かりが見えてきた,4,yes,SNR00dB,J_HT1_6_0db.wav,99,yes
7,770,japanese,sentence,SpeechBoxHINTList,1,9,窓からぼんやり景色を眺めた,4,yes,SNR00dB,J_HT1_9_0db.wav,99,yes
7,770,japanese,sentence,SpeechBoxHINTList,1,15,お母さんが作るご飯はおいしい,4,yes,SNR00dB,J_HT1_15_0db.wav,99,yes
7,770,japanese,sentence,SpeechBoxHINTList,1,18,子供が悪戯して酷く怒られた,4,yes,SNR00dB,J_HT1_18_0db.wav,99,yes
7,770,japanese,sentence,SpeechBoxHINTList,1,20,汚れた洋服を洗濯しました,3,yes,SNR00dB,J_HT1_20_0db.wav,99,yes
7,770,japanese,sentence,SpeechBoxHINTList,1,21,手紙をもらって返事を書いた,4,yes,SNR00dB,J_HT1_21_0db.wav,99,yes
7,770,japanese,sentence,SpeechBoxHINTList,1,26,おじいちゃんは昔から厳しい人だ,4,yes,SNR00dB,J_HT1_26_0db.wav,99,yes
7,770,japanese,sentence,SpeechBoxHINTList,1,27,苦い薬は今でも嫌いです,4,yes,SNR00dB,J_HT1_27_0db.wav,99,yes
7,770,japanese,sentence,SpeechBoxHINTList,1,29,新しいおもちゃを見せて自慢する,4,yes,SNR00dB,J_HT1_29_0db.wav,75,yes
7,770,japanese,sentence,SpeechBoxHINTList,1,30,突然話題が途切れて困った,4,yes,SNR00dB,J_HT1_30_0db.wav,99,yes
7,770,japanese,sentence,SpeechBoxHINTList,1,32,帰りが遅いと心配になります,4,yes,SNR00dB,J_HT1_32_0db.wav,99,yes
7,770,japanese,sentence,SpeechBoxHINTList,1,33,病院で名前を何度も呼ばれた,4,yes,SNR00dB,J_HT1_33_0db.wav,99,yes
7,770,japanese,sentence,SpeechBoxHINTList,1,35,居眠り運転は大変危険だ,4,yes,SNR05dB,J_HT1_35_5db.wav,75,yes
7,770,japanese,sentence,SpeechBoxHINTList,1,36,枕が高いと首が疲れます,4,yes,SNR05dB,J_HT1_36_5db.wav,99,yes
7,770,japanese,sentence,SpeechBoxHINTList,1,37,険しい山に一人で登った,4,yes,SNR05dB,J_HT1_37_5db.wav,99,yes
7,770,japanese,sentence,SpeechBoxHINTList,1,41,天気予報を聞いてから出かけます,3,yes,SNR05dB,J_HT1_41_5db.wav,99,yes
7,770,japanese,sentence,SpeechBoxHINTList,1,42,映画館の前で待ち合わせする,4,yes,SNR05dB,J_HT1_42_5db.wav,99,yes
7,770,japanese,sentence,SpeechBoxHINTList,1,43,今日は珍しく早く起きました,4,yes,SNR05dB,J_HT1_43_5db.wav,99,yes
7,770,japanese,sentence,SpeechBoxHINTList,1,44,母親の看病で寝不足です,3,yes,SNR05dB,J_HT1_44_5db.wav,99,yes
7,770,japanese,sentence,SpeechBoxHINTList,1,46,小さい頃の写真を見つけた,4,yes,SNR05dB,J_HT1_46_5db.wav,99,yes
7,770,japanese,sentence,SpeechBoxHINTList,1,55,洗濯物が乾いたので取り入れた,3,yes,SNR05dB,J_HT1_55_5db.wav,99,yes
7,770,japanese,sentence,SpeechBoxHINTList,1,57,編み物をしたら肩が凝った,4,yes,SNR05dB,J_HT1_57_5db.wav,99,yes
7,770,japanese,sentence,SpeechBoxHINTList,1,58,足元に注意しながら歩きます,4,yes,SNR05dB,J_HT1_58_5db.wav,99,yes
7,770,japanese,sentence,SpeechBoxHINTList,1,59,眼鏡をかけて新聞を読んだ,4,yes,SNR05dB,J_HT1_59_5db.wav,99,yes
7,770,japanese,sentence,SpeechBoxHINTList,2,1,私は田舎で生まれ育った,4,yes,SNR05dB,J_HT2_1_5db.wav,99,yes
7,770,japanese,sentence,SpeechBoxHINTList,2,4,電車や飛行機で旅行します,3,yes,SNR05dB,J_HT2_4_5db.wav,99,yes
7,770,japanese,sentence,SpeechBoxHINTList,2,6,道に迷って交番で尋ねた,4,yes,SNR05dB,J_HT2_6_5db.wav,99,yes
7,770,japanese,sentence,SpeechBoxHINTList,2,7,大学受験はとても難しい,4,yes,SNR10dB,J_HT2_7_10db.wav,99,yes
7,770,japanese,sentence,SpeechBoxHINTList,2,9,出かける前には戸締りをします,4,yes,SNR10dB,J_HT2_9_10db.wav,99,yes
7,770,japanese,sentence,SpeechBoxHINTList,2,11,悩みを友達によく相談した,4,yes,SNR10dB,J_HT2_11_10db.wav,99,yes
7,770,japanese,sentence,SpeechBoxHINTList,2,13,銀行が近くにあって便利です,4,yes,SNR10dB,J_HT2_13_10db.wav,99,yes
7,770,japanese,sentence,SpeechBoxHINTList,2,15,昔話を聞きながら眠った,3,yes,SNR10dB,J_HT2_15_10db.wav,99,yes
7,770,japanese,sentence,SpeechBoxHINTList,2,20,仕事で帰りが遅くなりました,4,yes,SNR10dB,J_HT2_20_10db.wav,99,yes
7,770,japanese,sentence,SpeechBoxHINTList,2,22,お年寄りには座席を譲ります,3,yes,SNR10dB,J_HT2_22_10db.wav,99,yes
7,770,japanese,sentence,SpeechBoxHINTList,2,23,やかんをひっくり返してやけどした,4,yes,SNR10dB,J_HT2_23_10db.wav,99,yes
7,770,japanese,sentence,SpeechBoxHINTList,2,32,知らない人に親切にされた,4,yes,SNR10dB,J_HT2_32_10db.wav,99,yes
7,770,japanese,sentence,SpeechBoxHINTList,2,34,牧場に黒い羊がいました,4,yes,SNR10dB,J_HT2_34_10db.wav,99,yes
7,770,japanese,sentence,SpeechBoxHINTList,2,36,鉛筆と消しゴムを用意する,3,yes,SNR10dB,J_HT2_36_10db.wav,99,yes
7,770,japanese,sentence,SpeechBoxHINTList,2,38,電車とバスに乗って帰ります,4,yes,SNR10dB,J_HT2_38_10db.wav,99,yes
7,770,japanese,sentence,SpeechBoxHINTList,2,40,道路の真ん中を歩くのは危ない,4,yes,SNR10dB,J_HT2_40_10db.wav,99,yes
7,770,japanese,sentence,SpeechBoxHINTList,2,41,天気が良いので布団を干した,4,yes,SNR10dB,J_HT2_41_10db.wav,99,yes
7,770,japanese,sentence,SpeechBoxHINTList,2,47,隅々まで丁寧に掃除する,4,yes,SNR10dB,J_HT2_47_10db.wav,99,yes
7,770,japanese,sentence,SpeechBoxHINTList,2,48,貰ったおこづかいを全部使った,4,no,quiet,J_HT2_48.wav,99,yes
7,770,japanese,sentence,SpeechBoxHINTList,2,50,郵便局で電気代を振り込む,3,no,quiet,J_HT2_50.wav,99,yes
7,770,japanese,sentence,SpeechBoxHINTList,2,53,病気の原因を詳しく調べた,4,no,quiet,J_HT2_53.wav,99,yes
7,770,japanese,sentence,SpeechBoxHINTList,2,57,みかんの花は白くてかわいい,4,no,quiet,J_HT2_57.wav,99,yes
7,770,japanese,sentence,SpeechBoxHINTList,2,58,泥棒が夜中に忍び込んだ,3,no,quiet,J_HT2_58.wav,99,yes
8,450,japanese,sentence,SpeechBoxHINTList,1,1,朝ご飯を食べて元気に出かけた,4,yes,SNR00dB,J_HT1_1_0db.wav,99,yes
8,450,japanese,sentence,SpeechBoxHINTList,1,3,音楽に合わせて楽しく踊る,4,yes,SNR00dB,J_HT1_3_0db.wav,99,yes
8,450,japanese,sentence,SpeechBoxHINTList,1,5,歯磨きを忘れると虫歯になる,4,yes,SNR00dB,J_HT1_5_0db.wav,99,yes
8,450,japanese,sentence,SpeechBoxHINTList,1,6,やっと町の明かりが見えてきた,4,yes,SNR00dB,J_HT1_6_0db.wav,99,yes
8,450,japanese,sentence,SpeechBoxHINTList,1,9,窓からぼんやり景色を眺めた,4,yes,SNR00dB,J_HT1_9_0db.wav,99,yes
8,450,japanese,sentence,SpeechBoxHINTList,1,15,お母さんが作るご飯はおいしい,4,yes,SNR00dB,J_HT1_15_0db.wav,99,yes
8,450,japanese,sentence,SpeechBoxHINTList,1,18,子供が悪戯して酷く怒られた,4,yes,SNR00dB,J_HT1_18_0db.wav,99,yes
8,450,japanese,sentence,SpeechBoxHINTList,1,20,汚れた洋服を洗濯しました,3,yes,SNR00dB,J_HT1_20_0db.wav,99,yes
8,450,japanese,sentence,SpeechBoxHINTList,1,21,手紙をもらって返事を書いた,4,yes,SNR00dB,J_HT1_21_0db.wav,99,yes
8,450,japanese,sentence,SpeechBoxHINTList,1,26,おじいちゃんは昔から厳しい人だ,4,yes,SNR00dB,J_HT1_26_0db.wav,99,yes
8,450,japanese,sentence,SpeechBoxHINTList,1,27,苦い薬は今でも嫌いです,4,yes,SNR00dB,J_HT1_27_0db.wav,99,yes
8,450,japanese,sentence,SpeechBoxHINTList,1,29,新しいおもちゃを見せて自慢する,4,yes,SNR00dB,J_HT1_29_0db.wav,99,yes
8,450,japanese,sentence,SpeechBoxHINTList,1,30,突然話題が途切れて困った,4,yes,SNR00dB,J_HT1_30_0db.wav,99,yes
8,450,japanese,sentence,SpeechBoxHINTList,1,32,帰りが遅いと心配になります,4,yes,SNR00dB,J_HT1_32_0db.wav,99,yes
8,450,japanese,sentence,SpeechBoxHINTList,1,33,病院で名前を何度も呼ばれた,4,yes,SNR00dB,J_HT1_33_0db.wav,99,yes
8,450,japanese,sentence,SpeechBoxHINTList,1,35,居眠り運転は大変危険だ,4,yes,SNR05dB,J_HT1_35_5db.wav,75,yes
8,450,japanese,sentence,SpeechBoxHINTList,1,36,枕が高いと首が疲れます,4,yes,SNR05dB,J_HT1_36_5db.wav,99,yes
8,450,japanese,sentence,SpeechBoxHINTList,1,37,険しい山に一人で登った,4,yes,SNR05dB,J_HT1_37_5db.wav,99,yes
8,450,japanese,sentence,SpeechBoxHINTList,1,41,天気予報を聞いてから出かけます,3,yes,SNR05dB,J_HT1_41_5db.wav,99,yes
8,450,japanese,sentence,SpeechBoxHINTList,1,42,映画館の前で待ち合わせする,4,yes,SNR05dB,J_HT1_42_5db.wav,99,yes
8,450,japanese,sentence,SpeechBoxHINTList,1,43,今日は珍しく早く起きました,4,yes,SNR05dB,J_HT1_43_5db.wav,99,yes
8,450,japanese,sentence,SpeechBoxHINTList,1,44,母親の看病で寝不足です,3,yes,SNR05dB,J_HT1_44_5db.wav,99,yes
8,450,japanese,sentence,SpeechBoxHINTList,1,46,小さい頃の写真を見つけた,4,yes,SNR05dB,J_HT1_46_5db.wav,99,yes
8,450,japanese,sentence,SpeechBoxHINTList,1,55,洗濯物が乾いたので取り入れた,3,yes,SNR05dB,J_HT1_55_5db.wav,99,yes
8,450,japanese,sentence,SpeechBoxHINTList,1,57,編み物をしたら肩が凝った,4,yes,SNR05dB,J_HT1_57_5db.wav,99,yes
8,450,japanese,sentence,SpeechBoxHINTList,1,58,足元に注意しながら歩きます,4,yes,SNR05dB,J_HT1_58_5db.wav,99,yes
8,450,japanese,sentence,SpeechBoxHINTList,1,59,眼鏡をかけて新聞を読んだ,4,yes,SNR05dB,J_HT1_59_5db.wav,99,yes
8,450,japanese,sentence,SpeechBoxHINTList,2,1,私は田舎で生まれ育った,4,yes,SNR05dB,J_HT2_1_5db.wav,99,yes
8,450,japanese,sentence,SpeechBoxHINTList,2,4,電車や飛行機で旅行します,3,yes,SNR05dB,J_HT2_4_5db.wav,99,yes
8,450,japanese,sentence,SpeechBoxHINTList,2,6,道に迷って交番で尋ねた,4,yes,SNR05dB,J_HT2_6_5db.wav,99,yes
8,450,japanese,sentence,SpeechBoxHINTList,2,7,大学受験はとても難しい,4,yes,SNR10dB,J_HT2_7_10db.wav,99,yes
8,450,japanese,sentence,SpeechBoxHINTList,2,9,出かける前には戸締りをします,4,yes,SNR10dB,J_HT2_9_10db.wav,99,yes
8,450,japanese,sentence,SpeechBoxHINTList,2,11,悩みを友達によく相談した,4,yes,SNR10dB,J_HT2_11_10db.wav,99,yes
8,450,japanese,sentence,SpeechBoxHINTList,2,13,銀行が近くにあって便利です,4,yes,SNR10dB,J_HT2_13_10db.wav,99,yes
8,450,japanese,sentence,SpeechBoxHINTList,2,15,昔話を聞きながら眠った,3,yes,SNR10dB,J_HT2_15_10db.wav,99,yes
8,450,japanese,sentence,SpeechBoxHINTList,2,20,仕事で帰りが遅くなりました,4,yes,SNR10dB,J_HT2_20_10db.wav,99,yes
8,450,japanese,sentence,SpeechBoxHINTList,2,22,お年寄りには座席を譲ります,3,yes,SNR10dB,J_HT2_22_10db.wav,99,yes
8,450,japanese,sentence,SpeechBoxHINTList,2,23,やかんをひっくり返してやけどした,4,yes,SNR10dB,J_HT2_23_10db.wav,99,yes
8,450,japanese,sentence,SpeechBoxHINTList,2,32,知らない人に親切にされた,4,yes,SNR10dB,J_HT2_32_10db.wav,99,yes
8,450,japanese,sentence,SpeechBoxHINTList,2,34,牧場に黒い羊がいました,4,yes,SNR10dB,J_HT2_34_10db.wav,99,yes
8,450,japanese,sentence,SpeechBoxHINTList,2,36,鉛筆と消しゴムを用意する,3,yes,SNR10dB,J_HT2_36_10db.wav,99,yes
8,450,japanese,sentence,SpeechBoxHINTList,2,38,電車とバスに乗って帰ります,4,yes,SNR10dB,J_HT2_38_10db.wav,99,yes
8,450,japanese,sentence,SpeechBoxHINTList,2,40,道路の真ん中を歩くのは危ない,4,yes,SNR10dB,J_HT2_40_10db.wav,99,yes
8,450,japanese,sentence,SpeechBoxHINTList,2,41,天気が良いので布団を干した,4,yes,SNR10dB,J_HT2_41_10db.wav,99,yes
8,450,japanese,sentence,SpeechBoxHINTList,2,47,隅々まで丁寧に掃除する,4,yes,SNR10dB,J_HT2_47_10db.wav,99,yes
8,450,japanese,sentence,SpeechBoxHINTList,2,48,貰ったおこづかいを全部使った,4,no,quiet,J_HT2_48.wav,99,yes
8,450,japanese,sentence,SpeechBoxHINTList,2,50,郵便局で電気代を振り込む,3,no,quiet,J_HT2_50.wav,99,yes
8,450,japanese,sentence,SpeechBoxHINTList,2,53,病気の原因を詳しく調べた,4,no,quiet,J_HT2_53.wav,99,yes
8,450,japanese,sentence,SpeechBoxHINTList,2,57,みかんの花は白くてかわいい,4,no,quiet,J_HT2_57.wav,99,yes
8,450,japanese,sentence,SpeechBoxHINTList,2,58,泥棒が夜中に忍び込んだ,3,no,quiet,J_HT2_58.wav,99,yes
9,655,japanese,sentence,SpeechBoxHINTList,1,1,朝ご飯を食べて元気に出かけた,4,yes,SNR00dB,J_HT1_1_0db.wav,75,yes
9,655,japanese,sentence,SpeechBoxHINTList,1,3,音楽に合わせて楽しく踊る,4,yes,SNR00dB,J_HT1_3_0db.wav,99,yes
9,655,japanese,sentence,SpeechBoxHINTList,1,5,歯磨きを忘れると虫歯になる,4,yes,SNR00dB,J_HT1_5_0db.wav,99,yes
9,655,japanese,sentence,SpeechBoxHINTList,1,6,やっと町の明かりが見えてきた,4,yes,SNR00dB,J_HT1_6_0db.wav,99,yes
9,655,japanese,sentence,SpeechBoxHINTList,1,9,窓からぼんやり景色を眺めた,4,yes,SNR00dB,J_HT1_9_0db.wav,99,yes
9,655,japanese,sentence,SpeechBoxHINTList,1,15,お母さんが作るご飯はおいしい,4,yes,SNR00dB,J_HT1_15_0db.wav,99,yes
9,655,japanese,sentence,SpeechBoxHINTList,1,18,子供が悪戯して酷く怒られた,4,yes,SNR00dB,J_HT1_18_0db.wav,99,yes
9,655,japanese,sentence,SpeechBoxHINTList,1,20,汚れた洋服を洗濯しました,3,yes,SNR00dB,J_HT1_20_0db.wav,99,yes
9,655,japanese,sentence,SpeechBoxHINTList,1,21,手紙をもらって返事を書いた,4,yes,SNR00dB,J_HT1_21_0db.wav,99,yes
9,655,japanese,sentence,SpeechBoxHINTList,1,26,おじいちゃんは昔から厳しい人だ,4,yes,SNR00dB,J_HT1_26_0db.wav,99,yes
9,655,japanese,sentence,SpeechBoxHINTList,1,27,苦い薬は今でも嫌いです,4,yes,SNR00dB,J_HT1_27_0db.wav,99,yes
9,655,japanese,sentence,SpeechBoxHINTList,1,29,新しいおもちゃを見せて自慢する,4,yes,SNR00dB,J_HT1_29_0db.wav,99,yes
9,655,japanese,sentence,SpeechBoxHINTList,1,30,突然話題が途切れて困った,4,yes,SNR00dB,J_HT1_30_0db.wav,99,yes
9,655,japanese,sentence,SpeechBoxHINTList,1,32,帰りが遅いと心配になります,4,yes,SNR00dB,J_HT1_32_0db.wav,99,yes
9,655,japanese,sentence,SpeechBoxHINTList,1,33,病院で名前を何度も呼ばれた,4,yes,SNR00dB,J_HT1_33_0db.wav,75,yes
9,655,japanese,sentence,SpeechBoxHINTList,1,35,居眠り運転は大変危険だ,4,yes,SNR05dB,J_HT1_35_5db.wav,75,yes
9,655,japanese,sentence,SpeechBoxHINTList,1,36,枕が高いと首が疲れます,4,yes,SNR05dB,J_HT1_36_5db.wav,99,yes
9,655,japanese,sentence,SpeechBoxHINTList,1,37,険しい山に一人で登った,4,yes,SNR05dB,J_HT1_37_5db.wav,99,yes
9,655,japanese,sentence,SpeechBoxHINTList,1,41,天気予報を聞いてから出かけます,3,yes,SNR05dB,J_HT1_41_5db.wav,99,yes
9,655,japanese,sentence,SpeechBoxHINTList,1,42,映画館の前で待ち合わせする,4,yes,SNR05dB,J_HT1_42_5db.wav,99,yes
9,655,japanese,sentence,SpeechBoxHINTList,1,43,今日は珍しく早く起きました,4,yes,SNR05dB,J_HT1_43_5db.wav,99,yes
9,655,japanese,sentence,SpeechBoxHINTList,1,44,母親の看病で寝不足です,3,yes,SNR05dB,J_HT1_44_5db.wav,99,yes
9,655,japanese,sentence,SpeechBoxHINTList,1,46,小さい頃の写真を見つけた,4,yes,SNR05dB,J_HT1_46_5db.wav,99,yes
9,655,japanese,sentence,SpeechBoxHINTList,1,55,洗濯物が乾いたので取り入れた,3,yes,SNR05dB,J_HT1_55_5db.wav,99,yes
9,655,japanese,sentence,SpeechBoxHINTList,1,57,編み物をしたら肩が凝った,4,yes,SNR05dB,J_HT1_57_5db.wav,99,yes
9,655,japanese,sentence,SpeechBoxHINTList,1,58,足元に注意しながら歩きます,4,yes,SNR05dB,J_HT1_58_5db.wav,99,yes
9,655,japanese,sentence,SpeechBoxHINTList,1,59,眼鏡をかけて新聞を読んだ,4,yes,SNR05dB,J_HT1_59_5db.wav,99,yes
9,655,japanese,sentence,SpeechBoxHINTList,2,1,私は田舎で生まれ育った,4,yes,SNR05dB,J_HT2_1_5db.wav,99,yes
9,655,japanese,sentence,SpeechBoxHINTList,2,4,電車や飛行機で旅行します,3,yes,SNR05dB,J_HT2_4_5db.wav,99,yes
9,655,japanese,sentence,SpeechBoxHINTList,2,6,道に迷って交番で尋ねた,4,yes,SNR05dB,J_HT2_6_5db.wav,99,yes
9,655,japanese,sentence,SpeechBoxHINTList,2,7,大学受験はとても難しい,4,yes,SNR10dB,J_HT2_7_10db.wav,99,yes
9,655,japanese,sentence,SpeechBoxHINTList,2,9,出かける前には戸締りをします,4,yes,SNR10dB,J_HT2_9_10db.wav,99,yes
9,655,japanese,sentence,SpeechBoxHINTList,2,11,悩みを友達によく相談した,4,yes,SNR10dB,J_HT2_11_10db.wav,99,yes
9,655,japanese,sentence,SpeechBoxHINTList,2,13,銀行が近くにあって便利です,4,yes,SNR10dB,J_HT2_13_10db.wav,99,yes
9,655,japanese,sentence,SpeechBoxHINTList,2,15,昔話を聞きながら眠った,3,yes,SNR10dB,J_HT2_15_10db.wav,99,yes
9,655,japanese,sentence,SpeechBoxHINTList,2,20,仕事で帰りが遅くなりました,4,yes,SNR10dB,J_HT2_20_10db.wav,99,yes
9,655,japanese,sentence,SpeechBoxHINTList,2,22,お年寄りには座席を譲ります,3,yes,SNR10dB,J_HT2_22_10db.wav,99,yes
9,655,japanese,sentence,SpeechBoxHINTList,2,23,やかんをひっくり返してやけどした,4,yes,SNR10dB,J_HT2_23_10db.wav,99,yes
9,655,japanese,sentence,SpeechBoxHINTList,2,32,知らない人に親切にされた,4,yes,SNR10dB,J_HT2_32_10db.wav,99,yes
9,655,japanese,sentence,SpeechBoxHINTList,2,34,牧場に黒い羊がいました,4,yes,SNR10dB,J_HT2_34_10db.wav,99,yes
9,655,japanese,sentence,SpeechBoxHINTList,2,36,鉛筆と消しゴムを用意する,3,yes,SNR10dB,J_HT2_36_10db.wav,99,yes
9,655,japanese,sentence,SpeechBoxHINTList,2,38,電車とバスに乗って帰ります,4,yes,SNR10dB,J_HT2_38_10db.wav,99,yes
9,655,japanese,sentence,SpeechBoxHINTList,2,40,道路の真ん中を歩くのは危ない,4,yes,SNR10dB,J_HT2_40_10db.wav,99,yes
9,655,japanese,sentence,SpeechBoxHINTList,2,41,天気が良いので布団を干した,4,yes,SNR10dB,J_HT2_41_10db.wav,99,yes
9,655,japanese,sentence,SpeechBoxHINTList,2,47,隅々まで丁寧に掃除する,4,yes,SNR10dB,J_HT2_47_10db.wav,99,yes
9,655,japanese,sentence,SpeechBoxHINTList,2,48,貰ったおこづかいを全部使った,4,no,quiet,J_HT2_48.wav,99,yes
9,655,japanese,sentence,SpeechBoxHINTList,2,50,郵便局で電気代を振り込む,3,no,quiet,J_HT2_50.wav,99,yes
9,655,japanese,sentence,SpeechBoxHINTList,2,53,病気の原因を詳しく調べた,4,no,quiet,J_HT2_53.wav,99,yes
9,655,japanese,sentence,SpeechBoxHINTList,2,57,みかんの花は白くてかわいい,4,no,quiet,J_HT2_57.wav,99,yes
9,655,japanese,sentence,SpeechBoxHINTList,2,58,泥棒が夜中に忍び込んだ,3,no,quiet,J_HT2_58.wav,99,yes
10,500,japanese,sentence,SpeechBoxHINTList,1,1,朝ご飯を食べて元気に出かけた,4,yes,SNR00dB,J_HT1_1_0db.wav,75,yes
10,500,japanese,sentence,SpeechBoxHINTList,1,3,音楽に合わせて楽しく踊る,4,yes,SNR00dB,J_HT1_3_0db.wav,99,yes
10,500,japanese,sentence,SpeechBoxHINTList,1,5,歯磨きを忘れると虫歯になる,4,yes,SNR00dB,J_HT1_5_0db.wav,99,yes
10,500,japanese,sentence,SpeechBoxHINTList,1,6,やっと町の明かりが見えてきた,4,yes,SNR00dB,J_HT1_6_0db.wav,99,yes
10,500,japanese,sentence,SpeechBoxHINTList,1,9,窓からぼんやり景色を眺めた,4,yes,SNR00dB,J_HT1_9_0db.wav,75,yes
10,500,japanese,sentence,SpeechBoxHINTList,1,15,お母さんが作るご飯はおいしい,4,yes,SNR00dB,J_HT1_15_0db.wav,99,yes
10,500,japanese,sentence,SpeechBoxHINTList,1,18,子供が悪戯して酷く怒られた,4,yes,SNR00dB,J_HT1_18_0db.wav,99,yes
10,500,japanese,sentence,SpeechBoxHINTList,1,20,汚れた洋服を洗濯しました,3,yes,SNR00dB,J_HT1_20_0db.wav,99,yes
10,500,japanese,sentence,SpeechBoxHINTList,1,21,手紙をもらって返事を書いた,4,yes,SNR00dB,J_HT1_21_0db.wav,99,yes
10,500,japanese,sentence,SpeechBoxHINTList,1,26,おじいちゃんは昔から厳しい人だ,4,yes,SNR00dB,J_HT1_26_0db.wav,99,yes
10,500,japanese,sentence,SpeechBoxHINTList,1,27,苦い薬は今でも嫌いです,4,yes,SNR00dB,J_HT1_27_0db.wav,99,yes
10,500,japanese,sentence,SpeechBoxHINTList,1,29,新しいおもちゃを見せて自慢する,4,yes,SNR00dB,J_HT1_29_0db.wav,99,yes
10,500,japanese,sentence,SpeechBoxHINTList,1,30,突然話題が途切れて困った,4,yes,SNR00dB,J_HT1_30_0db.wav,99,yes
10,500,japanese,sentence,SpeechBoxHINTList,1,32,帰りが遅いと心配になります,4,yes,SNR00dB,J_HT1_32_0db.wav,99,yes
10,500,japanese,sentence,SpeechBoxHINTList,1,33,病院で名前を何度も呼ばれた,4,yes,SNR00dB,J_HT1_33_0db.wav,99,yes
10,500,japanese,sentence,SpeechBoxHINTList,1,35,居眠り運転は大変危険だ,4,yes,SNR05dB,J_HT1_35_5db.wav,75,yes
10,500,japanese,sentence,SpeechBoxHINTList,1,36,枕が高いと首が疲れます,4,yes,SNR05dB,J_HT1_36_5db.wav,99,yes
10,500,japanese,sentence,SpeechBoxHINTList,1,37,険しい山に一人で登った,4,yes,SNR05dB,J_HT1_37_5db.wav,99,yes
10,500,japanese,sentence,SpeechBoxHINTList,1,41,天気予報を聞いてから出かけます,3,yes,SNR05dB,J_HT1_41_5db.wav,99,yes
10,500,japanese,sentence,SpeechBoxHINTList,1,42,映画館の前で待ち合わせする,4,yes,SNR05dB,J_HT1_42_5db.wav,99,yes
10,500,japanese,sentence,SpeechBoxHINTList,1,43,今日は珍しく早く起きました,4,yes,SNR05dB,J_HT1_43_5db.wav,99,yes
10,500,japanese,sentence,SpeechBoxHINTList,1,44,母親の看病で寝不足です,3,yes,SNR05dB,J_HT1_44_5db.wav,99,yes
10,500,japanese,sentence,SpeechBoxHINTList,1,46,小さい頃の写真を見つけた,4,yes,SNR05dB,J_HT1_46_5db.wav,99,yes
10,500,japanese,sentence,SpeechBoxHINTList,1,55,洗濯物が乾いたので取り入れた,3,yes,SNR05dB,J_HT1_55_5db.wav,99,yes
10,500,japanese,sentence,SpeechBoxHINTList,1,57,編み物をしたら肩が凝った,4,yes,SNR05dB,J_HT1_57_5db.wav,99,yes
10,500,japanese,sentence,SpeechBoxHINTList,1,58,足元に注意しながら歩きます,4,yes,SNR05dB,J_HT1_58_5db.wav,99,yes
10,500,japanese,sentence,SpeechBoxHINTList,1,59,眼鏡をかけて新聞を読んだ,4,yes,SNR05dB,J_HT1_59_5db.wav,99,yes
10,500,japanese,sentence,SpeechBoxHINTList,2,1,私は田舎で生まれ育った,4,yes,SNR05dB,J_HT2_1_5db.wav,99,yes
10,500,japanese,sentence,SpeechBoxHINTList,2,4,電車や飛行機で旅行します,3,yes,SNR05dB,J_HT2_4_5db.wav,99,yes
10,500,japanese,sentence,SpeechBoxHINTList,2,6,道に迷って交番で尋ねた,4,yes,SNR05dB,J_HT2_6_5db.wav,99,yes
10,500,japanese,sentence,SpeechBoxHINTList,2,7,大学受験はとても難しい,4,yes,SNR10dB,J_HT2_7_10db.wav,99,yes
10,500,japanese,sentence,SpeechBoxHINTList,2,9,出かける前には戸締りをします,4,yes,SNR10dB,J_HT2_9_10db.wav,99,yes
10,500,japanese,sentence,SpeechBoxHINTList,2,11,悩みを友達によく相談した,4,yes,SNR10dB,J_HT2_11_10db.wav,99,yes
10,500,japanese,sentence,SpeechBoxHINTList,2,13,銀行が近くにあって便利です,4,yes,SNR10dB,J_HT2_13_10db.wav,99,yes
10,500,japanese,sentence,SpeechBoxHINTList,2,15,昔話を聞きながら眠った,3,yes,SNR10dB,J_HT2_15_10db.wav,99,yes
10,500,japanese,sentence,SpeechBoxHINTList,2,20,仕事で帰りが遅くなりました,4,yes,SNR10dB,J_HT2_20_10db.wav,99,yes
10,500,japanese,sentence,SpeechBoxHINTList,2,22,お年寄りには座席を譲ります,3,yes,SNR10dB,J_HT2_22_10db.wav,99,yes
10,500,japanese,sentence,SpeechBoxHINTList,2,23,やかんをひっくり返してやけどした,4,yes,SNR10dB,J_HT2_23_10db.wav,99,yes
10,500,japanese,sentence,SpeechBoxHINTList,2,32,知らない人に親切にされた,4,yes,SNR10dB,J_HT2_32_10db.wav,99,yes
10,500,japanese,sentence,SpeechBoxHINTList,2,34,牧場に黒い羊がいました,4,yes,SNR10dB,J_HT2_34_10db.wav,99,yes
10,500,japanese,sentence,SpeechBoxHINTList,2,36,鉛筆と消しゴムを用意する,3,yes,SNR10dB,J_HT2_36_10db.wav,99,yes
10,500,japanese,sentence,SpeechBoxHINTList,2,38,電車とバスに乗って帰ります,4,yes,SNR10dB,J_HT2_38_10db.wav,99,yes
10,500,japanese,sentence,SpeechBoxHINTList,2,40,道路の真ん中を歩くのは危ない,4,yes,SNR10dB,J_HT2_40_10db.wav,99,yes
10,500,japanese,sentence,SpeechBoxHINTList,2,41,天気が良いので布団を干した,4,yes,SNR10dB,J_HT2_41_10db.wav,99,yes
10,500,japanese,sentence,SpeechBoxHINTList,2,47,隅々まで丁寧に掃除する,4,yes,SNR10dB,J_HT2_47_10db.wav,99,yes
10,500,japanese,sentence,SpeechBoxHINTList,2,48,貰ったおこづかいを全部使った,4,no,quiet,J_HT2_48.wav,99,yes
10,500,japanese,sentence,SpeechBoxHINTList,2,50,郵便局で電気代を振り込む,3,no,quiet,J_HT2_50.wav,99,yes
10,500,japanese,sentence,SpeechBoxHINTList,2,53,病気の原因を詳しく調べた,4,no,quiet,J_HT2_53.wav,99,yes
10,500,japanese,sentence,SpeechBoxHINTList,2,57,みかんの花は白くてかわいい,4,no,quiet,J_HT2_57.wav,99,yes
10,500,japanese,sentence,SpeechBoxHINTList,2,58,泥棒が夜中に忍び込んだ,3,no,quiet,J_HT2_58.wav,99,yes
11,690,japanese,sentence,SpeechBoxHINTList,1,1,朝ご飯を食べて元気に出かけた,4,yes,SNR00dB,J_HT1_1_0db.wav,75,yes
11,690,japanese,sentence,SpeechBoxHINTList,1,3,音楽に合わせて楽しく踊る,4,yes,SNR00dB,J_HT1_3_0db.wav,99,yes
11,690,japanese,sentence,SpeechBoxHINTList,1,5,歯磨きを忘れると虫歯になる,4,yes,SNR00dB,J_HT1_5_0db.wav,99,yes
11,690,japanese,sentence,SpeechBoxHINTList,1,6,やっと町の明かりが見えてきた,4,yes,SNR00dB,J_HT1_6_0db.wav,75,yes
11,690,japanese,sentence,SpeechBoxHINTList,1,9,窓からぼんやり景色を眺めた,4,yes,SNR00dB,J_HT1_9_0db.wav,75,yes
11,690,japanese,sentence,SpeechBoxHINTList,1,15,お母さんが作るご飯はおいしい,4,yes,SNR00dB,J_HT1_15_0db.wav,99,yes
11,690,japanese,sentence,SpeechBoxHINTList,1,18,子供が悪戯して酷く怒られた,4,yes,SNR00dB,J_HT1_18_0db.wav,99,yes
11,690,japanese,sentence,SpeechBoxHINTList,1,20,汚れた洋服を洗濯しました,3,yes,SNR00dB,J_HT1_20_0db.wav,99,yes
11,690,japanese,sentence,SpeechBoxHINTList,1,21,手紙をもらって返事を書いた,4,yes,SNR00dB,J_HT1_21_0db.wav,99,yes
11,690,japanese,sentence,SpeechBoxHINTList,1,26,おじいちゃんは昔から厳しい人だ,4,yes,SNR00dB,J_HT1_26_0db.wav,99,yes
11,690,japanese,sentence,SpeechBoxHINTList,1,27,苦い薬は今でも嫌いです,4,yes,SNR00dB,J_HT1_27_0db.wav,99,yes
11,690,japanese,sentence,SpeechBoxHINTList,1,29,新しいおもちゃを見せて自慢する,4,yes,SNR00dB,J_HT1_29_0db.wav,99,yes
11,690,japanese,sentence,SpeechBoxHINTList,1,30,突然話題が途切れて困った,4,yes,SNR00dB,J_HT1_30_0db.wav,99,yes
11,690,japanese,sentence,SpeechBoxHINTList,1,32,帰りが遅いと心配になります,4,yes,SNR00dB,J_HT1_32_0db.wav,99,yes
11,690,japanese,sentence,SpeechBoxHINTList,1,33,病院で名前を何度も呼ばれた,4,yes,SNR00dB,J_HT1_33_0db.wav,99,yes
11,690,japanese,sentence,SpeechBoxHINTList,1,35,居眠り運転は大変危険だ,4,yes,SNR05dB,J_HT1_35_5db.wav,75,yes
11,690,japanese,sentence,SpeechBoxHINTList,1,36,枕が高いと首が疲れます,4,yes,SNR05dB,J_HT1_36_5db.wav,99,yes
11,690,japanese,sentence,SpeechBoxHINTList,1,37,険しい山に一人で登った,4,yes,SNR05dB,J_HT1_37_5db.wav,99,yes
11,690,japanese,sentence,SpeechBoxHINTList,1,41,天気予報を聞いてから出かけます,3,yes,SNR05dB,J_HT1_41_5db.wav,99,yes
11,690,japanese,sentence,SpeechBoxHINTList,1,42,映画館の前で待ち合わせする,4,yes,SNR05dB,J_HT1_42_5db.wav,99,yes
11,690,japanese,sentence,SpeechBoxHINTList,1,43,今日は珍しく早く起きました,4,yes,SNR05dB,J_HT1_43_5db.wav,99,yes
11,690,japanese,sentence,SpeechBoxHINTList,1,44,母親の看病で寝不足です,3,yes,SNR05dB,J_HT1_44_5db.wav,99,yes
11,690,japanese,sentence,SpeechBoxHINTList,1,46,小さい頃の写真を見つけた,4,yes,SNR05dB,J_HT1_46_5db.wav,99,yes
11,690,japanese,sentence,SpeechBoxHINTList,1,55,洗濯物が乾いたので取り入れた,3,yes,SNR05dB,J_HT1_55_5db.wav,99,yes
11,690,japanese,sentence,SpeechBoxHINTList,1,57,編み物をしたら肩が凝った,4,yes,SNR05dB,J_HT1_57_5db.wav,99,yes
11,690,japanese,sentence,SpeechBoxHINTList,1,58,足元に注意しながら歩きます,4,yes,SNR05dB,J_HT1_58_5db.wav,99,yes
11,690,japanese,sentence,SpeechBoxHINTList,1,59,眼鏡をかけて新聞を読んだ,4,yes,SNR05dB,J_HT1_59_5db.wav,99,yes
11,690,japanese,sentence,SpeechBoxHINTList,2,1,私は田舎で生まれ育った,4,yes,SNR05dB,J_HT2_1_5db.wav,99,yes
11,690,japanese,sentence,SpeechBoxHINTList,2,4,電車や飛行機で旅行します,3,yes,SNR05dB,J_HT2_4_5db.wav,99,yes
11,690,japanese,sentence,SpeechBoxHINTList,2,6,道に迷って交番で尋ねた,4,yes,SNR05dB,J_HT2_6_5db.wav,0,yes
11,690,japanese,sentence,SpeechBoxHINTList,2,7,大学受験はとても難しい,4,yes,SNR10dB,J_HT2_7_10db.wav,99,yes
11,690,japanese,sentence,SpeechBoxHINTList,2,9,出かける前には戸締りをします,4,yes,SNR10dB,J_HT2_9_10db.wav,99,yes
11,690,japanese,sentence,SpeechBoxHINTList,2,11,悩みを友達によく相談した,4,yes,SNR10dB,J_HT2_11_10db.wav,99,yes
11,690,japanese,sentence,SpeechBoxHINTList,2,13,銀行が近くにあって便利です,4,yes,SNR10dB,J_HT2_13_10db.wav,99,yes
11,690,japanese,sentence,SpeechBoxHINTList,2,15,昔話を聞きながら眠った,3,yes,SNR10dB,J_HT2_15_10db.wav,99,yes
11,690,japanese,sentence,SpeechBoxHINTList,2,20,仕事で帰りが遅くなりました,4,yes,SNR10dB,J_HT2_20_10db.wav,99,yes
11,690,japanese,sentence,SpeechBoxHINTList,2,22,お年寄りには座席を譲ります,3,yes,SNR10dB,J_HT2_22_10db.wav,99,yes
11,690,japanese,sentence,SpeechBoxHINTList,2,23,やかんをひっくり返してやけどした,4,yes,SNR10dB,J_HT2_23_10db.wav,99,yes
11,690,japanese,sentence,SpeechBoxHINTList,2,32,知らない人に親切にされた,4,yes,SNR10dB,J_HT2_32_10db.wav,99,yes
11,690,japanese,sentence,SpeechBoxHINTList,2,34,牧場に黒い羊がいました,4,yes,SNR10dB,J_HT2_34_10db.wav,99,yes
11,690,japanese,sentence,SpeechBoxHINTList,2,36,鉛筆と消しゴムを用意する,3,yes,SNR10dB,J_HT2_36_10db.wav,99,yes
11,690,japanese,sentence,SpeechBoxHINTList,2,38,電車とバスに乗って帰ります,4,yes,SNR10dB,J_HT2_38_10db.wav,99,yes
11,690,japanese,sentence,SpeechBoxHINTList,2,40,道路の真ん中を歩くのは危ない,4,yes,SNR10dB,J_HT2_40_10db.wav,99,yes
11,690,japanese,sentence,SpeechBoxHINTList,2,41,天気が良いので布団を干した,4,yes,SNR10dB,J_HT2_41_10db.wav,99,yes
11,690,japanese,sentence,SpeechBoxHINTList,2,47,隅々まで丁寧に掃除する,4,yes,SNR10dB,J_HT2_47_10db.wav,99,yes
11,690,japanese,sentence,SpeechBoxHINTList,2,48,貰ったおこづかいを全部使った,4,no,quiet,J_HT2_48.wav,99,yes
11,690,japanese,sentence,SpeechBoxHINTList,2,50,郵便局で電気代を振り込む,3,no,quiet,J_HT2_50.wav,99,yes
11,690,japanese,sentence,SpeechBoxHINTList,2,53,病気の原因を詳しく調べた,4,no,quiet,J_HT2_53.wav,99,yes
11,690,japanese,sentence,SpeechBoxHINTList,2,57,みかんの花は白くてかわいい,4,no,quiet,J_HT2_57.wav,99,yes
11,690,japanese,sentence,SpeechBoxHINTList,2,58,泥棒が夜中に忍び込んだ,3,no,quiet,J_HT2_58.wav,0,yes
12,300,japanese,sentence,SpeechBoxHINTList,1,1,朝ご飯を食べて元気に出かけた,4,yes,SNR00dB,J_HT1_1_0db.wav,99,yes
12,300,japanese,sentence,SpeechBoxHINTList,1,3,音楽に合わせて楽しく踊る,4,yes,SNR00dB,J_HT1_3_0db.wav,99,yes
12,300,japanese,sentence,SpeechBoxHINTList,1,5,歯磨きを忘れると虫歯になる,4,yes,SNR00dB,J_HT1_5_0db.wav,99,yes
12,300,japanese,sentence,SpeechBoxHINTList,1,6,やっと町の明かりが見えてきた,4,yes,SNR00dB,J_HT1_6_0db.wav,99,yes
12,300,japanese,sentence,SpeechBoxHINTList,1,9,窓からぼんやり景色を眺めた,4,yes,SNR00dB,J_HT1_9_0db.wav,75,yes
12,300,japanese,sentence,SpeechBoxHINTList,1,15,お母さんが作るご飯はおいしい,4,yes,SNR00dB,J_HT1_15_0db.wav,99,yes
12,300,japanese,sentence,SpeechBoxHINTList,1,18,子供が悪戯して酷く怒られた,4,yes,SNR00dB,J_HT1_18_0db.wav,99,yes
12,300,japanese,sentence,SpeechBoxHINTList,1,20,汚れた洋服を洗濯しました,3,yes,SNR00dB,J_HT1_20_0db.wav,99,yes
12,300,japanese,sentence,SpeechBoxHINTList,1,21,手紙をもらって返事を書いた,4,yes,SNR00dB,J_HT1_21_0db.wav,99,yes
12,300,japanese,sentence,SpeechBoxHINTList,1,26,おじいちゃんは昔から厳しい人だ,4,yes,SNR00dB,J_HT1_26_0db.wav,99,yes
12,300,japanese,sentence,SpeechBoxHINTList,1,27,苦い薬は今でも嫌いです,4,yes,SNR00dB,J_HT1_27_0db.wav,99,yes
12,300,japanese,sentence,SpeechBoxHINTList,1,29,新しいおもちゃを見せて自慢する,4,yes,SNR00dB,J_HT1_29_0db.wav,99,yes
12,300,japanese,sentence,SpeechBoxHINTList,1,30,突然話題が途切れて困った,4,yes,SNR00dB,J_HT1_30_0db.wav,99,yes
12,300,japanese,sentence,SpeechBoxHINTList,1,32,帰りが遅いと心配になります,4,yes,SNR00dB,J_HT1_32_0db.wav,99,yes
12,300,japanese,sentence,SpeechBoxHINTList,1,33,病院で名前を何度も呼ばれた,4,yes,SNR00dB,J_HT1_33_0db.wav,99,yes
12,300,japanese,sentence,SpeechBoxHINTList,1,35,居眠り運転は大変危険だ,4,yes,SNR05dB,J_HT1_35_5db.wav,75,yes
12,300,japanese,sentence,SpeechBoxHINTList,1,36,枕が高いと首が疲れます,4,yes,SNR05dB,J_HT1_36_5db.wav,99,yes
12,300,japanese,sentence,SpeechBoxHINTList,1,37,険しい山に一人で登った,4,yes,SNR05dB,J_HT1_37_5db.wav,99,yes
12,300,japanese,sentence,SpeechBoxHINTList,1,41,天気予報を聞いてから出かけます,3,yes,SNR05dB,J_HT1_41_5db.wav,99,yes
12,300,japanese,sentence,SpeechBoxHINTList,1,42,映画館の前で待ち合わせする,4,yes,SNR05dB,J_HT1_42_5db.wav,99,yes
12,300,japanese,sentence,SpeechBoxHINTList,1,43,今日は珍しく早く起きました,4,yes,SNR05dB,J_HT1_43_5db.wav,99,yes
12,300,japanese,sentence,SpeechBoxHINTList,1,44,母親の看病で寝不足です,3,yes,SNR05dB,J_HT1_44_5db.wav,99,yes
12,300,japanese,sentence,SpeechBoxHINTList,1,46,小さい頃の写真を見つけた,4,yes,SNR05dB,J_HT1_46_5db.wav,99,yes
12,300,japanese,sentence,SpeechBoxHINTList,1,55,洗濯物が乾いたので取り入れた,3,yes,SNR05dB,J_HT1_55_5db.wav,99,yes
12,300,japanese,sentence,SpeechBoxHINTList,1,57,編み物をしたら肩が凝った,4,yes,SNR05dB,J_HT1_57_5db.wav,99,yes
12,300,japanese,sentence,SpeechBoxHINTList,1,58,足元に注意しながら歩きます,4,yes,SNR05dB,J_HT1_58_5db.wav,99,yes
12,300,japanese,sentence,SpeechBoxHINTList,1,59,眼鏡をかけて新聞を読んだ,4,yes,SNR05dB,J_HT1_59_5db.wav,99,yes
12,300,japanese,sentence,SpeechBoxHINTList,2,1,私は田舎で生まれ育った,4,yes,SNR05dB,J_HT2_1_5db.wav,99,yes
12,300,japanese,sentence,SpeechBoxHINTList,2,4,電車や飛行機で旅行します,3,yes,SNR05dB,J_HT2_4_5db.wav,99,yes
12,300,japanese,sentence,SpeechBoxHINTList,2,6,道に迷って交番で尋ねた,4,yes,SNR05dB,J_HT2_6_5db.wav,75,yes
12,300,japanese,sentence,SpeechBoxHINTList,2,7,大学受験はとても難しい,4,yes,SNR10dB,J_HT2_7_10db.wav,99,yes
12,300,japanese,sentence,SpeechBoxHINTList,2,9,出かける前には戸締りをします,4,yes,SNR10dB,J_HT2_9_10db.wav,99,yes
12,300,japanese,sentence,SpeechBoxHINTList,2,11,悩みを友達によく相談した,4,yes,SNR10dB,J_HT2_11_10db.wav,99,yes
12,300,japanese,sentence,SpeechBoxHINTList,2,13,銀行が近くにあって便利です,4,yes,SNR10dB,J_HT2_13_10db.wav,99,yes
12,300,japanese,sentence,SpeechBoxHINTList,2,15,昔話を聞きながら眠った,3,yes,SNR10dB,J_HT2_15_10db.wav,99,yes
12,300,japanese,sentence,SpeechBoxHINTList,2,20,仕事で帰りが遅くなりました,4,yes,SNR10dB,J_HT2_20_10db.wav,99,yes
12,300,japanese,sentence,SpeechBoxHINTList,2,22,お年寄りには座席を譲ります,3,yes,SNR10dB,J_HT2_22_10db.wav,99,yes
12,300,japanese,sentence,SpeechBoxHINTList,2,23,やかんをひっくり返してやけどした,4,yes,SNR10dB,J_HT2_23_10db.wav,99,yes
12,300,japanese,sentence,SpeechBoxHINTList,2,32,知らない人に親切にされた,4,yes,SNR10dB,J_HT2_32_10db.wav,99,yes
12,300,japanese,sentence,SpeechBoxHINTList,2,34,牧場に黒い羊がいました,4,yes,SNR10dB,J_HT2_34_10db.wav,99,yes
12,300,japanese,sentence,SpeechBoxHINTList,2,36,鉛筆と消しゴムを用意する,3,yes,SNR10dB,J_HT2_36_10db.wav,99,yes
12,300,japanese,sentence,SpeechBoxHINTList,2,38,電車とバスに乗って帰ります,4,yes,SNR10dB,J_HT2_38_10db.wav,99,yes
12,300,japanese,sentence,SpeechBoxHINTList,2,40,道路の真ん中を歩くのは危ない,4,yes,SNR10dB,J_HT2_40_10db.wav,99,yes
12,300,japanese,sentence,SpeechBoxHINTList,2,41,天気が良いので布団を干した,4,yes,SNR10dB,J_HT2_41_10db.wav,99,yes
12,300,japanese,sentence,SpeechBoxHINTList,2,47,隅々まで丁寧に掃除する,4,yes,SNR10dB,J_HT2_47_10db.wav,99,yes
12,300,japanese,sentence,SpeechBoxHINTList,2,48,貰ったおこづかいを全部使った,4,no,quiet,J_HT2_48.wav,99,yes
12,300,japanese,sentence,SpeechBoxHINTList,2,50,郵便局で電気代を振り込む,3,no,quiet,J_HT2_50.wav,99,yes
12,300,japanese,sentence,SpeechBoxHINTList,2,53,病気の原因を詳しく調べた,4,no,quiet,J_HT2_53.wav,99,yes
12,300,japanese,sentence,SpeechBoxHINTList,2,57,みかんの花は白くてかわいい,4,no,quiet,J_HT2_57.wav,99,yes
12,300,japanese,sentence,SpeechBoxHINTList,2,58,泥棒が夜中に忍び込んだ,3,no,quiet,J_HT2_58.wav,99,yes
13,695,japanese,sentence,SpeechBoxHINTList,1,1,朝ご飯を食べて元気に出かけた,4,yes,SNR00dB,J_HT1_1_0db.wav,75,yes
13,695,japanese,sentence,SpeechBoxHINTList,1,3,音楽に合わせて楽しく踊る,4,yes,SNR00dB,J_HT1_3_0db.wav,99,yes
13,695,japanese,sentence,SpeechBoxHINTList,1,5,歯磨きを忘れると虫歯になる,4,yes,SNR00dB,J_HT1_5_0db.wav,99,yes
13,695,japanese,sentence,SpeechBoxHINTList,1,6,やっと町の明かりが見えてきた,4,yes,SNR00dB,J_HT1_6_0db.wav,99,yes
13,695,japanese,sentence,SpeechBoxHINTList,1,9,窓からぼんやり景色を眺めた,4,yes,SNR00dB,J_HT1_9_0db.wav,75,yes
13,695,japanese,sentence,SpeechBoxHINTList,1,15,お母さんが作るご飯はおいしい,4,yes,SNR00dB,J_HT1_15_0db.wav,99,yes
13,695,japanese,sentence,SpeechBoxHINTList,1,18,子供が悪戯して酷く怒られた,4,yes,SNR00dB,J_HT1_18_0db.wav,99,yes
13,695,japanese,sentence,SpeechBoxHINTList,1,20,汚れた洋服を洗濯しました,3,yes,SNR00dB,J_HT1_20_0db.wav,99,yes
13,695,japanese,sentence,SpeechBoxHINTList,1,21,手紙をもらって返事を書いた,4,yes,SNR00dB,J_HT1_21_0db.wav,99,yes
13,695,japanese,sentence,SpeechBoxHINTList,1,26,おじいちゃんは昔から厳しい人だ,4,yes,SNR00dB,J_HT1_26_0db.wav,99,yes
13,695,japanese,sentence,SpeechBoxHINTList,1,27,苦い薬は今でも嫌いです,4,yes,SNR00dB,J_HT1_27_0db.wav,99,yes
13,695,japanese,sentence,SpeechBoxHINTList,1,29,新しいおもちゃを見せて自慢する,4,yes,SNR00dB,J_HT1_29_0db.wav,99,yes
13,695,japanese,sentence,SpeechBoxHINTList,1,30,突然話題が途切れて困った,4,yes,SNR00dB,J_HT1_30_0db.wav,75,yes
13,695,japanese,sentence,SpeechBoxHINTList,1,32,帰りが遅いと心配になります,4,yes,SNR00dB,J_HT1_32_0db.wav,99,yes
13,695,japanese,sentence,SpeechBoxHINTList,1,33,病院で名前を何度も呼ばれた,4,yes,SNR00dB,J_HT1_33_0db.wav,99,yes
13,695,japanese,sentence,SpeechBoxHINTList,1,35,居眠り運転は大変危険だ,4,yes,SNR05dB,J_HT1_35_5db.wav,75,yes
13,695,japanese,sentence,SpeechBoxHINTList,1,36,枕が高いと首が疲れます,4,yes,SNR05dB,J_HT1_36_5db.wav,99,yes
13,695,japanese,sentence,SpeechBoxHINTList,1,37,険しい山に一人で登った,4,yes,SNR05dB,J_HT1_37_5db.wav,99,yes
13,695,japanese,sentence,SpeechBoxHINTList,1,41,天気予報を聞いてから出かけます,3,yes,SNR05dB,J_HT1_41_5db.wav,99,yes
13,695,japanese,sentence,SpeechBoxHINTList,1,42,映画館の前で待ち合わせする,4,yes,SNR05dB,J_HT1_42_5db.wav,99,yes
13,695,japanese,sentence,SpeechBoxHINTList,1,43,今日は珍しく早く起きました,4,yes,SNR05dB,J_HT1_43_5db.wav,99,yes
13,695,japanese,sentence,SpeechBoxHINTList,1,44,母親の看病で寝不足です,3,yes,SNR05dB,J_HT1_44_5db.wav,99,yes
13,695,japanese,sentence,SpeechBoxHINTList,1,46,小さい頃の写真を見つけた,4,yes,SNR05dB,J_HT1_46_5db.wav,99,yes
13,695,japanese,sentence,SpeechBoxHINTList,1,55,洗濯物が乾いたので取り入れた,3,yes,SNR05dB,J_HT1_55_5db.wav,99,yes
13,695,japanese,sentence,SpeechBoxHINTList,1,57,編み物をしたら肩が凝った,4,yes,SNR05dB,J_HT1_57_5db.wav,99,yes
13,695,japanese,sentence,SpeechBoxHINTList,1,58,足元に注意しながら歩きます,4,yes,SNR05dB,J_HT1_58_5db.wav,99,yes
13,695,japanese,sentence,SpeechBoxHINTList,1,59,眼鏡をかけて新聞を読んだ,4,yes,SNR05dB,J_HT1_59_5db.wav,99,yes
13,695,japanese,sentence,SpeechBoxHINTList,2,1,私は田舎で生まれ育った,4,yes,SNR05dB,J_HT2_1_5db.wav,99,yes
13,695,japanese,sentence,SpeechBoxHINTList,2,4,電車や飛行機で旅行します,3,yes,SNR05dB,J_HT2_4_5db.wav,99,yes
13,695,japanese,sentence,SpeechBoxHINTList,2,6,道に迷って交番で尋ねた,4,yes,SNR05dB,J_HT2_6_5db.wav,99,yes
13,695,japanese,sentence,SpeechBoxHINTList,2,7,大学受験はとても難しい,4,yes,SNR10dB,J_HT2_7_10db.wav,99,yes
13,695,japanese,sentence,SpeechBoxHINTList,2,9,出かける前には戸締りをします,4,yes,SNR10dB,J_HT2_9_10db.wav,99,yes
13,695,japanese,sentence,SpeechBoxHINTList,2,11,悩みを友達によく相談した,4,yes,SNR10dB,J_HT2_11_10db.wav,99,yes
13,695,japanese,sentence,SpeechBoxHINTList,2,13,銀行が近くにあって便利です,4,yes,SNR10dB,J_HT2_13_10db.wav,99,yes
13,695,japanese,sentence,SpeechBoxHINTList,2,15,昔話を聞きながら眠った,3,yes,SNR10dB,J_HT2_15_10db.wav,99,yes
13,695,japanese,sentence,SpeechBoxHINTList,2,20,仕事で帰りが遅くなりました,4,yes,SNR10dB,J_HT2_20_10db.wav,99,yes
13,695,japanese,sentence,SpeechBoxHINTList,2,22,お年寄りには座席を譲ります,3,yes,SNR10dB,J_HT2_22_10db.wav,99,yes
13,695,japanese,sentence,SpeechBoxHINTList,2,23,やかんをひっくり返してやけどした,4,yes,SNR10dB,J_HT2_23_10db.wav,99,yes
13,695,japanese,sentence,SpeechBoxHINTList,2,32,知らない人に親切にされた,4,yes,SNR10dB,J_HT2_32_10db.wav,99,yes
13,695,japanese,sentence,SpeechBoxHINTList,2,34,牧場に黒い羊がいました,4,yes,SNR10dB,J_HT2_34_10db.wav,99,yes
13,695,japanese,sentence,SpeechBoxHINTList,2,36,鉛筆と消しゴムを用意する,3,yes,SNR10dB,J_HT2_36_10db.wav,99,yes
13,695,japanese,sentence,SpeechBoxHINTList,2,38,電車とバスに乗って帰ります,4,yes,SNR10dB,J_HT2_38_10db.wav,99,yes
13,695,japanese,sentence,SpeechBoxHINTList,2,40,道路の真ん中を歩くのは危ない,4,yes,SNR10dB,J_HT2_40_10db.wav,99,yes
13,695,japanese,sentence,SpeechBoxHINTList,2,41,天気が良いので布団を干した,4,yes,SNR10dB,J_HT2_41_10db.wav,99,yes
13,695,japanese,sentence,SpeechBoxHINTList,2,47,隅々まで丁寧に掃除する,4,yes,SNR10dB,J_HT2_47_10db.wav,99,yes
13,695,japanese,sentence,SpeechBoxHINTList,2,48,貰ったおこづかいを全部使った,4,no,quiet,J_HT2_48.wav,99,yes
13,695,japanese,sentence,SpeechBoxHINTList,2,50,郵便局で電気代を振り込む,3,no,quiet,J_HT2_50.wav,99,yes
13,695,japanese,sentence,SpeechBoxHINTList,2,53,病気の原因を詳しく調べた,4,no,quiet,J_HT2_53.wav,99,yes
13,695,japanese,sentence,SpeechBoxHINTList,2,57,みかんの花は白くてかわいい,4,no,quiet,J_HT2_57.wav,99,yes
13,695,japanese,sentence,SpeechBoxHINTList,2,58,泥棒が夜中に忍び込んだ,3,no,quiet,J_HT2_58.wav,99,yes
14,895,japanese,sentence,SpeechBoxHINTList,1,1,朝ご飯を食べて元気に出かけた,4,yes,SNR00dB,J_HT1_1_0db.wav,75,yes
14,895,japanese,sentence,SpeechBoxHINTList,1,3,音楽に合わせて楽しく踊る,4,yes,SNR00dB,J_HT1_3_0db.wav,99,yes
14,895,japanese,sentence,SpeechBoxHINTList,1,5,歯磨きを忘れると虫歯になる,4,yes,SNR00dB,J_HT1_5_0db.wav,99,yes
14,895,japanese,sentence,SpeechBoxHINTList,1,6,やっと町の明かりが見えてきた,4,yes,SNR00dB,J_HT1_6_0db.wav,99,yes
14,895,japanese,sentence,SpeechBoxHINTList,1,9,窓からぼんやり景色を眺めた,4,yes,SNR00dB,J_HT1_9_0db.wav,99,yes
14,895,japanese,sentence,SpeechBoxHINTList,1,15,お母さんが作るご飯はおいしい,4,yes,SNR00dB,J_HT1_15_0db.wav,99,yes
14,895,japanese,sentence,SpeechBoxHINTList,1,18,子供が悪戯して酷く怒られた,4,yes,SNR00dB,J_HT1_18_0db.wav,99,yes
14,895,japanese,sentence,SpeechBoxHINTList,1,20,汚れた洋服を洗濯しました,3,yes,SNR00dB,J_HT1_20_0db.wav,99,yes
14,895,japanese,sentence,SpeechBoxHINTList,1,21,手紙をもらって返事を書いた,4,yes,SNR00dB,J_HT1_21_0db.wav,99,yes
14,895,japanese,sentence,SpeechBoxHINTList,1,26,おじいちゃんは昔から厳しい人だ,4,yes,SNR00dB,J_HT1_26_0db.wav,99,yes
14,895,japanese,sentence,SpeechBoxHINTList,1,27,苦い薬は今でも嫌いです,4,yes,SNR00dB,J_HT1_27_0db.wav,99,yes
14,895,japanese,sentence,SpeechBoxHINTList,1,29,新しいおもちゃを見せて自慢する,4,yes,SNR00dB,J_HT1_29_0db.wav,99,yes
14,895,japanese,sentence,SpeechBoxHINTList,1,30,突然話題が途切れて困った,4,yes,SNR00dB,J_HT1_30_0db.wav,99,yes
14,895,japanese,sentence,SpeechBoxHINTList,1,32,帰りが遅いと心配になります,4,yes,SNR00dB,J_HT1_32_0db.wav,99,yes
14,895,japanese,sentence,SpeechBoxHINTList,1,33,病院で名前を何度も呼ばれた,4,yes,SNR00dB,J_HT1_33_0db.wav,99,yes
14,895,japanese,sentence,SpeechBoxHINTList,1,35,居眠り運転は大変危険だ,4,yes,SNR05dB,J_HT1_35_5db.wav,75,yes
14,895,japanese,sentence,SpeechBoxHINTList,1,36,枕が高いと首が疲れます,4,yes,SNR05dB,J_HT1_36_5db.wav,99,yes
14,895,japanese,sentence,SpeechBoxHINTList,1,37,険しい山に一人で登った,4,yes,SNR05dB,J_HT1_37_5db.wav,99,yes
14,895,japanese,sentence,SpeechBoxHINTList,1,41,天気予報を聞いてから出かけます,3,yes,SNR05dB,J_HT1_41_5db.wav,99,yes
14,895,japanese,sentence,SpeechBoxHINTList,1,42,映画館の前で待ち合わせする,4,yes,SNR05dB,J_HT1_42_5db.wav,99,yes
14,895,japanese,sentence,SpeechBoxHINTList,1,43,今日は珍しく早く起きました,4,yes,SNR05dB,J_HT1_43_5db.wav,99,yes
14,895,japanese,sentence,SpeechBoxHINTList,1,44,母親の看病で寝不足です,3,yes,SNR05dB,J_HT1_44_5db.wav,99,yes
14,895,japanese,sentence,SpeechBoxHINTList,1,46,小さい頃の写真を見つけた,4,yes,SNR05dB,J_HT1_46_5db.wav,99,yes
14,895,japanese,sentence,SpeechBoxHINTList,1,55,洗濯物が乾いたので取り入れた,3,yes,SNR05dB,J_HT1_55_5db.wav,99,yes
14,895,japanese,sentence,SpeechBoxHINTList,1,57,編み物をしたら肩が凝った,4,yes,SNR05dB,J_HT1_57_5db.wav,99,yes
14,895,japanese,sentence,SpeechBoxHINTList,1,58,足元に注意しながら歩きます,4,yes,SNR05dB,J_HT1_58_5db.wav,99,yes
14,895,japanese,sentence,SpeechBoxHINTList,1,59,眼鏡をかけて新聞を読んだ,4,yes,SNR05dB,J_HT1_59_5db.wav,99,yes
14,895,japanese,sentence,SpeechBoxHINTList,2,1,私は田舎で生まれ育った,4,yes,SNR05dB,J_HT2_1_5db.wav,99,yes
14,895,japanese,sentence,SpeechBoxHINTList,2,4,電車や飛行機で旅行します,3,yes,SNR05dB,J_HT2_4_5db.wav,99,yes
14,895,japanese,sentence,SpeechBoxHINTList,2,6,道に迷って交番で尋ねた,4,yes,SNR05dB,J_HT2_6_5db.wav,99,yes
14,895,japanese,sentence,SpeechBoxHINTList,2,7,大学受験はとても難しい,4,yes,SNR10dB,J_HT2_7_10db.wav,99,yes
14,895,japanese,sentence,SpeechBoxHINTList,2,9,出かける前には戸締りをします,4,yes,SNR10dB,J_HT2_9_10db.wav,99,yes
14,895,japanese,sentence,SpeechBoxHINTList,2,11,悩みを友達によく相談した,4,yes,SNR10dB,J_HT2_11_10db.wav,99,yes
14,895,japanese,sentence,SpeechBoxHINTList,2,13,銀行が近くにあって便利です,4,yes,SNR10dB,J_HT2_13_10db.wav,99,yes
14,895,japanese,sentence,SpeechBoxHINTList,2,15,昔話を聞きながら眠った,3,yes,SNR10dB,J_HT2_15_10db.wav,99,yes
14,895,japanese,sentence,SpeechBoxHINTList,2,20,仕事で帰りが遅くなりました,4,yes,SNR10dB,J_HT2_20_10db.wav,99,yes
14,895,japanese,sentence,SpeechBoxHINTList,2,22,お年寄りには座席を譲ります,3,yes,SNR10dB,J_HT2_22_10db.wav,99,yes
14,895,japanese,sentence,SpeechBoxHINTList,2,23,やかんをひっくり返してやけどした,4,yes,SNR10dB,J_HT2_23_10db.wav,99,yes
14,895,japanese,sentence,SpeechBoxHINTList,2,32,知らない人に親切にされた,4,yes,SNR10dB,J_HT2_32_10db.wav,99,yes
14,895,japanese,sentence,SpeechBoxHINTList,2,34,牧場に黒い羊がいました,4,yes,SNR10dB,J_HT2_34_10db.wav,99,yes
14,895,japanese,sentence,SpeechBoxHINTList,2,36,鉛筆と消しゴムを用意する,3,yes,SNR10dB,J_HT2_36_10db.wav,99,yes
14,895,japanese,sentence,SpeechBoxHINTList,2,38,電車とバスに乗って帰ります,4,yes,SNR10dB,J_HT2_38_10db.wav,99,yes
14,895,japanese,sentence,SpeechBoxHINTList,2,40,道路の真ん中を歩くのは危ない,4,yes,SNR10dB,J_HT2_40_10db.wav,99,yes
14,895,japanese,sentence,SpeechBoxHINTList,2,41,天気が良いので布団を干した,4,yes,SNR10dB,J_HT2_41_10db.wav,99,yes
14,895,japanese,sentence,SpeechBoxHINTList,2,47,隅々まで丁寧に掃除する,4,yes,SNR10dB,J_HT2_47_10db.wav,99,yes
14,895,japanese,sentence,SpeechBoxHINTList,2,48,貰ったおこづかいを全部使った,4,no,quiet,J_HT2_48.wav,99,yes
14,895,japanese,sentence,SpeechBoxHINTList,2,50,郵便局で電気代を振り込む,3,no,quiet,J_HT2_50.wav,99,yes
14,895,japanese,sentence,SpeechBoxHINTList,2,53,病気の原因を詳しく調べた,4,no,quiet,J_HT2_53.wav,99,yes
14,895,japanese,sentence,SpeechBoxHINTList,2,57,みかんの花は白くてかわいい,4,no,quiet,J_HT2_57.wav,99,yes
14,895,japanese,sentence,SpeechBoxHINTList,2,58,泥棒が夜中に忍び込んだ,3,no,quiet,J_HT2_58.wav,99,yes
15,615,japanese,sentence,SpeechBoxHINTList,1,1,朝ご飯を食べて元気に出かけた,4,yes,SNR00dB,J_HT1_1_0db.wav,99,yes
15,615,japanese,sentence,SpeechBoxHINTList,1,3,音楽に合わせて楽しく踊る,4,yes,SNR00dB,J_HT1_3_0db.wav,99,yes
15,615,japanese,sentence,SpeechBoxHINTList,1,5,歯磨きを忘れると虫歯になる,4,yes,SNR00dB,J_HT1_5_0db.wav,99,yes
15,615,japanese,sentence,SpeechBoxHINTList,1,6,やっと町の明かりが見えてきた,4,yes,SNR00dB,J_HT1_6_0db.wav,99,yes
15,615,japanese,sentence,SpeechBoxHINTList,1,9,窓からぼんやり景色を眺めた,4,yes,SNR00dB,J_HT1_9_0db.wav,99,yes
15,615,japanese,sentence,SpeechBoxHINTList,1,15,お母さんが作るご飯はおいしい,4,yes,SNR00dB,J_HT1_15_0db.wav,99,yes
15,615,japanese,sentence,SpeechBoxHINTList,1,18,子供が悪戯して酷く怒られた,4,yes,SNR00dB,J_HT1_18_0db.wav,99,yes
15,615,japanese,sentence,SpeechBoxHINTList,1,20,汚れた洋服を洗濯しました,3,yes,SNR00dB,J_HT1_20_0db.wav,99,yes
15,615,japanese,sentence,SpeechBoxHINTList,1,21,手紙をもらって返事を書いた,4,yes,SNR00dB,J_HT1_21_0db.wav,99,yes
15,615,japanese,sentence,SpeechBoxHINTList,1,26,おじいちゃんは昔から厳しい人だ,4,yes,SNR00dB,J_HT1_26_0db.wav,99,yes
15,615,japanese,sentence,SpeechBoxHINTList,1,27,苦い薬は今でも嫌いです,4,yes,SNR00dB,J_HT1_27_0db.wav,99,yes
15,615,japanese,sentence,SpeechBoxHINTList,1,29,新しいおもちゃを見せて自慢する,4,yes,SNR00dB,J_HT1_29_0db.wav,99,yes
15,615,japanese,sentence,SpeechBoxHINTList,1,30,突然話題が途切れて困った,4,yes,SNR00dB,J_HT1_30_0db.wav,75,yes
15,615,japanese,sentence,SpeechBoxHINTList,1,32,帰りが遅いと心配になります,4,yes,SNR00dB,J_HT1_32_0db.wav,99,yes
15,615,japanese,sentence,SpeechBoxHINTList,1,33,病院で名前を何度も呼ばれた,4,yes,SNR00dB,J_HT1_33_0db.wav,99,yes
15,615,japanese,sentence,SpeechBoxHINTList,1,35,居眠り運転は大変危険だ,4,yes,SNR05dB,J_HT1_35_5db.wav,75,yes
15,615,japanese,sentence,SpeechBoxHINTList,1,36,枕が高いと首が疲れます,4,yes,SNR05dB,J_HT1_36_5db.wav,99,yes
15,615,japanese,sentence,SpeechBoxHINTList,1,37,険しい山に一人で登った,4,yes,SNR05dB,J_HT1_37_5db.wav,99,yes
15,615,japanese,sentence,SpeechBoxHINTList,1,41,天気予報を聞いてから出かけます,3,yes,SNR05dB,J_HT1_41_5db.wav,99,yes
15,615,japanese,sentence,SpeechBoxHINTList,1,42,映画館の前で待ち合わせする,4,yes,SNR05dB,J_HT1_42_5db.wav,99,yes
15,615,japanese,sentence,SpeechBoxHINTList,1,43,今日は珍しく早く起きました,4,yes,SNR05dB,J_HT1_43_5db.wav,99,yes
15,615,japanese,sentence,SpeechBoxHINTList,1,44,母親の看病で寝不足です,3,yes,SNR05dB,J_HT1_44_5db.wav,99,yes
15,615,japanese,sentence,SpeechBoxHINTList,1,46,小さい頃の写真を見つけた,4,yes,SNR05dB,J_HT1_46_5db.wav,99,yes
15,615,japanese,sentence,SpeechBoxHINTList,1,55,洗濯物が乾いたので取り入れた,3,yes,SNR05dB,J_HT1_55_5db.wav,99,yes
15,615,japanese,sentence,SpeechBoxHINTList,1,57,編み物をしたら肩が凝った,4,yes,SNR05dB,J_HT1_57_5db.wav,99,yes
15,615,japanese,sentence,SpeechBoxHINTList,1,58,足元に注意しながら歩きます,4,yes,SNR05dB,J_HT1_58_5db.wav,99,yes
15,615,japanese,sentence,SpeechBoxHINTList,1,59,眼鏡をかけて新聞を読んだ,4,yes,SNR05dB,J_HT1_59_5db.wav,99,yes
15,615,japanese,sentence,SpeechBoxHINTList,2,1,私は田舎で生まれ育った,4,yes,SNR05dB,J_HT2_1_5db.wav,99,yes
15,615,japanese,sentence,SpeechBoxHINTList,2,4,電車や飛行機で旅行します,3,yes,SNR05dB,J_HT2_4_5db.wav,99,yes
15,615,japanese,sentence,SpeechBoxHINTList,2,6,道に迷って交番で尋ねた,4,yes,SNR05dB,J_HT2_6_5db.wav,99,yes
15,615,japanese,sentence,SpeechBoxHINTList,2,7,大学受験はとても難しい,4,yes,SNR10dB,J_HT2_7_10db.wav,99,yes
15,615,japanese,sentence,SpeechBoxHINTList,2,9,出かける前には戸締りをします,4,yes,SNR10dB,J_HT2_9_10db.wav,99,yes
15,615,japanese,sentence,SpeechBoxHINTList,2,11,悩みを友達によく相談した,4,yes,SNR10dB,J_HT2_11_10db.wav,99,yes
15,615,japanese,sentence,SpeechBoxHINTList,2,13,銀行が近くにあって便利です,4,yes,SNR10dB,J_HT2_13_10db.wav,99,yes
15,615,japanese,sentence,SpeechBoxHINTList,2,15,昔話を聞きながら眠った,3,yes,SNR10dB,J_HT2_15_10db.wav,99,yes
15,615,japanese,sentence,SpeechBoxHINTList,2,20,仕事で帰りが遅くなりました,4,yes,SNR10dB,J_HT2_20_10db.wav,99,yes
15,615,japanese,sentence,SpeechBoxHINTList,2,22,お年寄りには座席を譲ります,3,yes,SNR10dB,J_HT2_22_10db.wav,99,yes
15,615,japanese,sentence,SpeechBoxHINTList,2,23,やかんをひっくり返してやけどした,4,yes,SNR10dB,J_HT2_23_10db.wav,99,yes
15,615,japanese,sentence,SpeechBoxHINTList,2,32,知らない人に親切にされた,4,yes,SNR10dB,J_HT2_32_10db.wav,99,yes
15,615,japanese,sentence,SpeechBoxHINTList,2,34,牧場に黒い羊がいました,4,yes,SNR10dB,J_HT2_34_10db.wav,99,yes
15,615,japanese,sentence,SpeechBoxHINTList,2,36,鉛筆と消しゴムを用意する,3,yes,SNR10dB,J_HT2_36_10db.wav,99,yes
15,615,japanese,sentence,SpeechBoxHINTList,2,38,電車とバスに乗って帰ります,4,yes,SNR10dB,J_HT2_38_10db.wav,99,yes
15,615,japanese,sentence,SpeechBoxHINTList,2,40,道路の真ん中を歩くのは危ない,4,yes,SNR10dB,J_HT2_40_10db.wav,99,yes
15,615,japanese,sentence,SpeechBoxHINTList,2,41,天気が良いので布団を干した,4,yes,SNR10dB,J_HT2_41_10db.wav,99,yes
15,615,japanese,sentence,SpeechBoxHINTList,2,47,隅々まで丁寧に掃除する,4,yes,SNR10dB,J_HT2_47_10db.wav,99,yes
15,615,japanese,sentence,SpeechBoxHINTList,2,48,貰ったおこづかいを全部使った,4,no,quiet,J_HT2_48.wav,99,yes
15,615,japanese,sentence,SpeechBoxHINTList,2,50,郵便局で電気代を振り込む,3,no,quiet,J_HT2_50.wav,99,yes
15,615,japanese,sentence,SpeechBoxHINTList,2,53,病気の原因を詳しく調べた,4,no,quiet,J_HT2_53.wav,99,yes
15,615,japanese,sentence,SpeechBoxHINTList,2,57,みかんの花は白くてかわいい,4,no,quiet,J_HT2_57.wav,99,yes
15,615,japanese,sentence,SpeechBoxHINTList,2,58,泥棒が夜中に忍び込んだ,3,no,quiet,J_HT2_58.wav,99,yes
16,400,japanese,sentence,SpeechBoxHINTList,1,1,朝ご飯を食べて元気に出かけた,4,yes,SNR00dB,J_HT1_1_0db.wav,75,yes
16,400,japanese,sentence,SpeechBoxHINTList,1,3,音楽に合わせて楽しく踊る,4,yes,SNR00dB,J_HT1_3_0db.wav,99,yes
16,400,japanese,sentence,SpeechBoxHINTList,1,5,歯磨きを忘れると虫歯になる,4,yes,SNR00dB,J_HT1_5_0db.wav,99,yes
16,400,japanese,sentence,SpeechBoxHINTList,1,6,やっと町の明かりが見えてきた,4,yes,SNR00dB,J_HT1_6_0db.wav,99,yes
16,400,japanese,sentence,SpeechBoxHINTList,1,9,窓からぼんやり景色を眺めた,4,yes,SNR00dB,J_HT1_9_0db.wav,75,yes
16,400,japanese,sentence,SpeechBoxHINTList,1,15,お母さんが作るご飯はおいしい,4,yes,SNR00dB,J_HT1_15_0db.wav,99,yes
16,400,japanese,sentence,SpeechBoxHINTList,1,18,子供が悪戯して酷く怒られた,4,yes,SNR00dB,J_HT1_18_0db.wav,99,yes
16,400,japanese,sentence,SpeechBoxHINTList,1,20,汚れた洋服を洗濯しました,3,yes,SNR00dB,J_HT1_20_0db.wav,99,yes
16,400,japanese,sentence,SpeechBoxHINTList,1,21,手紙をもらって返事を書いた,4,yes,SNR00dB,J_HT1_21_0db.wav,99,yes
16,400,japanese,sentence,SpeechBoxHINTList,1,26,おじいちゃんは昔から厳しい人だ,4,yes,SNR00dB,J_HT1_26_0db.wav,99,yes
16,400,japanese,sentence,SpeechBoxHINTList,1,27,苦い薬は今でも嫌いです,4,yes,SNR00dB,J_HT1_27_0db.wav,99,yes
16,400,japanese,sentence,SpeechBoxHINTList,1,29,新しいおもちゃを見せて自慢する,4,yes,SNR00dB,J_HT1_29_0db.wav,99,yes
16,400,japanese,sentence,SpeechBoxHINTList,1,30,突然話題が途切れて困った,4,yes,SNR00dB,J_HT1_30_0db.wav,75,yes
16,400,japanese,sentence,SpeechBoxHINTList,1,32,帰りが遅いと心配になります,4,yes,SNR00dB,J_HT1_32_0db.wav,99,yes
16,400,japanese,sentence,SpeechBoxHINTList,1,33,病院で名前を何度も呼ばれた,4,yes,SNR00dB,J_HT1_33_0db.wav,75,yes
16,400,japanese,sentence,SpeechBoxHINTList,1,35,居眠り運転は大変危険だ,4,yes,SNR05dB,J_HT1_35_5db.wav,75,yes
16,400,japanese,sentence,SpeechBoxHINTList,1,36,枕が高いと首が疲れます,4,yes,SNR05dB,J_HT1_36_5db.wav,99,yes
16,400,japanese,sentence,SpeechBoxHINTList,1,37,険しい山に一人で登った,4,yes,SNR05dB,J_HT1_37_5db.wav,99,yes
16,400,japanese,sentence,SpeechBoxHINTList,1,41,天気予報を聞いてから出かけます,3,yes,SNR05dB,J_HT1_41_5db.wav,99,yes
16,400,japanese,sentence,SpeechBoxHINTList,1,42,映画館の前で待ち合わせする,4,yes,SNR05dB,J_HT1_42_5db.wav,99,yes
16,400,japanese,sentence,SpeechBoxHINTList,1,43,今日は珍しく早く起きました,4,yes,SNR05dB,J_HT1_43_5db.wav,99,yes
16,400,japanese,sentence,SpeechBoxHINTList,1,44,母親の看病で寝不足です,3,yes,SNR05dB,J_HT1_44_5db.wav,99,yes
16,400,japanese,sentence,SpeechBoxHINTList,1,46,小さい頃の写真を見つけた,4,yes,SNR05dB,J_HT1_46_5db.wav,99,yes
16,400,japanese,sentence,SpeechBoxHINTList,1,55,洗濯物が乾いたので取り入れた,3,yes,SNR05dB,J_HT1_55_5db.wav,99,yes
16,400,japanese,sentence,SpeechBoxHINTList,1,57,編み物をしたら肩が凝った,4,yes,SNR05dB,J_HT1_57_5db.wav,99,yes
16,400,japanese,sentence,SpeechBoxHINTList,1,58,足元に注意しながら歩きます,4,yes,SNR05dB,J_HT1_58_5db.wav,99,yes
16,400,japanese,sentence,SpeechBoxHINTList,1,59,眼鏡をかけて新聞を読んだ,4,yes,SNR05dB,J_HT1_59_5db.wav,99,yes
16,400,japanese,sentence,SpeechBoxHINTList,2,1,私は田舎で生まれ育った,4,yes,SNR05dB,J_HT2_1_5db.wav,99,yes
16,400,japanese,sentence,SpeechBoxHINTList,2,4,電車や飛行機で旅行します,3,yes,SNR05dB,J_HT2_4_5db.wav,99,yes
16,400,japanese,sentence,SpeechBoxHINTList,2,6,道に迷って交番で尋ねた,4,yes,SNR05dB,J_HT2_6_5db.wav,99,yes
16,400,japanese,sentence,SpeechBoxHINTList,2,7,大学受験はとても難しい,4,yes,SNR10dB,J_HT2_7_10db.wav,99,yes
16,400,japanese,sentence,SpeechBoxHINTList,2,9,出かける前には戸締りをします,4,yes,SNR10dB,J_HT2_9_10db.wav,99,yes
16,400,japanese,sentence,SpeechBoxHINTList,2,11,悩みを友達によく相談した,4,yes,SNR10dB,J_HT2_11_10db.wav,99,yes
16,400,japanese,sentence,SpeechBoxHINTList,2,13,銀行が近くにあって便利です,4,yes,SNR10dB,J_HT2_13_10db.wav,99,yes
16,400,japanese,sentence,SpeechBoxHINTList,2,15,昔話を聞きながら眠った,3,yes,SNR10dB,J_HT2_15_10db.wav,99,yes
16,400,japanese,sentence,SpeechBoxHINTList,2,20,仕事で帰りが遅くなりました,4,yes,SNR10dB,J_HT2_20_10db.wav,99,yes
16,400,japanese,sentence,SpeechBoxHINTList,2,22,お年寄りには座席を譲ります,3,yes,SNR10dB,J_HT2_22_10db.wav,99,yes
16,400,japanese,sentence,SpeechBoxHINTList,2,23,やかんをひっくり返してやけどした,4,yes,SNR10dB,J_HT2_23_10db.wav,99,yes
16,400,japanese,sentence,SpeechBoxHINTList,2,32,知らない人に親切にされた,4,yes,SNR10dB,J_HT2_32_10db.wav,99,yes
16,400,japanese,sentence,SpeechBoxHINTList,2,34,牧場に黒い羊がいました,4,yes,SNR10dB,J_HT2_34_10db.wav,99,yes
16,400,japanese,sentence,SpeechBoxHINTList,2,36,鉛筆と消しゴムを用意する,3,yes,SNR10dB,J_HT2_36_10db.wav,99,yes
16,400,japanese,sentence,SpeechBoxHINTList,2,38,電車とバスに乗って帰ります,4,yes,SNR10dB,J_HT2_38_10db.wav,99,yes
16,400,japanese,sentence,SpeechBoxHINTList,2,40,道路の真ん中を歩くのは危ない,4,yes,SNR10dB,J_HT2_40_10db.wav,99,yes
16,400,japanese,sentence,SpeechBoxHINTList,2,41,天気が良いので布団を干した,4,yes,SNR10dB,J_HT2_41_10db.wav,99,yes
16,400,japanese,sentence,SpeechBoxHINTList,2,47,隅々まで丁寧に掃除する,4,yes,SNR10dB,J_HT2_47_10db.wav,99,yes
16,400,japanese,sentence,SpeechBoxHINTList,2,48,貰ったおこづかいを全部使った,4,no,quiet,J_HT2_48.wav,99,yes
16,400,japanese,sentence,SpeechBoxHINTList,2,50,郵便局で電気代を振り込む,3,no,quiet,J_HT2_50.wav,99,yes
16,400,japanese,sentence,SpeechBoxHINTList,2,53,病気の原因を詳しく調べた,4,no,quiet,J_HT2_53.wav,99,yes
16,400,japanese,sentence,SpeechBoxHINTList,2,57,みかんの花は白くてかわいい,4,no,quiet,J_HT2_57.wav,99,yes
16,400,japanese,sentence,SpeechBoxHINTList,2,58,泥棒が夜中に忍び込んだ,3,no,quiet,J_HT2_58.wav,99,yes
17,605,japanese,sentence,SpeechBoxHINTList,1,1,朝ご飯を食べて元気に出かけた,4,yes,SNR00dB,J_HT1_1_0db.wav,99,yes
17,605,japanese,sentence,SpeechBoxHINTList,1,3,音楽に合わせて楽しく踊る,4,yes,SNR00dB,J_HT1_3_0db.wav,99,yes
17,605,japanese,sentence,SpeechBoxHINTList,1,5,歯磨きを忘れると虫歯になる,4,yes,SNR00dB,J_HT1_5_0db.wav,99,yes
17,605,japanese,sentence,SpeechBoxHINTList,1,6,やっと町の明かりが見えてきた,4,yes,SNR00dB,J_HT1_6_0db.wav,75,yes
17,605,japanese,sentence,SpeechBoxHINTList,1,9,窓からぼんやり景色を眺めた,4,yes,SNR00dB,J_HT1_9_0db.wav,99,yes
17,605,japanese,sentence,SpeechBoxHINTList,1,15,お母さんが作るご飯はおいしい,4,yes,SNR00dB,J_HT1_15_0db.wav,99,yes
17,605,japanese,sentence,SpeechBoxHINTList,1,18,子供が悪戯して酷く怒られた,4,yes,SNR00dB,J_HT1_18_0db.wav,99,yes
17,605,japanese,sentence,SpeechBoxHINTList,1,20,汚れた洋服を洗濯しました,3,yes,SNR00dB,J_HT1_20_0db.wav,99,yes
17,605,japanese,sentence,SpeechBoxHINTList,1,21,手紙をもらって返事を書いた,4,yes,SNR00dB,J_HT1_21_0db.wav,99,yes
17,605,japanese,sentence,SpeechBoxHINTList,1,26,おじいちゃんは昔から厳しい人だ,4,yes,SNR00dB,J_HT1_26_0db.wav,99,yes
17,605,japanese,sentence,SpeechBoxHINTList,1,27,苦い薬は今でも嫌いです,4,yes,SNR00dB,J_HT1_27_0db.wav,99,yes
17,605,japanese,sentence,SpeechBoxHINTList,1,29,新しいおもちゃを見せて自慢する,4,yes,SNR00dB,J_HT1_29_0db.wav,99,yes
17,605,japanese,sentence,SpeechBoxHINTList,1,30,突然話題が途切れて困った,4,yes,SNR00dB,J_HT1_30_0db.wav,99,yes
17,605,japanese,sentence,SpeechBoxHINTList,1,32,帰りが遅いと心配になります,4,yes,SNR00dB,J_HT1_32_0db.wav,99,yes
17,605,japanese,sentence,SpeechBoxHINTList,1,33,病院で名前を何度も呼ばれた,4,yes,SNR00dB,J_HT1_33_0db.wav,99,yes
17,605,japanese,sentence,SpeechBoxHINTList,1,35,居眠り運転は大変危険だ,4,yes,SNR05dB,J_HT1_35_5db.wav,75,yes
17,605,japanese,sentence,SpeechBoxHINTList,1,36,枕が高いと首が疲れます,4,yes,SNR05dB,J_HT1_36_5db.wav,99,yes
17,605,japanese,sentence,SpeechBoxHINTList,1,37,険しい山に一人で登った,4,yes,SNR05dB,J_HT1_37_5db.wav,99,yes
17,605,japanese,sentence,SpeechBoxHINTList,1,41,天気予報を聞いてから出かけます,3,yes,SNR05dB,J_HT1_41_5db.wav,99,yes
17,605,japanese,sentence,SpeechBoxHINTList,1,42,映画館の前で待ち合わせする,4,yes,SNR05dB,J_HT1_42_5db.wav,99,yes
17,605,japanese,sentence,SpeechBoxHINTList,1,43,今日は珍しく早く起きました,4,yes,SNR05dB,J_HT1_43_5db.wav,99,yes
17,605,japanese,sentence,SpeechBoxHINTList,1,44,母親の看病で寝不足です,3,yes,SNR05dB,J_HT1_44_5db.wav,99,yes
17,605,japanese,sentence,SpeechBoxHINTList,1,46,小さい頃の写真を見つけた,4,yes,SNR05dB,J_HT1_46_5db.wav,99,yes
17,605,japanese,sentence,SpeechBoxHINTList,1,55,洗濯物が乾いたので取り入れた,3,yes,SNR05dB,J_HT1_55_5db.wav,99,yes
17,605,japanese,sentence,SpeechBoxHINTList,1,57,編み物をしたら肩が凝った,4,yes,SNR05dB,J_HT1_57_5db.wav,99,yes
17,605,japanese,sentence,SpeechBoxHINTList,1,58,足元に注意しながら歩きます,4,yes,SNR05dB,J_HT1_58_5db.wav,99,yes
17,605,japanese,sentence,SpeechBoxHINTList,1,59,眼鏡をかけて新聞を読んだ,4,yes,SNR05dB,J_HT1_59_5db.wav,99,yes
17,605,japanese,sentence,SpeechBoxHINTList,2,1,私は田舎で生まれ育った,4,yes,SNR05dB,J_HT2_1_5db.wav,99,yes
17,605,japanese,sentence,SpeechBoxHINTList,2,4,電車や飛行機で旅行します,3,yes,SNR05dB,J_HT2_4_5db.wav,99,yes
17,605,japanese,sentence,SpeechBoxHINTList,2,6,道に迷って交番で尋ねた,4,yes,SNR05dB,J_HT2_6_5db.wav,99,yes
17,605,japanese,sentence,SpeechBoxHINTList,2,7,大学受験はとても難しい,4,yes,SNR10dB,J_HT2_7_10db.wav,99,yes
17,605,japanese,sentence,SpeechBoxHINTList,2,9,出かける前には戸締りをします,4,yes,SNR10dB,J_HT2_9_10db.wav,99,yes
17,605,japanese,sentence,SpeechBoxHINTList,2,11,悩みを友達によく相談した,4,yes,SNR10dB,J_HT2_11_10db.wav,99,yes
17,605,japanese,sentence,SpeechBoxHINTList,2,13,銀行が近くにあって便利です,4,yes,SNR10dB,J_HT2_13_10db.wav,99,yes
17,605,japanese,sentence,SpeechBoxHINTList,2,15,昔話を聞きながら眠った,3,yes,SNR10dB,J_HT2_15_10db.wav,99,yes
17,605,japanese,sentence,SpeechBoxHINTList,2,20,仕事で帰りが遅くなりました,4,yes,SNR10dB,J_HT2_20_10db.wav,99,yes
17,605,japanese,sentence,SpeechBoxHINTList,2,22,お年寄りには座席を譲ります,3,yes,SNR10dB,J_HT2_22_10db.wav,99,yes
17,605,japanese,sentence,SpeechBoxHINTList,2,23,やかんをひっくり返してやけどした,4,yes,SNR10dB,J_HT2_23_10db.wav,99,yes
17,605,japanese,sentence,SpeechBoxHINTList,2,32,知らない人に親切にされた,4,yes,SNR10dB,J_HT2_32_10db.wav,99,yes
17,605,japanese,sentence,SpeechBoxHINTList,2,34,牧場に黒い羊がいました,4,yes,SNR10dB,J_HT2_34_10db.wav,99,yes
17,605,japanese,sentence,SpeechBoxHINTList,2,36,鉛筆と消しゴムを用意する,3,yes,SNR10dB,J_HT2_36_10db.wav,99,yes
17,605,japanese,sentence,SpeechBoxHINTList,2,38,電車とバスに乗って帰ります,4,yes,SNR10dB,J_HT2_38_10db.wav,99,yes
17,605,japanese,sentence,SpeechBoxHINTList,2,40,道路の真ん中を歩くのは危ない,4,yes,SNR10dB,J_HT2_40_10db.wav,99,yes
17,605,japanese,sentence,SpeechBoxHINTList,2,41,天気が良いので布団を干した,4,yes,SNR10dB,J_HT2_41_10db.wav,99,yes
17,605,japanese,sentence,SpeechBoxHINTList,2,47,隅々まで丁寧に掃除する,4,yes,SNR10dB,J_HT2_47_10db.wav,99,yes
17,605,japanese,sentence,SpeechBoxHINTList,2,48,貰ったおこづかいを全部使った,4,no,quiet,J_HT2_48.wav,99,yes
17,605,japanese,sentence,SpeechBoxHINTList,2,50,郵便局で電気代を振り込む,3,no,quiet,J_HT2_50.wav,99,yes
17,605,japanese,sentence,SpeechBoxHINTList,2,53,病気の原因を詳しく調べた,4,no,quiet,J_HT2_53.wav,99,yes
17,605,japanese,sentence,SpeechBoxHINTList,2,57,みかんの花は白くてかわいい,4,no,quiet,J_HT2_57.wav,99,yes
17,605,japanese,sentence,SpeechBoxHINTList,2,58,泥棒が夜中に忍び込んだ,3,no,quiet,J_HT2_58.wav,99,yes
18,830,japanese,sentence,SpeechBoxHINTList,1,1,朝ご飯を食べて元気に出かけた,4,yes,SNR00dB,J_HT1_1_0db.wav,75,yes
18,830,japanese,sentence,SpeechBoxHINTList,1,3,音楽に合わせて楽しく踊る,4,yes,SNR00dB,J_HT1_3_0db.wav,99,yes
18,830,japanese,sentence,SpeechBoxHINTList,1,5,歯磨きを忘れると虫歯になる,4,yes,SNR00dB,J_HT1_5_0db.wav,99,yes
18,830,japanese,sentence,SpeechBoxHINTList,1,6,やっと町の明かりが見えてきた,4,yes,SNR00dB,J_HT1_6_0db.wav,99,yes
18,830,japanese,sentence,SpeechBoxHINTList,1,9,窓からぼんやり景色を眺めた,4,yes,SNR00dB,J_HT1_9_0db.wav,75,yes
18,830,japanese,sentence,SpeechBoxHINTList,1,15,お母さんが作るご飯はおいしい,4,yes,SNR00dB,J_HT1_15_0db.wav,99,yes
18,830,japanese,sentence,SpeechBoxHINTList,1,18,子供が悪戯して酷く怒られた,4,yes,SNR00dB,J_HT1_18_0db.wav,99,yes
18,830,japanese,sentence,SpeechBoxHINTList,1,20,汚れた洋服を洗濯しました,3,yes,SNR00dB,J_HT1_20_0db.wav,99,yes
18,830,japanese,sentence,SpeechBoxHINTList,1,21,手紙をもらって返事を書いた,4,yes,SNR00dB,J_HT1_21_0db.wav,99,yes
18,830,japanese,sentence,SpeechBoxHINTList,1,26,おじいちゃんは昔から厳しい人だ,4,yes,SNR00dB,J_HT1_26_0db.wav,99,yes
18,830,japanese,sentence,SpeechBoxHINTList,1,27,苦い薬は今でも嫌いです,4,yes,SNR00dB,J_HT1_27_0db.wav,99,yes
18,830,japanese,sentence,SpeechBoxHINTList,1,29,新しいおもちゃを見せて自慢する,4,yes,SNR00dB,J_HT1_29_0db.wav,75,yes
18,830,japanese,sentence,SpeechBoxHINTList,1,30,突然話題が途切れて困った,4,yes,SNR00dB,J_HT1_30_0db.wav,75,yes
18,830,japanese,sentence,SpeechBoxHINTList,1,32,帰りが遅いと心配になります,4,yes,SNR00dB,J_HT1_32_0db.wav,99,yes
18,830,japanese,sentence,SpeechBoxHINTList,1,33,病院で名前を何度も呼ばれた,4,yes,SNR00dB,J_HT1_33_0db.wav,99,yes
18,830,japanese,sentence,SpeechBoxHINTList,1,35,居眠り運転は大変危険だ,4,yes,SNR05dB,J_HT1_35_5db.wav,75,yes
18,830,japanese,sentence,SpeechBoxHINTList,1,36,枕が高いと首が疲れます,4,yes,SNR05dB,J_HT1_36_5db.wav,99,yes
18,830,japanese,sentence,SpeechBoxHINTList,1,37,険しい山に一人で登った,4,yes,SNR05dB,J_HT1_37_5db.wav,99,yes
18,830,japanese,sentence,SpeechBoxHINTList,1,41,天気予報を聞いてから出かけます,3,yes,SNR05dB,J_HT1_41_5db.wav,99,yes
18,830,japanese,sentence,SpeechBoxHINTList,1,42,映画館の前で待ち合わせする,4,yes,SNR05dB,J_HT1_42_5db.wav,99,yes
18,830,japanese,sentence,SpeechBoxHINTList,1,43,今日は珍しく早く起きました,4,yes,SNR05dB,J_HT1_43_5db.wav,99,yes
18,830,japanese,sentence,SpeechBoxHINTList,1,44,母親の看病で寝不足です,3,yes,SNR05dB,J_HT1_44_5db.wav,99,yes
18,830,japanese,sentence,SpeechBoxHINTList,1,46,小さい頃の写真を見つけた,4,yes,SNR05dB,J_HT1_46_5db.wav,99,yes
18,830,japanese,sentence,SpeechBoxHINTList,1,55,洗濯物が乾いたので取り入れた,3,yes,SNR05dB,J_HT1_55_5db.wav,99,yes
18,830,japanese,sentence,SpeechBoxHINTList,1,57,編み物をしたら肩が凝った,4,yes,SNR05dB,J_HT1_57_5db.wav,99,yes
18,830,japanese,sentence,SpeechBoxHINTList,1,58,足元に注意しながら歩きます,4,yes,SNR05dB,J_HT1_58_5db.wav,99,yes
18,830,japanese,sentence,SpeechBoxHINTList,1,59,眼鏡をかけて新聞を読んだ,4,yes,SNR05dB,J_HT1_59_5db.wav,99,yes
18,830,japanese,sentence,SpeechBoxHINTList,2,1,私は田舎で生まれ育った,4,yes,SNR05dB,J_HT2_1_5db.wav,99,yes
18,830,japanese,sentence,SpeechBoxHINTList,2,4,電車や飛行機で旅行します,3,yes,SNR05dB,J_HT2_4_5db.wav,99,yes
18,830,japanese,sentence,SpeechBoxHINTList,2,6,道に迷って交番で尋ねた,4,yes,SNR05dB,J_HT2_6_5db.wav,99,yes
18,830,japanese,sentence,SpeechBoxHINTList,2,7,大学受験はとても難しい,4,yes,SNR10dB,J_HT2_7_10db.wav,99,yes
18,830,japanese,sentence,SpeechBoxHINTList,2,9,出かける前には戸締りをします,4,yes,SNR10dB,J_HT2_9_10db.wav,99,yes
18,830,japanese,sentence,SpeechBoxHINTList,2,11,悩みを友達によく相談した,4,yes,SNR10dB,J_HT2_11_10db.wav,99,yes
18,830,japanese,sentence,SpeechBoxHINTList,2,13,銀行が近くにあって便利です,4,yes,SNR10dB,J_HT2_13_10db.wav,99,yes
18,830,japanese,sentence,SpeechBoxHINTList,2,15,昔話を聞きながら眠った,3,yes,SNR10dB,J_HT2_15_10db.wav,99,yes
18,830,japanese,sentence,SpeechBoxHINTList,2,20,仕事で帰りが遅くなりました,4,yes,SNR10dB,J_HT2_20_10db.wav,99,yes
18,830,japanese,sentence,SpeechBoxHINTList,2,22,お年寄りには座席を譲ります,3,yes,SNR10dB,J_HT2_22_10db.wav,99,yes
18,830,japanese,sentence,SpeechBoxHINTList,2,23,やかんをひっくり返してやけどした,4,yes,SNR10dB,J_HT2_23_10db.wav,99,yes
18,830,japanese,sentence,SpeechBoxHINTList,2,32,知らない人に親切にされた,4,yes,SNR10dB,J_HT2_32_10db.wav,99,yes
18,830,japanese,sentence,SpeechBoxHINTList,2,34,牧場に黒い羊がいました,4,yes,SNR10dB,J_HT2_34_10db.wav,99,yes
18,830,japanese,sentence,SpeechBoxHINTList,2,36,鉛筆と消しゴムを用意する,3,yes,SNR10dB,J_HT2_36_10db.wav,99,yes
18,830,japanese,sentence,SpeechBoxHINTList,2,38,電車とバスに乗って帰ります,4,yes,SNR10dB,J_HT2_38_10db.wav,99,yes
18,830,japanese,sentence,SpeechBoxHINTList,2,40,道路の真ん中を歩くのは危ない,4,yes,SNR10dB,J_HT2_40_10db.wav,99,yes
18,830,japanese,sentence,SpeechBoxHINTList,2,41,天気が良いので布団を干した,4,yes,SNR10dB,J_HT2_41_10db.wav,99,yes
18,830,japanese,sentence,SpeechBoxHINTList,2,47,隅々まで丁寧に掃除する,4,yes,SNR10dB,J_HT2_47_10db.wav,99,yes
18,830,japanese,sentence,SpeechBoxHINTList,2,48,貰ったおこづかいを全部使った,4,no,quiet,J_HT2_48.wav,99,yes
18,830,japanese,sentence,SpeechBoxHINTList,2,50,郵便局で電気代を振り込む,3,no,quiet,J_HT2_50.wav,99,yes
18,830,japanese,sentence,SpeechBoxHINTList,2,53,病気の原因を詳しく調べた,4,no,quiet,J_HT2_53.wav,99,yes
18,830,japanese,sentence,SpeechBoxHINTList,2,57,みかんの花は白くてかわいい,4,no,quiet,J_HT2_57.wav,99,yes
18,830,japanese,sentence,SpeechBoxHINTList,2,58,泥棒が夜中に忍び込んだ,3,no,quiet,J_HT2_58.wav,99,yes
19,450,japanese,sentence,SpeechBoxHINTList,1,1,朝ご飯を食べて元気に出かけた,4,yes,SNR00dB,J_HT1_1_0db.wav,99,yes
19,450,japanese,sentence,SpeechBoxHINTList,1,3,音楽に合わせて楽しく踊る,4,yes,SNR00dB,J_HT1_3_0db.wav,99,yes
19,450,japanese,sentence,SpeechBoxHINTList,1,5,歯磨きを忘れると虫歯になる,4,yes,SNR00dB,J_HT1_5_0db.wav,99,yes
19,450,japanese,sentence,SpeechBoxHINTList,1,6,やっと町の明かりが見えてきた,4,yes,SNR00dB,J_HT1_6_0db.wav,99,yes
19,450,japanese,sentence,SpeechBoxHINTList,1,9,窓からぼんやり景色を眺めた,4,yes,SNR00dB,J_HT1_9_0db.wav,99,yes
19,450,japanese,sentence,SpeechBoxHINTList,1,15,お母さんが作るご飯はおいしい,4,yes,SNR00dB,J_HT1_15_0db.wav,99,yes
19,450,japanese,sentence,SpeechBoxHINTList,1,18,子供が悪戯して酷く怒られた,4,yes,SNR00dB,J_HT1_18_0db.wav,99,yes
19,450,japanese,sentence,SpeechBoxHINTList,1,20,汚れた洋服を洗濯しました,3,yes,SNR00dB,J_HT1_20_0db.wav,99,yes
19,450,japanese,sentence,SpeechBoxHINTList,1,21,手紙をもらって返事を書いた,4,yes,SNR00dB,J_HT1_21_0db.wav,99,yes
19,450,japanese,sentence,SpeechBoxHINTList,1,26,おじいちゃんは昔から厳しい人だ,4,yes,SNR00dB,J_HT1_26_0db.wav,99,yes
19,450,japanese,sentence,SpeechBoxHINTList,1,27,苦い薬は今でも嫌いです,4,yes,SNR00dB,J_HT1_27_0db.wav,99,yes
19,450,japanese,sentence,SpeechBoxHINTList,1,29,新しいおもちゃを見せて自慢する,4,yes,SNR00dB,J_HT1_29_0db.wav,99,yes
19,450,japanese,sentence,SpeechBoxHINTList,1,30,突然話題が途切れて困った,4,yes,SNR00dB,J_HT1_30_0db.wav,75,yes
19,450,japanese,sentence,SpeechBoxHINTList,1,32,帰りが遅いと心配になります,4,yes,SNR00dB,J_HT1_32_0db.wav,99,yes
19,450,japanese,sentence,SpeechBoxHINTList,1,33,病院で名前を何度も呼ばれた,4,yes,SNR00dB,J_HT1_33_0db.wav,99,yes
19,450,japanese,sentence,SpeechBoxHINTList,1,35,居眠り運転は大変危険だ,4,yes,SNR05dB,J_HT1_35_5db.wav,75,yes
19,450,japanese,sentence,SpeechBoxHINTList,1,36,枕が高いと首が疲れます,4,yes,SNR05dB,J_HT1_36_5db.wav,99,yes
19,450,japanese,sentence,SpeechBoxHINTList,1,37,険しい山に一人で登った,4,yes,SNR05dB,J_HT1_37_5db.wav,99,yes
19,450,japanese,sentence,SpeechBoxHINTList,1,41,天気予報を聞いてから出かけます,3,yes,SNR05dB,J_HT1_41_5db.wav,99,yes
19,450,japanese,sentence,SpeechBoxHINTList,1,42,映画館の前で待ち合わせする,4,yes,SNR05dB,J_HT1_42_5db.wav,99,yes
19,450,japanese,sentence,SpeechBoxHINTList,1,43,今日は珍しく早く起きました,4,yes,SNR05dB,J_HT1_43_5db.wav,99,yes
19,450,japanese,sentence,SpeechBoxHINTList,1,44,母親の看病で寝不足です,3,yes,SNR05dB,J_HT1_44_5db.wav,99,yes
19,450,japanese,sentence,SpeechBoxHINTList,1,46,小さい頃の写真を見つけた,4,yes,SNR05dB,J_HT1_46_5db.wav,99,yes
19,450,japanese,sentence,SpeechBoxHINTList,1,55,洗濯物が乾いたので取り入れた,3,yes,SNR05dB,J_HT1_55_5db.wav,99,yes
19,450,japanese,sentence,SpeechBoxHINTList,1,57,編み物をしたら肩が凝った,4,yes,SNR05dB,J_HT1_57_5db.wav,99,yes
19,450,japanese,sentence,SpeechBoxHINTList,1,58,足元に注意しながら歩きます,4,yes,SNR05dB,J_HT1_58_5db.wav,99,yes
19,450,japanese,sentence,SpeechBoxHINTList,1,59,眼鏡をかけて新聞を読んだ,4,yes,SNR05dB,J_HT1_59_5db.wav,99,yes
19,450,japanese,sentence,SpeechBoxHINTList,2,1,私は田舎で生まれ育った,4,yes,SNR05dB,J_HT2_1_5db.wav,99,yes
19,450,japanese,sentence,SpeechBoxHINTList,2,4,電車や飛行機で旅行します,3,yes,SNR05dB,J_HT2_4_5db.wav,99,yes
19,450,japanese,sentence,SpeechBoxHINTList,2,6,道に迷って交番で尋ねた,4,yes,SNR05dB,J_HT2_6_5db.wav,75,yes
19,450,japanese,sentence,SpeechBoxHINTList,2,7,大学受験はとても難しい,4,yes,SNR10dB,J_HT2_7_10db.wav,99,yes
19,450,japanese,sentence,SpeechBoxHINTList,2,9,出かける前には戸締りをします,4,yes,SNR10dB,J_HT2_9_10db.wav,99,yes
19,450,japanese,sentence,SpeechBoxHINTList,2,11,悩みを友達によく相談した,4,yes,SNR10dB,J_HT2_11_10db.wav,99,yes
19,450,japanese,sentence,SpeechBoxHINTList,2,13,銀行が近くにあって便利です,4,yes,SNR10dB,J_HT2_13_10db.wav,99,yes
19,450,japanese,sentence,SpeechBoxHINTList,2,15,昔話を聞きながら眠った,3,yes,SNR10dB,J_HT2_15_10db.wav,67,yes
19,450,japanese,sentence,SpeechBoxHINTList,2,20,仕事で帰りが遅くなりました,4,yes,SNR10dB,J_HT2_20_10db.wav,99,yes
19,450,japanese,sentence,SpeechBoxHINTList,2,22,お年寄りには座席を譲ります,3,yes,SNR10dB,J_HT2_22_10db.wav,99,yes
19,450,japanese,sentence,SpeechBoxHINTList,2,23,やかんをひっくり返してやけどした,4,yes,SNR10dB,J_HT2_23_10db.wav,99,yes
19,450,japanese,sentence,SpeechBoxHINTList,2,32,知らない人に親切にされた,4,yes,SNR10dB,J_HT2_32_10db.wav,99,yes
19,450,japanese,sentence,SpeechBoxHINTList,2,34,牧場に黒い羊がいました,4,yes,SNR10dB,J_HT2_34_10db.wav,99,yes
19,450,japanese,sentence,SpeechBoxHINTList,2,36,鉛筆と消しゴムを用意する,3,yes,SNR10dB,J_HT2_36_10db.wav,99,yes
19,450,japanese,sentence,SpeechBoxHINTList,2,38,電車とバスに乗って帰ります,4,yes,SNR10dB,J_HT2_38_10db.wav,99,yes
19,450,japanese,sentence,SpeechBoxHINTList,2,40,道路の真ん中を歩くのは危ない,4,yes,SNR10dB,J_HT2_40_10db.wav,99,yes
19,450,japanese,sentence,SpeechBoxHINTList,2,41,天気が良いので布団を干した,4,yes,SNR10dB,J_HT2_41_10db.wav,99,yes
19,450,japanese,sentence,SpeechBoxHINTList,2,47,隅々まで丁寧に掃除する,4,yes,SNR10dB,J_HT2_47_10db.wav,99,yes
19,450,japanese,sentence,SpeechBoxHINTList,2,48,貰ったおこづかいを全部使った,4,no,quiet,J_HT2_48.wav,99,yes
19,450,japanese,sentence,SpeechBoxHINTList,2,50,郵便局で電気代を振り込む,3,no,quiet,J_HT2_50.wav,99,yes
19,450,japanese,sentence,SpeechBoxHINTList,2,53,病気の原因を詳しく調べた,4,no,quiet,J_HT2_53.wav,99,yes
19,450,japanese,sentence,SpeechBoxHINTList,2,57,みかんの花は白くてかわいい,4,no,quiet,J_HT2_57.wav,99,yes
19,450,japanese,sentence,SpeechBoxHINTList,2,58,泥棒が夜中に忍び込んだ,3,no,quiet,J_HT2_58.wav,99,yes
20,250,japanese,sentence,SpeechBoxHINTList,1,1,朝ご飯を食べて元気に出かけた,4,yes,SNR00dB,J_HT1_1_0db.wav,99,yes
20,250,japanese,sentence,SpeechBoxHINTList,1,3,音楽に合わせて楽しく踊る,4,yes,SNR00dB,J_HT1_3_0db.wav,99,yes
20,250,japanese,sentence,SpeechBoxHINTList,1,5,歯磨きを忘れると虫歯になる,4,yes,SNR00dB,J_HT1_5_0db.wav,99,yes
20,250,japanese,sentence,SpeechBoxHINTList,1,6,やっと町の明かりが見えてきた,4,yes,SNR00dB,J_HT1_6_0db.wav,99,yes
20,250,japanese,sentence,SpeechBoxHINTList,1,9,窓からぼんやり景色を眺めた,4,yes,SNR00dB,J_HT1_9_0db.wav,99,yes
20,250,japanese,sentence,SpeechBoxHINTList,1,15,お母さんが作るご飯はおいしい,4,yes,SNR00dB,J_HT1_15_0db.wav,99,yes
20,250,japanese,sentence,SpeechBoxHINTList,1,18,子供が悪戯して酷く怒られた,4,yes,SNR00dB,J_HT1_18_0db.wav,99,yes
20,250,japanese,sentence,SpeechBoxHINTList,1,20,汚れた洋服を洗濯しました,3,yes,SNR00dB,J_HT1_20_0db.wav,99,yes
20,250,japanese,sentence,SpeechBoxHINTList,1,21,手紙をもらって返事を書いた,4,yes,SNR00dB,J_HT1_21_0db.wav,99,yes
20,250,japanese,sentence,SpeechBoxHINTList,1,26,おじいちゃんは昔から厳しい人だ,4,yes,SNR00dB,J_HT1_26_0db.wav,99,yes
20,250,japanese,sentence,SpeechBoxHINTList,1,27,苦い薬は今でも嫌いです,4,yes,SNR00dB,J_HT1_27_0db.wav,99,yes
20,250,japanese,sentence,SpeechBoxHINTList,1,29,新しいおもちゃを見せて自慢する,4,yes,SNR00dB,J_HT1_29_0db.wav,99,yes
20,250,japanese,sentence,SpeechBoxHINTList,1,30,突然話題が途切れて困った,4,yes,SNR00dB,J_HT1_30_0db.wav,99,yes
20,250,japanese,sentence,SpeechBoxHINTList,1,32,帰りが遅いと心配になります,4,yes,SNR00dB,J_HT1_32_0db.wav,99,yes
20,250,japanese,sentence,SpeechBoxHINTList,1,33,病院で名前を何度も呼ばれた,4,yes,SNR00dB,J_HT1_33_0db.wav,99,yes
20,250,japanese,sentence,SpeechBoxHINTList,1,35,居眠り運転は大変危険だ,4,yes,SNR05dB,J_HT1_35_5db.wav,75,yes
20,250,japanese,sentence,SpeechBoxHINTList,1,36,枕が高いと首が疲れます,4,yes,SNR05dB,J_HT1_36_5db.wav,99,yes
20,250,japanese,sentence,SpeechBoxHINTList,1,37,険しい山に一人で登った,4,yes,SNR05dB,J_HT1_37_5db.wav,99,yes
20,250,japanese,sentence,SpeechBoxHINTList,1,41,天気予報を聞いてから出かけます,3,yes,SNR05dB,J_HT1_41_5db.wav,99,yes
20,250,japanese,sentence,SpeechBoxHINTList,1,42,映画館の前で待ち合わせする,4,yes,SNR05dB,J_HT1_42_5db.wav,99,yes
20,250,japanese,sentence,SpeechBoxHINTList,1,43,今日は珍しく早く起きました,4,yes,SNR05dB,J_HT1_43_5db.wav,99,yes
20,250,japanese,sentence,SpeechBoxHINTList,1,44,母親の看病で寝不足です,3,yes,SNR05dB,J_HT1_44_5db.wav,99,yes
20,250,japanese,sentence,SpeechBoxHINTList,1,46,小さい頃の写真を見つけた,4,yes,SNR05dB,J_HT1_46_5db.wav,99,yes
20,250,japanese,sentence,SpeechBoxHINTList,1,55,洗濯物が乾いたので取り入れた,3,yes,SNR05dB,J_HT1_55_5db.wav,99,yes
20,250,japanese,sentence,SpeechBoxHINTList,1,57,編み物をしたら肩が凝った,4,yes,SNR05dB,J_HT1_57_5db.wav,99,yes
20,250,japanese,sentence,SpeechBoxHINTList,1,58,足元に注意しながら歩きます,4,yes,SNR05dB,J_HT1_58_5db.wav,99,yes
20,250,japanese,sentence,SpeechBoxHINTList,1,59,眼鏡をかけて新聞を読んだ,4,yes,SNR05dB,J_HT1_59_5db.wav,99,yes
20,250,japanese,sentence,SpeechBoxHINTList,2,1,私は田舎で生まれ育った,4,yes,SNR05dB,J_HT2_1_5db.wav,99,yes
20,250,japanese,sentence,SpeechBoxHINTList,2,4,電車や飛行機で旅行します,3,yes,SNR05dB,J_HT2_4_5db.wav,99,yes
20,250,japanese,sentence,SpeechBoxHINTList,2,6,道に迷って交番で尋ねた,4,yes,SNR05dB,J_HT2_6_5db.wav,99,yes
20,250,japanese,sentence,SpeechBoxHINTList,2,7,大学受験はとても難しい,4,yes,SNR10dB,J_HT2_7_10db.wav,99,yes
20,250,japanese,sentence,SpeechBoxHINTList,2,9,出かける前には戸締りをします,4,yes,SNR10dB,J_HT2_9_10db.wav,99,yes
20,250,japanese,sentence,SpeechBoxHINTList,2,11,悩みを友達によく相談した,4,yes,SNR10dB,J_HT2_11_10db.wav,99,yes
20,250,japanese,sentence,SpeechBoxHINTList,2,13,銀行が近くにあって便利です,4,yes,SNR10dB,J_HT2_13_10db.wav,99,yes
20,250,japanese,sentence,SpeechBoxHINTList,2,15,昔話を聞きながら眠った,3,yes,SNR10dB,J_HT2_15_10db.wav,99,yes
20,250,japanese,sentence,SpeechBoxHINTList,2,20,仕事で帰りが遅くなりました,4,yes,SNR10dB,J_HT2_20_10db.wav,99,yes
20,250,japanese,sentence,SpeechBoxHINTList,2,22,お年寄りには座席を譲ります,3,yes,SNR10dB,J_HT2_22_10db.wav,99,yes
20,250,japanese,sentence,SpeechBoxHINTList,2,23,やかんをひっくり返してやけどした,4,yes,SNR10dB,J_HT2_23_10db.wav,99,yes
20,250,japanese,sentence,SpeechBoxHINTList,2,32,知らない人に親切にされた,4,yes,SNR10dB,J_HT2_32_10db.wav,99,yes
20,250,japanese,sentence,SpeechBoxHINTList,2,34,牧場に黒い羊がいました,4,yes,SNR10dB,J_HT2_34_10db.wav,99,yes
20,250,japanese,sentence,SpeechBoxHINTList,2,36,鉛筆と消しゴムを用意する,3,yes,SNR10dB,J_HT2_36_10db.wav,99,yes
20,250,japanese,sentence,SpeechBoxHINTList,2,38,電車とバスに乗って帰ります,4,yes,SNR10dB,J_HT2_38_10db.wav,99,yes
20,250,japanese,sentence,SpeechBoxHINTList,2,40,道路の真ん中を歩くのは危ない,4,yes,SNR10dB,J_HT2_40_10db.wav,99,yes
20,250,japanese,sentence,SpeechBoxHINTList,2,41,天気が良いので布団を干した,4,yes,SNR10dB,J_HT2_41_10db.wav,99,yes
20,250,japanese,sentence,SpeechBoxHINTList,2,47,隅々まで丁寧に掃除する,4,yes,SNR10dB,J_HT2_47_10db.wav,99,yes
20,250,japanese,sentence,SpeechBoxHINTList,2,48,貰ったおこづかいを全部使った,4,no,quiet,J_HT2_48.wav,99,yes
20,250,japanese,sentence,SpeechBoxHINTList,2,50,郵便局で電気代を振り込む,3,no,quiet,J_HT2_50.wav,99,yes
20,250,japanese,sentence,SpeechBoxHINTList,2,53,病気の原因を詳しく調べた,4,no,quiet,J_HT2_53.wav,99,yes
20,250,japanese,sentence,SpeechBoxHINTList,2,57,みかんの花は白くてかわいい,4,no,quiet,J_HT2_57.wav,99,yes
20,250,japanese,sentence,SpeechBoxHINTList,2,58,泥棒が夜中に忍び込んだ,3,no,quiet,J_HT2_58.wav,99,yes
21,400,japanese,sentence,SpeechBoxHINTList,1,1,朝ご飯を食べて元気に出かけた,4,yes,SNR00dB,J_HT1_1_0db.wav,99,yes
21,400,japanese,sentence,SpeechBoxHINTList,1,3,音楽に合わせて楽しく踊る,4,yes,SNR00dB,J_HT1_3_0db.wav,99,yes
21,400,japanese,sentence,SpeechBoxHINTList,1,5,歯磨きを忘れると虫歯になる,4,yes,SNR00dB,J_HT1_5_0db.wav,99,yes
21,400,japanese,sentence,SpeechBoxHINTList,1,6,やっと町の明かりが見えてきた,4,yes,SNR00dB,J_HT1_6_0db.wav,99,yes
21,400,japanese,sentence,SpeechBoxHINTList,1,9,窓からぼんやり景色を眺めた,4,yes,SNR00dB,J_HT1_9_0db.wav,99,yes
21,400,japanese,sentence,SpeechBoxHINTList,1,15,お母さんが作るご飯はおいしい,4,yes,SNR00dB,J_HT1_15_0db.wav,99,yes
21,400,japanese,sentence,SpeechBoxHINTList,1,18,子供が悪戯して酷く怒られた,4,yes,SNR00dB,J_HT1_18_0db.wav,99,yes
21,400,japanese,sentence,SpeechBoxHINTList,1,20,汚れた洋服を洗濯しました,3,yes,SNR00dB,J_HT1_20_0db.wav,99,yes
21,400,japanese,sentence,SpeechBoxHINTList,1,21,手紙をもらって返事を書いた,4,yes,SNR00dB,J_HT1_21_0db.wav,99,yes
21,400,japanese,sentence,SpeechBoxHINTList,1,26,おじいちゃんは昔から厳しい人だ,4,yes,SNR00dB,J_HT1_26_0db.wav,99,yes
21,400,japanese,sentence,SpeechBoxHINTList,1,27,苦い薬は今でも嫌いです,4,yes,SNR00dB,J_HT1_27_0db.wav,99,yes
21,400,japanese,sentence,SpeechBoxHINTList,1,29,新しいおもちゃを見せて自慢する,4,yes,SNR00dB,J_HT1_29_0db.wav,99,yes
21,400,japanese,sentence,SpeechBoxHINTList,1,30,突然話題が途切れて困った,4,yes,SNR00dB,J_HT1_30_0db.wav,99,yes
21,400,japanese,sentence,SpeechBoxHINTList,1,32,帰りが遅いと心配になります,4,yes,SNR00dB,J_HT1_32_0db.wav,99,yes
21,400,japanese,sentence,SpeechBoxHINTList,1,33,病院で名前を何度も呼ばれた,4,yes,SNR00dB,J_HT1_33_0db.wav,99,yes
21,400,japanese,sentence,SpeechBoxHINTList,1,35,居眠り運転は大変危険だ,4,yes,SNR05dB,J_HT1_35_5db.wav,75,yes
21,400,japanese,sentence,SpeechBoxHINTList,1,36,枕が高いと首が疲れます,4,yes,SNR05dB,J_HT1_36_5db.wav,99,yes
21,400,japanese,sentence,SpeechBoxHINTList,1,37,険しい山に一人で登った,4,yes,SNR05dB,J_HT1_37_5db.wav,99,yes
21,400,japanese,sentence,SpeechBoxHINTList,1,41,天気予報を聞いてから出かけます,3,yes,SNR05dB,J_HT1_41_5db.wav,99,yes
21,400,japanese,sentence,SpeechBoxHINTList,1,42,映画館の前で待ち合わせする,4,yes,SNR05dB,J_HT1_42_5db.wav,99,yes
21,400,japanese,sentence,SpeechBoxHINTList,1,43,今日は珍しく早く起きました,4,yes,SNR05dB,J_HT1_43_5db.wav,99,yes
21,400,japanese,sentence,SpeechBoxHINTList,1,44,母親の看病で寝不足です,3,yes,SNR05dB,J_HT1_44_5db.wav,99,yes
21,400,japanese,sentence,SpeechBoxHINTList,1,46,小さい頃の写真を見つけた,4,yes,SNR05dB,J_HT1_46_5db.wav,99,yes
21,400,japanese,sentence,SpeechBoxHINTList,1,55,洗濯物が乾いたので取り入れた,3,yes,SNR05dB,J_HT1_55_5db.wav,0,yes
21,400,japanese,sentence,SpeechBoxHINTList,1,57,編み物をしたら肩が凝った,4,yes,SNR05dB,J_HT1_57_5db.wav,99,yes
21,400,japanese,sentence,SpeechBoxHINTList,1,58,足元に注意しながら歩きます,4,yes,SNR05dB,J_HT1_58_5db.wav,99,yes
21,400,japanese,sentence,SpeechBoxHINTList,1,59,眼鏡をかけて新聞を読んだ,4,yes,SNR05dB,J_HT1_59_5db.wav,99,yes
21,400,japanese,sentence,SpeechBoxHINTList,2,1,私は田舎で生まれ育った,4,yes,SNR05dB,J_HT2_1_5db.wav,99,yes
21,400,japanese,sentence,SpeechBoxHINTList,2,4,電車や飛行機で旅行します,3,yes,SNR05dB,J_HT2_4_5db.wav,99,yes
21,400,japanese,sentence,SpeechBoxHINTList,2,6,道に迷って交番で尋ねた,4,yes,SNR05dB,J_HT2_6_5db.wav,99,yes
21,400,japanese,sentence,SpeechBoxHINTList,2,7,大学受験はとても難しい,4,yes,SNR10dB,J_HT2_7_10db.wav,99,yes
21,400,japanese,sentence,SpeechBoxHINTList,2,9,出かける前には戸締りをします,4,yes,SNR10dB,J_HT2_9_10db.wav,99,yes
21,400,japanese,sentence,SpeechBoxHINTList,2,11,悩みを友達によく相談した,4,yes,SNR10dB,J_HT2_11_10db.wav,99,yes
21,400,japanese,sentence,SpeechBoxHINTList,2,13,銀行が近くにあって便利です,4,yes,SNR10dB,J_HT2_13_10db.wav,99,yes
21,400,japanese,sentence,SpeechBoxHINTList,2,15,昔話を聞きながら眠った,3,yes,SNR10dB,J_HT2_15_10db.wav,99,yes
21,400,japanese,sentence,SpeechBoxHINTList,2,20,仕事で帰りが遅くなりました,4,yes,SNR10dB,J_HT2_20_10db.wav,99,yes
21,400,japanese,sentence,SpeechBoxHINTList,2,22,お年寄りには座席を譲ります,3,yes,SNR10dB,J_HT2_22_10db.wav,99,yes
21,400,japanese,sentence,SpeechBoxHINTList,2,23,やかんをひっくり返してやけどした,4,yes,SNR10dB,J_HT2_23_10db.wav,99,yes
21,400,japanese,sentence,SpeechBoxHINTList,2,32,知らない人に親切にされた,4,yes,SNR10dB,J_HT2_32_10db.wav,99,yes
21,400,japanese,sentence,SpeechBoxHINTList,2,34,牧場に黒い羊がいました,4,yes,SNR10dB,J_HT2_34_10db.wav,99,yes
21,400,japanese,sentence,SpeechBoxHINTList,2,36,鉛筆と消しゴムを用意する,3,yes,SNR10dB,J_HT2_36_10db.wav,99,yes
21,400,japanese,sentence,SpeechBoxHINTList,2,38,電車とバスに乗って帰ります,4,yes,SNR10dB,J_HT2_38_10db.wav,99,yes
21,400,japanese,sentence,SpeechBoxHINTList,2,40,道路の真ん中を歩くのは危ない,4,yes,SNR10dB,J_HT2_40_10db.wav,99,yes
21,400,japanese,sentence,SpeechBoxHINTList,2,41,天気が良いので布団を干した,4,yes,SNR10dB,J_HT2_41_10db.wav,99,yes
21,400,japanese,sentence,SpeechBoxHINTList,2,47,隅々まで丁寧に掃除する,4,yes,SNR10dB,J_HT2_47_10db.wav,99,yes
21,400,japanese,sentence,SpeechBoxHINTList,2,48,貰ったおこづかいを全部使った,4,no,quiet,J_HT2_48.wav,99,yes
21,400,japanese,sentence,SpeechBoxHINTList,2,50,郵便局で電気代を振り込む,3,no,quiet,J_HT2_50.wav,99,yes
21,400,japanese,sentence,SpeechBoxHINTList,2,53,病気の原因を詳しく調べた,4,no,quiet,J_HT2_53.wav,99,yes
21,400,japanese,sentence,SpeechBoxHINTList,2,57,みかんの花は白くてかわいい,4,no,quiet,J_HT2_57.wav,99,yes
21,400,japanese,sentence,SpeechBoxHINTList,2,58,泥棒が夜中に忍び込んだ,3,no,quiet,J_HT2_58.wav,99,yes
22,685,japanese,sentence,SpeechBoxHINTList,1,1,朝ご飯を食べて元気に出かけた,4,yes,SNR00dB,J_HT1_1_0db.wav,75,yes
22,685,japanese,sentence,SpeechBoxHINTList,1,3,音楽に合わせて楽しく踊る,4,yes,SNR00dB,J_HT1_3_0db.wav,99,yes
22,685,japanese,sentence,SpeechBoxHINTList,1,5,歯磨きを忘れると虫歯になる,4,yes,SNR00dB,J_HT1_5_0db.wav,99,yes
22,685,japanese,sentence,SpeechBoxHINTList,1,6,やっと町の明かりが見えてきた,4,yes,SNR00dB,J_HT1_6_0db.wav,99,yes
22,685,japanese,sentence,SpeechBoxHINTList,1,9,窓からぼんやり景色を眺めた,4,yes,SNR00dB,J_HT1_9_0db.wav,99,yes
22,685,japanese,sentence,SpeechBoxHINTList,1,15,お母さんが作るご飯はおいしい,4,yes,SNR00dB,J_HT1_15_0db.wav,99,yes
22,685,japanese,sentence,SpeechBoxHINTList,1,18,子供が悪戯して酷く怒られた,4,yes,SNR00dB,J_HT1_18_0db.wav,99,yes
22,685,japanese,sentence,SpeechBoxHINTList,1,20,汚れた洋服を洗濯しました,3,yes,SNR00dB,J_HT1_20_0db.wav,99,yes
22,685,japanese,sentence,SpeechBoxHINTList,1,21,手紙をもらって返事を書いた,4,yes,SNR00dB,J_HT1_21_0db.wav,99,yes
22,685,japanese,sentence,SpeechBoxHINTList,1,26,おじいちゃんは昔から厳しい人だ,4,yes,SNR00dB,J_HT1_26_0db.wav,99,yes
22,685,japanese,sentence,SpeechBoxHINTList,1,27,苦い薬は今でも嫌いです,4,yes,SNR00dB,J_HT1_27_0db.wav,99,yes
22,685,japanese,sentence,SpeechBoxHINTList,1,29,新しいおもちゃを見せて自慢する,4,yes,SNR00dB,J_HT1_29_0db.wav,75,yes
22,685,japanese,sentence,SpeechBoxHINTList,1,30,突然話題が途切れて困った,4,yes,SNR00dB,J_HT1_30_0db.wav,99,yes
22,685,japanese,sentence,SpeechBoxHINTList,1,32,帰りが遅いと心配になります,4,yes,SNR00dB,J_HT1_32_0db.wav,99,yes
22,685,japanese,sentence,SpeechBoxHINTList,1,33,病院で名前を何度も呼ばれた,4,yes,SNR00dB,J_HT1_33_0db.wav,75,yes
22,685,japanese,sentence,SpeechBoxHINTList,1,35,居眠り運転は大変危険だ,4,yes,SNR05dB,J_HT1_35_5db.wav,75,yes
22,685,japanese,sentence,SpeechBoxHINTList,1,36,枕が高いと首が疲れます,4,yes,SNR05dB,J_HT1_36_5db.wav,99,yes
22,685,japanese,sentence,SpeechBoxHINTList,1,37,険しい山に一人で登った,4,yes,SNR05dB,J_HT1_37_5db.wav,99,yes
22,685,japanese,sentence,SpeechBoxHINTList,1,41,天気予報を聞いてから出かけます,3,yes,SNR05dB,J_HT1_41_5db.wav,99,yes
22,685,japanese,sentence,SpeechBoxHINTList,1,42,映画館の前で待ち合わせする,4,yes,SNR05dB,J_HT1_42_5db.wav,99,yes
22,685,japanese,sentence,SpeechBoxHINTList,1,43,今日は珍しく早く起きました,4,yes,SNR05dB,J_HT1_43_5db.wav,99,yes
22,685,japanese,sentence,SpeechBoxHINTList,1,44,母親の看病で寝不足です,3,yes,SNR05dB,J_HT1_44_5db.wav,99,yes
22,685,japanese,sentence,SpeechBoxHINTList,1,46,小さい頃の写真を見つけた,4,yes,SNR05dB,J_HT1_46_5db.wav,99,yes
22,685,japanese,sentence,SpeechBoxHINTList,1,55,洗濯物が乾いたので取り入れた,3,yes,SNR05dB,J_HT1_55_5db.wav,99,yes
22,685,japanese,sentence,SpeechBoxHINTList,1,57,編み物をしたら肩が凝った,4,yes,SNR05dB,J_HT1_57_5db.wav,67,yes
22,685,japanese,sentence,SpeechBoxHINTList,1,58,足元に注意しながら歩きます,4,yes,SNR05dB,J_HT1_58_5db.wav,99,yes
22,685,japanese,sentence,SpeechBoxHINTList,1,59,眼鏡をかけて新聞を読んだ,4,yes,SNR05dB,J_HT1_59_5db.wav,99,yes
22,685,japanese,sentence,SpeechBoxHINTList,2,1,私は田舎で生まれ育った,4,yes,SNR05dB,J_HT2_1_5db.wav,99,yes
22,685,japanese,sentence,SpeechBoxHINTList,2,4,電車や飛行機で旅行します,3,yes,SNR05dB,J_HT2_4_5db.wav,99,yes
22,685,japanese,sentence,SpeechBoxHINTList,2,6,道に迷って交番で尋ねた,4,yes,SNR05dB,J_HT2_6_5db.wav,99,yes
22,685,japanese,sentence,SpeechBoxHINTList,2,7,大学受験はとても難しい,4,yes,SNR10dB,J_HT2_7_10db.wav,99,yes
22,685,japanese,sentence,SpeechBoxHINTList,2,9,出かける前には戸締りをします,4,yes,SNR10dB,J_HT2_9_10db.wav,99,yes
22,685,japanese,sentence,SpeechBoxHINTList,2,11,悩みを友達によく相談した,4,yes,SNR10dB,J_HT2_11_10db.wav,99,yes
22,685,japanese,sentence,SpeechBoxHINTList,2,13,銀行が近くにあって便利です,4,yes,SNR10dB,J_HT2_13_10db.wav,99,yes
22,685,japanese,sentence,SpeechBoxHINTList,2,15,昔話を聞きながら眠った,3,yes,SNR10dB,J_HT2_15_10db.wav,99,yes
22,685,japanese,sentence,SpeechBoxHINTList,2,20,仕事で帰りが遅くなりました,4,yes,SNR10dB,J_HT2_20_10db.wav,99,yes
22,685,japanese,sentence,SpeechBoxHINTList,2,22,お年寄りには座席を譲ります,3,yes,SNR10dB,J_HT2_22_10db.wav,99,yes
22,685,japanese,sentence,SpeechBoxHINTList,2,23,やかんをひっくり返してやけどした,4,yes,SNR10dB,J_HT2_23_10db.wav,99,yes
22,685,japanese,sentence,SpeechBoxHINTList,2,32,知らない人に親切にされた,4,yes,SNR10dB,J_HT2_32_10db.wav,99,yes
22,685,japanese,sentence,SpeechBoxHINTList,2,34,牧場に黒い羊がいました,4,yes,SNR10dB,J_HT2_34_10db.wav,99,yes
22,685,japanese,sentence,SpeechBoxHINTList,2,36,鉛筆と消しゴムを用意する,3,yes,SNR10dB,J_HT2_36_10db.wav,99,yes
22,685,japanese,sentence,SpeechBoxHINTList,2,38,電車とバスに乗って帰ります,4,yes,SNR10dB,J_HT2_38_10db.wav,99,yes
22,685,japanese,sentence,SpeechBoxHINTList,2,40,道路の真ん中を歩くのは危ない,4,yes,SNR10dB,J_HT2_40_10db.wav,99,yes
22,685,japanese,sentence,SpeechBoxHINTList,2,41,天気が良いので布団を干した,4,yes,SNR10dB,J_HT2_41_10db.wav,99,yes
22,685,japanese,sentence,SpeechBoxHINTList,2,47,隅々まで丁寧に掃除する,4,yes,SNR10dB,J_HT2_47_10db.wav,99,yes
22,685,japanese,sentence,SpeechBoxHINTList,2,48,貰ったおこづかいを全部使った,4,no,quiet,J_HT2_48.wav,99,yes
22,685,japanese,sentence,SpeechBoxHINTList,2,50,郵便局で電気代を振り込む,3,no,quiet,J_HT2_50.wav,99,yes
22,685,japanese,sentence,SpeechBoxHINTList,2,53,病気の原因を詳しく調べた,4,no,quiet,J_HT2_53.wav,99,yes
22,685,japanese,sentence,SpeechBoxHINTList,2,57,みかんの花は白くてかわいい,4,no,quiet,J_HT2_57.wav,75,yes
22,685,japanese,sentence,SpeechBoxHINTList,2,58,泥棒が夜中に忍び込んだ,3,no,quiet,J_HT2_58.wav,99,yes
23,650,japanese,sentence,SpeechBoxHINTList,1,1,朝ご飯を食べて元気に出かけた,4,yes,SNR00dB,J_HT1_1_0db.wav,75,yes
23,650,japanese,sentence,SpeechBoxHINTList,1,3,音楽に合わせて楽しく踊る,4,yes,SNR00dB,J_HT1_3_0db.wav,75,yes
23,650,japanese,sentence,SpeechBoxHINTList,1,5,歯磨きを忘れると虫歯になる,4,yes,SNR00dB,J_HT1_5_0db.wav,99,yes
23,650,japanese,sentence,SpeechBoxHINTList,1,6,やっと町の明かりが見えてきた,4,yes,SNR00dB,J_HT1_6_0db.wav,99,yes
23,650,japanese,sentence,SpeechBoxHINTList,1,9,窓からぼんやり景色を眺めた,4,yes,SNR00dB,J_HT1_9_0db.wav,99,yes
23,650,japanese,sentence,SpeechBoxHINTList,1,15,お母さんが作るご飯はおいしい,4,yes,SNR00dB,J_HT1_15_0db.wav,99,yes
23,650,japanese,sentence,SpeechBoxHINTList,1,18,子供が悪戯して酷く怒られた,4,yes,SNR00dB,J_HT1_18_0db.wav,99,yes
23,650,japanese,sentence,SpeechBoxHINTList,1,20,汚れた洋服を洗濯しました,3,yes,SNR00dB,J_HT1_20_0db.wav,99,yes
23,650,japanese,sentence,SpeechBoxHINTList,1,21,手紙をもらって返事を書いた,4,yes,SNR00dB,J_HT1_21_0db.wav,75,yes
23,650,japanese,sentence,SpeechBoxHINTList,1,26,おじいちゃんは昔から厳しい人だ,4,yes,SNR00dB,J_HT1_26_0db.wav,99,yes
23,650,japanese,sentence,SpeechBoxHINTList,1,27,苦い薬は今でも嫌いです,4,yes,SNR00dB,J_HT1_27_0db.wav,99,yes
23,650,japanese,sentence,SpeechBoxHINTList,1,29,新しいおもちゃを見せて自慢する,4,yes,SNR00dB,J_HT1_29_0db.wav,99,yes
23,650,japanese,sentence,SpeechBoxHINTList,1,30,突然話題が途切れて困った,4,yes,SNR00dB,J_HT1_30_0db.wav,75,yes
23,650,japanese,sentence,SpeechBoxHINTList,1,32,帰りが遅いと心配になります,4,yes,SNR00dB,J_HT1_32_0db.wav,99,yes
23,650,japanese,sentence,SpeechBoxHINTList,1,33,病院で名前を何度も呼ばれた,4,yes,SNR00dB,J_HT1_33_0db.wav,99,yes
23,650,japanese,sentence,SpeechBoxHINTList,1,35,居眠り運転は大変危険だ,4,yes,SNR05dB,J_HT1_35_5db.wav,75,yes
23,650,japanese,sentence,SpeechBoxHINTList,1,36,枕が高いと首が疲れます,4,yes,SNR05dB,J_HT1_36_5db.wav,99,yes
23,650,japanese,sentence,SpeechBoxHINTList,1,37,険しい山に一人で登った,4,yes,SNR05dB,J_HT1_37_5db.wav,99,yes
23,650,japanese,sentence,SpeechBoxHINTList,1,41,天気予報を聞いてから出かけます,3,yes,SNR05dB,J_HT1_41_5db.wav,99,yes
23,650,japanese,sentence,SpeechBoxHINTList,1,42,映画館の前で待ち合わせする,4,yes,SNR05dB,J_HT1_42_5db.wav,99,yes
23,650,japanese,sentence,SpeechBoxHINTList,1,43,今日は珍しく早く起きました,4,yes,SNR05dB,J_HT1_43_5db.wav,99,yes
23,650,japanese,sentence,SpeechBoxHINTList,1,44,母親の看病で寝不足です,3,yes,SNR05dB,J_HT1_44_5db.wav,99,yes
23,650,japanese,sentence,SpeechBoxHINTList,1,46,小さい頃の写真を見つけた,4,yes,SNR05dB,J_HT1_46_5db.wav,99,yes
23,650,japanese,sentence,SpeechBoxHINTList,1,55,洗濯物が乾いたので取り入れた,3,yes,SNR05dB,J_HT1_55_5db.wav,67,yes
23,650,japanese,sentence,SpeechBoxHINTList,1,57,編み物をしたら肩が凝った,4,yes,SNR05dB,J_HT1_57_5db.wav,99,yes
23,650,japanese,sentence,SpeechBoxHINTList,1,58,足元に注意しながら歩きます,4,yes,SNR05dB,J_HT1_58_5db.wav,99,yes
23,650,japanese,sentence,SpeechBoxHINTList,1,59,眼鏡をかけて新聞を読んだ,4,yes,SNR05dB,J_HT1_59_5db.wav,99,yes
23,650,japanese,sentence,SpeechBoxHINTList,2,1,私は田舎で生まれ育った,4,yes,SNR05dB,J_HT2_1_5db.wav,99,yes
23,650,japanese,sentence,SpeechBoxHINTList,2,4,電車や飛行機で旅行します,3,yes,SNR05dB,J_HT2_4_5db.wav,99,yes
23,650,japanese,sentence,SpeechBoxHINTList,2,6,道に迷って交番で尋ねた,4,yes,SNR05dB,J_HT2_6_5db.wav,99,yes
23,650,japanese,sentence,SpeechBoxHINTList,2,7,大学受験はとても難しい,4,yes,SNR10dB,J_HT2_7_10db.wav,99,yes
23,650,japanese,sentence,SpeechBoxHINTList,2,9,出かける前には戸締りをします,4,yes,SNR10dB,J_HT2_9_10db.wav,99,yes
23,650,japanese,sentence,SpeechBoxHINTList,2,11,悩みを友達によく相談した,4,yes,SNR10dB,J_HT2_11_10db.wav,99,yes
23,650,japanese,sentence,SpeechBoxHINTList,2,13,銀行が近くにあって便利です,4,yes,SNR10dB,J_HT2_13_10db.wav,99,yes
23,650,japanese,sentence,SpeechBoxHINTList,2,15,昔話を聞きながら眠った,3,yes,SNR10dB,J_HT2_15_10db.wav,67,yes
23,650,japanese,sentence,SpeechBoxHINTList,2,20,仕事で帰りが遅くなりました,4,yes,SNR10dB,J_HT2_20_10db.wav,99,yes
23,650,japanese,sentence,SpeechBoxHINTList,2,22,お年寄りには座席を譲ります,3,yes,SNR10dB,J_HT2_22_10db.wav,99,yes
23,650,japanese,sentence,SpeechBoxHINTList,2,23,やかんをひっくり返してやけどした,4,yes,SNR10dB,J_HT2_23_10db.wav,99,yes
23,650,japanese,sentence,SpeechBoxHINTList,2,32,知らない人に親切にされた,4,yes,SNR10dB,J_HT2_32_10db.wav,99,yes
23,650,japanese,sentence,SpeechBoxHINTList,2,34,牧場に黒い羊がいました,4,yes,SNR10dB,J_HT2_34_10db.wav,99,yes
23,650,japanese,sentence,SpeechBoxHINTList,2,36,鉛筆と消しゴムを用意する,3,yes,SNR10dB,J_HT2_36_10db.wav,99,yes
23,650,japanese,sentence,SpeechBoxHINTList,2,38,電車とバスに乗って帰ります,4,yes,SNR10dB,J_HT2_38_10db.wav,99,yes
23,650,japanese,sentence,SpeechBoxHINTList,2,40,道路の真ん中を歩くのは危ない,4,yes,SNR10dB,J_HT2_40_10db.wav,99,yes
23,650,japanese,sentence,SpeechBoxHINTList,2,41,天気が良いので布団を干した,4,yes,SNR10dB,J_HT2_41_10db.wav,99,yes
23,650,japanese,sentence,SpeechBoxHINTList,2,47,隅々まで丁寧に掃除する,4,yes,SNR10dB,J_HT2_47_10db.wav,99,yes
23,650,japanese,sentence,SpeechBoxHINTList,2,48,貰ったおこづかいを全部使った,4,no,quiet,J_HT2_48.wav,99,yes
23,650,japanese,sentence,SpeechBoxHINTList,2,50,郵便局で電気代を振り込む,3,no,quiet,J_HT2_50.wav,34,yes
23,650,japanese,sentence,SpeechBoxHINTList,2,53,病気の原因を詳しく調べた,4,no,quiet,J_HT2_53.wav,99,yes
23,650,japanese,sentence,SpeechBoxHINTList,2,57,みかんの花は白くてかわいい,4,no,quiet,J_HT2_57.wav,99,yes
23,650,japanese,sentence,SpeechBoxHINTList,2,58,泥棒が夜中に忍び込んだ,3,no,quiet,J_HT2_58.wav,99,yes
24,715,japanese,sentence,SpeechBoxHINTList,1,1,朝ご飯を食べて元気に出かけた,4,yes,SNR00dB,J_HT1_1_0db.wav,99,yes
24,715,japanese,sentence,SpeechBoxHINTList,1,3,音楽に合わせて楽しく踊る,4,yes,SNR00dB,J_HT1_3_0db.wav,99,yes
24,715,japanese,sentence,SpeechBoxHINTList,1,5,歯磨きを忘れると虫歯になる,4,yes,SNR00dB,J_HT1_5_0db.wav,99,yes
24,715,japanese,sentence,SpeechBoxHINTList,1,6,やっと町の明かりが見えてきた,4,yes,SNR00dB,J_HT1_6_0db.wav,99,yes
24,715,japanese,sentence,SpeechBoxHINTList,1,9,窓からぼんやり景色を眺めた,4,yes,SNR00dB,J_HT1_9_0db.wav,99,yes
24,715,japanese,sentence,SpeechBoxHINTList,1,15,お母さんが作るご飯はおいしい,4,yes,SNR00dB,J_HT1_15_0db.wav,99,yes
24,715,japanese,sentence,SpeechBoxHINTList,1,18,子供が悪戯して酷く怒られた,4,yes,SNR00dB,J_HT1_18_0db.wav,99,yes
24,715,japanese,sentence,SpeechBoxHINTList,1,20,汚れた洋服を洗濯しました,3,yes,SNR00dB,J_HT1_20_0db.wav,99,yes
24,715,japanese,sentence,SpeechBoxHINTList,1,21,手紙をもらって返事を書いた,4,yes,SNR00dB,J_HT1_21_0db.wav,99,yes
24,715,japanese,sentence,SpeechBoxHINTList,1,26,おじいちゃんは昔から厳しい人だ,4,yes,SNR00dB,J_HT1_26_0db.wav,99,yes
24,715,japanese,sentence,SpeechBoxHINTList,1,27,苦い薬は今でも嫌いです,4,yes,SNR00dB,J_HT1_27_0db.wav,99,yes
24,715,japanese,sentence,SpeechBoxHINTList,1,29,新しいおもちゃを見せて自慢する,4,yes,SNR00dB,J_HT1_29_0db.wav,99,yes
24,715,japanese,sentence,SpeechBoxHINTList,1,30,突然話題が途切れて困った,4,yes,SNR00dB,J_HT1_30_0db.wav,99,yes
24,715,japanese,sentence,SpeechBoxHINTList,1,32,帰りが遅いと心配になります,4,yes,SNR00dB,J_HT1_32_0db.wav,99,yes
24,715,japanese,sentence,SpeechBoxHINTList,1,33,病院で名前を何度も呼ばれた,4,yes,SNR00dB,J_HT1_33_0db.wav,99,yes
24,715,japanese,sentence,SpeechBoxHINTList,1,35,居眠り運転は大変危険だ,4,yes,SNR05dB,J_HT1_35_5db.wav,75,yes
24,715,japanese,sentence,SpeechBoxHINTList,1,36,枕が高いと首が疲れます,4,yes,SNR05dB,J_HT1_36_5db.wav,99,yes
24,715,japanese,sentence,SpeechBoxHINTList,1,37,険しい山に一人で登った,4,yes,SNR05dB,J_HT1_37_5db.wav,99,yes
24,715,japanese,sentence,SpeechBoxHINTList,1,41,天気予報を聞いてから出かけます,3,yes,SNR05dB,J_HT1_41_5db.wav,99,yes
24,715,japanese,sentence,SpeechBoxHINTList,1,42,映画館の前で待ち合わせする,4,yes,SNR05dB,J_HT1_42_5db.wav,99,yes
24,715,japanese,sentence,SpeechBoxHINTList,1,43,今日は珍しく早く起きました,4,yes,SNR05dB,J_HT1_43_5db.wav,99,yes
24,715,japanese,sentence,SpeechBoxHINTList,1,44,母親の看病で寝不足です,3,yes,SNR05dB,J_HT1_44_5db.wav,99,yes
24,715,japanese,sentence,SpeechBoxHINTList,1,46,小さい頃の写真を見つけた,4,yes,SNR05dB,J_HT1_46_5db.wav,99,yes
24,715,japanese,sentence,SpeechBoxHINTList,1,55,洗濯物が乾いたので取り入れた,3,yes,SNR05dB,J_HT1_55_5db.wav,99,yes
24,715,japanese,sentence,SpeechBoxHINTList,1,57,編み物をしたら肩が凝った,4,yes,SNR05dB,J_HT1_57_5db.wav,99,yes
24,715,japanese,sentence,SpeechBoxHINTList,1,58,足元に注意しながら歩きます,4,yes,SNR05dB,J_HT1_58_5db.wav,99,yes
24,715,japanese,sentence,SpeechBoxHINTList,1,59,眼鏡をかけて新聞を読んだ,4,yes,SNR05dB,J_HT1_59_5db.wav,99,yes
24,715,japanese,sentence,SpeechBoxHINTList,2,1,私は田舎で生まれ育った,4,yes,SNR05dB,J_HT2_1_5db.wav,99,yes
24,715,japanese,sentence,SpeechBoxHINTList,2,4,電車や飛行機で旅行します,3,yes,SNR05dB,J_HT2_4_5db.wav,99,yes
24,715,japanese,sentence,SpeechBoxHINTList,2,6,道に迷って交番で尋ねた,4,yes,SNR05dB,J_HT2_6_5db.wav,99,yes
24,715,japanese,sentence,SpeechBoxHINTList,2,7,大学受験はとても難しい,4,yes,SNR10dB,J_HT2_7_10db.wav,99,yes
24,715,japanese,sentence,SpeechBoxHINTList,2,9,出かける前には戸締りをします,4,yes,SNR10dB,J_HT2_9_10db.wav,99,yes
24,715,japanese,sentence,SpeechBoxHINTList,2,11,悩みを友達によく相談した,4,yes,SNR10dB,J_HT2_11_10db.wav,99,yes
24,715,japanese,sentence,SpeechBoxHINTList,2,13,銀行が近くにあって便利です,4,yes,SNR10dB,J_HT2_13_10db.wav,99,yes
24,715,japanese,sentence,SpeechBoxHINTList,2,15,昔話を聞きながら眠った,3,yes,SNR10dB,J_HT2_15_10db.wav,99,yes
24,715,japanese,sentence,SpeechBoxHINTList,2,20,仕事で帰りが遅くなりました,4,yes,SNR10dB,J_HT2_20_10db.wav,99,yes
24,715,japanese,sentence,SpeechBoxHINTList,2,22,お年寄りには座席を譲ります,3,yes,SNR10dB,J_HT2_22_10db.wav,99,yes
24,715,japanese,sentence,SpeechBoxHINTList,2,23,やかんをひっくり返してやけどした,4,yes,SNR10dB,J_HT2_23_10db.wav,99,yes
24,715,japanese,sentence,SpeechBoxHINTList,2,32,知らない人に親切にされた,4,yes,SNR10dB,J_HT2_32_10db.wav,99,yes
24,715,japanese,sentence,SpeechBoxHINTList,2,34,牧場に黒い羊がいました,4,yes,SNR10dB,J_HT2_34_10db.wav,99,yes
24,715,japanese,sentence,SpeechBoxHINTList,2,36,鉛筆と消しゴムを用意する,3,yes,SNR10dB,J_HT2_36_10db.wav,99,yes
24,715,japanese,sentence,SpeechBoxHINTList,2,38,電車とバスに乗って帰ります,4,yes,SNR10dB,J_HT2_38_10db.wav,99,yes
24,715,japanese,sentence,SpeechBoxHINTList,2,40,道路の真ん中を歩くのは危ない,4,yes,SNR10dB,J_HT2_40_10db.wav,99,yes
24,715,japanese,sentence,SpeechBoxHINTList,2,41,天気が良いので布団を干した,4,yes,SNR10dB,J_HT2_41_10db.wav,99,yes
24,715,japanese,sentence,SpeechBoxHINTList,2,47,隅々まで丁寧に掃除する,4,yes,SNR10dB,J_HT2_47_10db.wav,99,yes
24,715,japanese,sentence,SpeechBoxHINTList,2,48,貰ったおこづかいを全部使った,4,no,quiet,J_HT2_48.wav,99,yes
24,715,japanese,sentence,SpeechBoxHINTList,2,50,郵便局で電気代を振り込む,3,no,quiet,J_HT2_50.wav,99,yes
24,715,japanese,sentence,SpeechBoxHINTList,2,53,病気の原因を詳しく調べた,4,no,quiet,J_HT2_53.wav,99,yes
24,715,japanese,sentence,SpeechBoxHINTList,2,57,みかんの花は白くてかわいい,4,no,quiet,J_HT2_57.wav,99,yes
24,715,japanese,sentence,SpeechBoxHINTList,2,58,泥棒が夜中に忍び込んだ,3,no,quiet,J_HT2_58.wav,99,yes
25,450,japanese,sentence,SpeechBoxHINTList,1,1,朝ご飯を食べて元気に出かけた,4,yes,SNR00dB,J_HT1_1_0db.wav,99,yes
25,450,japanese,sentence,SpeechBoxHINTList,1,3,音楽に合わせて楽しく踊る,4,yes,SNR00dB,J_HT1_3_0db.wav,99,yes
25,450,japanese,sentence,SpeechBoxHINTList,1,5,歯磨きを忘れると虫歯になる,4,yes,SNR00dB,J_HT1_5_0db.wav,99,yes
25,450,japanese,sentence,SpeechBoxHINTList,1,6,やっと町の明かりが見えてきた,4,yes,SNR00dB,J_HT1_6_0db.wav,99,yes
25,450,japanese,sentence,SpeechBoxHINTList,1,9,窓からぼんやり景色を眺めた,4,yes,SNR00dB,J_HT1_9_0db.wav,99,yes
25,450,japanese,sentence,SpeechBoxHINTList,1,15,お母さんが作るご飯はおいしい,4,yes,SNR00dB,J_HT1_15_0db.wav,99,yes
25,450,japanese,sentence,SpeechBoxHINTList,1,18,子供が悪戯して酷く怒られた,4,yes,SNR00dB,J_HT1_18_0db.wav,99,yes
25,450,japanese,sentence,SpeechBoxHINTList,1,20,汚れた洋服を洗濯しました,3,yes,SNR00dB,J_HT1_20_0db.wav,99,yes
25,450,japanese,sentence,SpeechBoxHINTList,1,21,手紙をもらって返事を書いた,4,yes,SNR00dB,J_HT1_21_0db.wav,99,yes
25,450,japanese,sentence,SpeechBoxHINTList,1,26,おじいちゃんは昔から厳しい人だ,4,yes,SNR00dB,J_HT1_26_0db.wav,99,yes
25,450,japanese,sentence,SpeechBoxHINTList,1,27,苦い薬は今でも嫌いです,4,yes,SNR00dB,J_HT1_27_0db.wav,75,yes
25,450,japanese,sentence,SpeechBoxHINTList,1,29,新しいおもちゃを見せて自慢する,4,yes,SNR00dB,J_HT1_29_0db.wav,99,yes
25,450,japanese,sentence,SpeechBoxHINTList,1,30,突然話題が途切れて困った,4,yes,SNR00dB,J_HT1_30_0db.wav,99,yes
25,450,japanese,sentence,SpeechBoxHINTList,1,32,帰りが遅いと心配になります,4,yes,SNR00dB,J_HT1_32_0db.wav,99,yes
25,450,japanese,sentence,SpeechBoxHINTList,1,33,病院で名前を何度も呼ばれた,4,yes,SNR00dB,J_HT1_33_0db.wav,99,yes
25,450,japanese,sentence,SpeechBoxHINTList,1,35,居眠り運転は大変危険だ,4,yes,SNR05dB,J_HT1_35_5db.wav,75,yes
25,450,japanese,sentence,SpeechBoxHINTList,1,36,枕が高いと首が疲れます,4,yes,SNR05dB,J_HT1_36_5db.wav,99,yes
25,450,japanese,sentence,SpeechBoxHINTList,1,37,険しい山に一人で登った,4,yes,SNR05dB,J_HT1_37_5db.wav,99,yes
25,450,japanese,sentence,SpeechBoxHINTList,1,41,天気予報を聞いてから出かけます,3,yes,SNR05dB,J_HT1_41_5db.wav,99,yes
25,450,japanese,sentence,SpeechBoxHINTList,1,42,映画館の前で待ち合わせする,4,yes,SNR05dB,J_HT1_42_5db.wav,99,yes
25,450,japanese,sentence,SpeechBoxHINTList,1,43,今日は珍しく早く起きました,4,yes,SNR05dB,J_HT1_43_5db.wav,99,yes
25,450,japanese,sentence,SpeechBoxHINTList,1,44,母親の看病で寝不足です,3,yes,SNR05dB,J_HT1_44_5db.wav,99,yes
25,450,japanese,sentence,SpeechBoxHINTList,1,46,小さい頃の写真を見つけた,4,yes,SNR05dB,J_HT1_46_5db.wav,99,yes
25,450,japanese,sentence,SpeechBoxHINTList,1,55,洗濯物が乾いたので取り入れた,3,yes,SNR05dB,J_HT1_55_5db.wav,99,yes
25,450,japanese,sentence,SpeechBoxHINTList,1,57,編み物をしたら肩が凝った,4,yes,SNR05dB,J_HT1_57_5db.wav,99,yes
25,450,japanese,sentence,SpeechBoxHINTList,1,58,足元に注意しながら歩きます,4,yes,SNR05dB,J_HT1_58_5db.wav,99,yes
25,450,japanese,sentence,SpeechBoxHINTList,1,59,眼鏡をかけて新聞を読んだ,4,yes,SNR05dB,J_HT1_59_5db.wav,99,yes
25,450,japanese,sentence,SpeechBoxHINTList,2,1,私は田舎で生まれ育った,4,yes,SNR05dB,J_HT2_1_5db.wav,99,yes
25,450,japanese,sentence,SpeechBoxHINTList,2,4,電車や飛行機で旅行します,3,yes,SNR05dB,J_HT2_4_5db.wav,99,yes
25,450,japanese,sentence,SpeechBoxHINTList,2,6,道に迷って交番で尋ねた,4,yes,SNR05dB,J_HT2_6_5db.wav,0,yes
25,450,japanese,sentence,SpeechBoxHINTList,2,7,大学受験はとても難しい,4,yes,SNR10dB,J_HT2_7_10db.wav,99,yes
25,450,japanese,sentence,SpeechBoxHINTList,2,9,出かける前には戸締りをします,4,yes,SNR10dB,J_HT2_9_10db.wav,99,yes
25,450,japanese,sentence,SpeechBoxHINTList,2,11,悩みを友達によく相談した,4,yes,SNR10dB,J_HT2_11_10db.wav,99,yes
25,450,japanese,sentence,SpeechBoxHINTList,2,13,銀行が近くにあって便利です,4,yes,SNR10dB,J_HT2_13_10db.wav,99,yes
25,450,japanese,sentence,SpeechBoxHINTList,2,15,昔話を聞きながら眠った,3,yes,SNR10dB,J_HT2_15_10db.wav,99,yes
25,450,japanese,sentence,SpeechBoxHINTList,2,20,仕事で帰りが遅くなりました,4,yes,SNR10dB,J_HT2_20_10db.wav,99,yes
25,450,japanese,sentence,SpeechBoxHINTList,2,22,お年寄りには座席を譲ります,3,yes,SNR10dB,J_HT2_22_10db.wav,99,yes
25,450,japanese,sentence,SpeechBoxHINTList,2,23,やかんをひっくり返してやけどした,4,yes,SNR10dB,J_HT2_23_10db.wav,99,yes
25,450,japanese,sentence,SpeechBoxHINTList,2,32,知らない人に親切にされた,4,yes,SNR10dB,J_HT2_32_10db.wav,99,yes
25,450,japanese,sentence,SpeechBoxHINTList,2,34,牧場に黒い羊がいました,4,yes,SNR10dB,J_HT2_34_10db.wav,99,yes
25,450,japanese,sentence,SpeechBoxHINTList,2,36,鉛筆と消しゴムを用意する,3,yes,SNR10dB,J_HT2_36_10db.wav,99,yes
25,450,japanese,sentence,SpeechBoxHINTList,2,38,電車とバスに乗って帰ります,4,yes,SNR10dB,J_HT2_38_10db.wav,99,yes
25,450,japanese,sentence,SpeechBoxHINTList,2,40,道路の真ん中を歩くのは危ない,4,yes,SNR10dB,J_HT2_40_10db.wav,99,yes
25,450,japanese,sentence,SpeechBoxHINTList,2,41,天気が良いので布団を干した,4,yes,SNR10dB,J_HT2_41_10db.wav,99,yes
25,450,japanese,sentence,SpeechBoxHINTList,2,47,隅々まで丁寧に掃除する,4,yes,SNR10dB,J_HT2_47_10db.wav,99,yes
25,450,japanese,sentence,SpeechBoxHINTList,2,48,貰ったおこづかいを全部使った,4,no,quiet,J_HT2_48.wav,99,yes
25,450,japanese,sentence,SpeechBoxHINTList,2,50,郵便局で電気代を振り込む,3,no,quiet,J_HT2_50.wav,99,yes
25,450,japanese,sentence,SpeechBoxHINTList,2,53,病気の原因を詳しく調べた,4,no,quiet,J_HT2_53.wav,99,yes
25,450,japanese,sentence,SpeechBoxHINTList,2,57,みかんの花は白くてかわいい,4,no,quiet,J_HT2_57.wav,99,yes
25,450,japanese,sentence,SpeechBoxHINTList,2,58,泥棒が夜中に忍び込んだ,3,no,quiet,J_HT2_58.wav,99,yes
26,800,japanese,sentence,SpeechBoxHINTList,1,1,朝ご飯を食べて元気に出かけた,4,yes,SNR00dB,J_HT1_1_0db.wav,75,yes
26,800,japanese,sentence,SpeechBoxHINTList,1,3,音楽に合わせて楽しく踊る,4,yes,SNR00dB,J_HT1_3_0db.wav,99,yes
26,800,japanese,sentence,SpeechBoxHINTList,1,5,歯磨きを忘れると虫歯になる,4,yes,SNR00dB,J_HT1_5_0db.wav,99,yes
26,800,japanese,sentence,SpeechBoxHINTList,1,6,やっと町の明かりが見えてきた,4,yes,SNR00dB,J_HT1_6_0db.wav,99,yes
26,800,japanese,sentence,SpeechBoxHINTList,1,9,窓からぼんやり景色を眺めた,4,yes,SNR00dB,J_HT1_9_0db.wav,99,yes
26,800,japanese,sentence,SpeechBoxHINTList,1,15,お母さんが作るご飯はおいしい,4,yes,SNR00dB,J_HT1_15_0db.wav,99,yes
26,800,japanese,sentence,SpeechBoxHINTList,1,18,子供が悪戯して酷く怒られた,4,yes,SNR00dB,J_HT1_18_0db.wav,99,yes
26,800,japanese,sentence,SpeechBoxHINTList,1,20,汚れた洋服を洗濯しました,3,yes,SNR00dB,J_HT1_20_0db.wav,99,yes
26,800,japanese,sentence,SpeechBoxHINTList,1,21,手紙をもらって返事を書いた,4,yes,SNR00dB,J_HT1_21_0db.wav,99,yes
26,800,japanese,sentence,SpeechBoxHINTList,1,26,おじいちゃんは昔から厳しい人だ,4,yes,SNR00dB,J_HT1_26_0db.wav,99,yes
26,800,japanese,sentence,SpeechBoxHINTList,1,27,苦い薬は今でも嫌いです,4,yes,SNR00dB,J_HT1_27_0db.wav,99,yes
26,800,japanese,sentence,SpeechBoxHINTList,1,29,新しいおもちゃを見せて自慢する,4,yes,SNR00dB,J_HT1_29_0db.wav,75,yes
26,800,japanese,sentence,SpeechBoxHINTList,1,30,突然話題が途切れて困った,4,yes,SNR00dB,J_HT1_30_0db.wav,99,yes
26,800,japanese,sentence,SpeechBoxHINTList,1,32,帰りが遅いと心配になります,4,yes,SNR00dB,J_HT1_32_0db.wav,99,yes
26,800,japanese,sentence,SpeechBoxHINTList,1,33,病院で名前を何度も呼ばれた,4,yes,SNR00dB,J_HT1_33_0db.wav,99,yes
26,800,japanese,sentence,SpeechBoxHINTList,1,35,居眠り運転は大変危険だ,4,yes,SNR05dB,J_HT1_35_5db.wav,75,yes
26,800,japanese,sentence,SpeechBoxHINTList,1,36,枕が高いと首が疲れます,4,yes,SNR05dB,J_HT1_36_5db.wav,99,yes
26,800,japanese,sentence,SpeechBoxHINTList,1,37,険しい山に一人で登った,4,yes,SNR05dB,J_HT1_37_5db.wav,99,yes
26,800,japanese,sentence,SpeechBoxHINTList,1,41,天気予報を聞いてから出かけます,3,yes,SNR05dB,J_HT1_41_5db.wav,99,yes
26,800,japanese,sentence,SpeechBoxHINTList,1,42,映画館の前で待ち合わせする,4,yes,SNR05dB,J_HT1_42_5db.wav,99,yes
26,800,japanese,sentence,SpeechBoxHINTList,1,43,今日は珍しく早く起きました,4,yes,SNR05dB,J_HT1_43_5db.wav,99,yes
26,800,japanese,sentence,SpeechBoxHINTList,1,44,母親の看病で寝不足です,3,yes,SNR05dB,J_HT1_44_5db.wav,99,yes
26,800,japanese,sentence,SpeechBoxHINTList,1,46,小さい頃の写真を見つけた,4,yes,SNR05dB,J_HT1_46_5db.wav,99,yes
26,800,japanese,sentence,SpeechBoxHINTList,1,55,洗濯物が乾いたので取り入れた,3,yes,SNR05dB,J_HT1_55_5db.wav,99,yes
26,800,japanese,sentence,SpeechBoxHINTList,1,57,編み物をしたら肩が凝った,4,yes,SNR05dB,J_HT1_57_5db.wav,67,yes
26,800,japanese,sentence,SpeechBoxHINTList,1,58,足元に注意しながら歩きます,4,yes,SNR05dB,J_HT1_58_5db.wav,99,yes
26,800,japanese,sentence,SpeechBoxHINTList,1,59,眼鏡をかけて新聞を読んだ,4,yes,SNR05dB,J_HT1_59_5db.wav,99,yes
26,800,japanese,sentence,SpeechBoxHINTList,2,1,私は田舎で生まれ育った,4,yes,SNR05dB,J_HT2_1_5db.wav,99,yes
26,800,japanese,sentence,SpeechBoxHINTList,2,4,電車や飛行機で旅行します,3,yes,SNR05dB,J_HT2_4_5db.wav,99,yes
26,800,japanese,sentence,SpeechBoxHINTList,2,6,道に迷って交番で尋ねた,4,yes,SNR05dB,J_HT2_6_5db.wav,99,yes
26,800,japanese,sentence,SpeechBoxHINTList,2,7,大学受験はとても難しい,4,yes,SNR10dB,J_HT2_7_10db.wav,99,yes
26,800,japanese,sentence,SpeechBoxHINTList,2,9,出かける前には戸締りをします,4,yes,SNR10dB,J_HT2_9_10db.wav,99,yes
26,800,japanese,sentence,SpeechBoxHINTList,2,11,悩みを友達によく相談した,4,yes,SNR10dB,J_HT2_11_10db.wav,99,yes
26,800,japanese,sentence,SpeechBoxHINTList,2,13,銀行が近くにあって便利です,4,yes,SNR10dB,J_HT2_13_10db.wav,99,yes
26,800,japanese,sentence,SpeechBoxHINTList,2,15,昔話を聞きながら眠った,3,yes,SNR10dB,J_HT2_15_10db.wav,99,yes
26,800,japanese,sentence,SpeechBoxHINTList,2,20,仕事で帰りが遅くなりました,4,yes,SNR10dB,J_HT2_20_10db.wav,99,yes
26,800,japanese,sentence,SpeechBoxHINTList,2,22,お年寄りには座席を譲ります,3,yes,SNR10dB,J_HT2_22_10db.wav,99,yes
26,800,japanese,sentence,SpeechBoxHINTList,2,23,やかんをひっくり返してやけどした,4,yes,SNR10dB,J_HT2_23_10db.wav,99,yes
26,800,japanese,sentence,SpeechBoxHINTList,2,32,知らない人に親切にされた,4,yes,SNR10dB,J_HT2_32_10db.wav,99,yes
26,800,japanese,sentence,SpeechBoxHINTList,2,34,牧場に黒い羊がいました,4,yes,SNR10dB,J_HT2_34_10db.wav,99,yes
26,800,japanese,sentence,SpeechBoxHINTList,2,36,鉛筆と消しゴムを用意する,3,yes,SNR10dB,J_HT2_36_10db.wav,99,yes
26,800,japanese,sentence,SpeechBoxHINTList,2,38,電車とバスに乗って帰ります,4,yes,SNR10dB,J_HT2_38_10db.wav,99,yes
26,800,japanese,sentence,SpeechBoxHINTList,2,40,道路の真ん中を歩くのは危ない,4,yes,SNR10dB,J_HT2_40_10db.wav,99,yes
26,800,japanese,sentence,SpeechBoxHINTList,2,41,天気が良いので布団を干した,4,yes,SNR10dB,J_HT2_41_10db.wav,99,yes
26,800,japanese,sentence,SpeechBoxHINTList,2,47,隅々まで丁寧に掃除する,4,yes,SNR10dB,J_HT2_47_10db.wav,99,yes
26,800,japanese,sentence,SpeechBoxHINTList,2,48,貰ったおこづかいを全部使った,4,no,quiet,J_HT2_48.wav,99,yes
26,800,japanese,sentence,SpeechBoxHINTList,2,50,郵便局で電気代を振り込む,3,no,quiet,J_HT2_50.wav,99,yes
26,800,japanese,sentence,SpeechBoxHINTList,2,53,病気の原因を詳しく調べた,4,no,quiet,J_HT2_53.wav,99,yes
26,800,japanese,sentence,SpeechBoxHINTList,2,57,みかんの花は白くてかわいい,4,no,quiet,J_HT2_57.wav,99,yes
26,800,japanese,sentence,SpeechBoxHINTList,2,58,泥棒が夜中に忍び込んだ,3,no,quiet,J_HT2_58.wav,99,yes
27,635,japanese,sentence,SpeechBoxHINTList,1,1,朝ご飯を食べて元気に出かけた,4,yes,SNR00dB,J_HT1_1_0db.wav,99,yes
27,635,japanese,sentence,SpeechBoxHINTList,1,3,音楽に合わせて楽しく踊る,4,yes,SNR00dB,J_HT1_3_0db.wav,99,yes
27,635,japanese,sentence,SpeechBoxHINTList,1,5,歯磨きを忘れると虫歯になる,4,yes,SNR00dB,J_HT1_5_0db.wav,99,yes
27,635,japanese,sentence,SpeechBoxHINTList,1,6,やっと町の明かりが見えてきた,4,yes,SNR00dB,J_HT1_6_0db.wav,99,yes
27,635,japanese,sentence,SpeechBoxHINTList,1,9,窓からぼんやり景色を眺めた,4,yes,SNR00dB,J_HT1_9_0db.wav,99,yes
27,635,japanese,sentence,SpeechBoxHINTList,1,15,お母さんが作るご飯はおいしい,4,yes,SNR00dB,J_HT1_15_0db.wav,99,yes
27,635,japanese,sentence,SpeechBoxHINTList,1,18,子供が悪戯して酷く怒られた,4,yes,SNR00dB,J_HT1_18_0db.wav,99,yes
27,635,japanese,sentence,SpeechBoxHINTList,1,20,汚れた洋服を洗濯しました,3,yes,SNR00dB,J_HT1_20_0db.wav,99,yes
27,635,japanese,sentence,SpeechBoxHINTList,1,21,手紙をもらって返事を書いた,4,yes,SNR00dB,J_HT1_21_0db.wav,99,yes
27,635,japanese,sentence,SpeechBoxHINTList,1,26,おじいちゃんは昔から厳しい人だ,4,yes,SNR00dB,J_HT1_26_0db.wav,99,yes
27,635,japanese,sentence,SpeechBoxHINTList,1,27,苦い薬は今でも嫌いです,4,yes,SNR00dB,J_HT1_27_0db.wav,99,yes
27,635,japanese,sentence,SpeechBoxHINTList,1,29,新しいおもちゃを見せて自慢する,4,yes,SNR00dB,J_HT1_29_0db.wav,99,yes
27,635,japanese,sentence,SpeechBoxHINTList,1,30,突然話題が途切れて困った,4,yes,SNR00dB,J_HT1_30_0db.wav,99,yes
27,635,japanese,sentence,SpeechBoxHINTList,1,32,帰りが遅いと心配になります,4,yes,SNR00dB,J_HT1_32_0db.wav,99,yes
27,635,japanese,sentence,SpeechBoxHINTList,1,33,病院で名前を何度も呼ばれた,4,yes,SNR00dB,J_HT1_33_0db.wav,99,yes
27,635,japanese,sentence,SpeechBoxHINTList,1,35,居眠り運転は大変危険だ,4,yes,SNR05dB,J_HT1_35_5db.wav,75,yes
27,635,japanese,sentence,SpeechBoxHINTList,1,36,枕が高いと首が疲れます,4,yes,SNR05dB,J_HT1_36_5db.wav,99,yes
27,635,japanese,sentence,SpeechBoxHINTList,1,37,険しい山に一人で登った,4,yes,SNR05dB,J_HT1_37_5db.wav,99,yes
27,635,japanese,sentence,SpeechBoxHINTList,1,41,天気予報を聞いてから出かけます,3,yes,SNR05dB,J_HT1_41_5db.wav,99,yes
27,635,japanese,sentence,SpeechBoxHINTList,1,42,映画館の前で待ち合わせする,4,yes,SNR05dB,J_HT1_42_5db.wav,99,yes
27,635,japanese,sentence,SpeechBoxHINTList,1,43,今日は珍しく早く起きました,4,yes,SNR05dB,J_HT1_43_5db.wav,99,yes
27,635,japanese,sentence,SpeechBoxHINTList,1,44,母親の看病で寝不足です,3,yes,SNR05dB,J_HT1_44_5db.wav,99,yes
27,635,japanese,sentence,SpeechBoxHINTList,1,46,小さい頃の写真を見つけた,4,yes,SNR05dB,J_HT1_46_5db.wav,99,yes
27,635,japanese,sentence,SpeechBoxHINTList,1,55,洗濯物が乾いたので取り入れた,3,yes,SNR05dB,J_HT1_55_5db.wav,99,yes
27,635,japanese,sentence,SpeechBoxHINTList,1,57,編み物をしたら肩が凝った,4,yes,SNR05dB,J_HT1_57_5db.wav,99,yes
27,635,japanese,sentence,SpeechBoxHINTList,1,58,足元に注意しながら歩きます,4,yes,SNR05dB,J_HT1_58_5db.wav,99,yes
27,635,japanese,sentence,SpeechBoxHINTList,1,59,眼鏡をかけて新聞を読んだ,4,yes,SNR05dB,J_HT1_59_5db.wav,99,yes
27,635,japanese,sentence,SpeechBoxHINTList,2,1,私は田舎で生まれ育った,4,yes,SNR05dB,J_HT2_1_5db.wav,99,yes
27,635,japanese,sentence,SpeechBoxHINTList,2,4,電車や飛行機で旅行します,3,yes,SNR05dB,J_HT2_4_5db.wav,99,yes
27,635,japanese,sentence,SpeechBoxHINTList,2,6,道に迷って交番で尋ねた,4,yes,SNR05dB,J_HT2_6_5db.wav,99,yes
27,635,japanese,sentence,SpeechBoxHINTList,2,7,大学受験はとても難しい,4,yes,SNR10dB,J_HT2_7_10db.wav,99,yes
27,635,japanese,sentence,SpeechBoxHINTList,2,9,出かける前には戸締りをします,4,yes,SNR10dB,J_HT2_9_10db.wav,99,yes
27,635,japanese,sentence,SpeechBoxHINTList,2,11,悩みを友達によく相談した,4,yes,SNR10dB,J_HT2_11_10db.wav,99,yes
27,635,japanese,sentence,SpeechBoxHINTList,2,13,銀行が近くにあって便利です,4,yes,SNR10dB,J_HT2_13_10db.wav,99,yes
27,635,japanese,sentence,SpeechBoxHINTList,2,15,昔話を聞きながら眠った,3,yes,SNR10dB,J_HT2_15_10db.wav,99,yes
27,635,japanese,sentence,SpeechBoxHINTList,2,20,仕事で帰りが遅くなりました,4,yes,SNR10dB,J_HT2_20_10db.wav,99,yes
27,635,japanese,sentence,SpeechBoxHINTList,2,22,お年寄りには座席を譲ります,3,yes,SNR10dB,J_HT2_22_10db.wav,99,yes
27,635,japanese,sentence,SpeechBoxHINTList,2,23,やかんをひっくり返してやけどした,4,yes,SNR10dB,J_HT2_23_10db.wav,99,yes
27,635,japanese,sentence,SpeechBoxHINTList,2,32,知らない人に親切にされた,4,yes,SNR10dB,J_HT2_32_10db.wav,99,yes
27,635,japanese,sentence,SpeechBoxHINTList,2,34,牧場に黒い羊がいました,4,yes,SNR10dB,J_HT2_34_10db.wav,99,yes
27,635,japanese,sentence,SpeechBoxHINTList,2,36,鉛筆と消しゴムを用意する,3,yes,SNR10dB,J_HT2_36_10db.wav,99,yes
27,635,japanese,sentence,SpeechBoxHINTList,2,38,電車とバスに乗って帰ります,4,yes,SNR10dB,J_HT2_38_10db.wav,99,yes
27,635,japanese,sentence,SpeechBoxHINTList,2,40,道路の真ん中を歩くのは危ない,4,yes,SNR10dB,J_HT2_40_10db.wav,99,yes
27,635,japanese,sentence,SpeechBoxHINTList,2,41,天気が良いので布団を干した,4,yes,SNR10dB,J_HT2_41_10db.wav,99,yes
27,635,japanese,sentence,SpeechBoxHINTList,2,47,隅々まで丁寧に掃除する,4,yes,SNR10dB,J_HT2_47_10db.wav,99,yes
27,635,japanese,sentence,SpeechBoxHINTList,2,48,貰ったおこづかいを全部使った,4,no,quiet,J_HT2_48.wav,99,yes
27,635,japanese,sentence,SpeechBoxHINTList,2,50,郵便局で電気代を振り込む,3,no,quiet,J_HT2_50.wav,99,yes
27,635,japanese,sentence,SpeechBoxHINTList,2,53,病気の原因を詳しく調べた,4,no,quiet,J_HT2_53.wav,99,yes
27,635,japanese,sentence,SpeechBoxHINTList,2,57,みかんの花は白くてかわいい,4,no,quiet,J_HT2_57.wav,99,yes
27,635,japanese,sentence,SpeechBoxHINTList,2,58,泥棒が夜中に忍び込んだ,3,no,quiet,J_HT2_58.wav,99,yes
28,650,japanese,sentence,SpeechBoxHINTList,1,1,朝ご飯を食べて元気に出かけた,4,yes,SNR00dB,J_HT1_1_0db.wav,25,yes
28,650,japanese,sentence,SpeechBoxHINTList,1,3,音楽に合わせて楽しく踊る,4,yes,SNR00dB,J_HT1_3_0db.wav,99,yes
28,650,japanese,sentence,SpeechBoxHINTList,1,5,歯磨きを忘れると虫歯になる,4,yes,SNR00dB,J_HT1_5_0db.wav,99,yes
28,650,japanese,sentence,SpeechBoxHINTList,1,6,やっと町の明かりが見えてきた,4,yes,SNR00dB,J_HT1_6_0db.wav,75,yes
28,650,japanese,sentence,SpeechBoxHINTList,1,9,窓からぼんやり景色を眺めた,4,yes,SNR00dB,J_HT1_9_0db.wav,75,yes
28,650,japanese,sentence,SpeechBoxHINTList,1,15,お母さんが作るご飯はおいしい,4,yes,SNR00dB,J_HT1_15_0db.wav,99,yes
28,650,japanese,sentence,SpeechBoxHINTList,1,18,子供が悪戯して酷く怒られた,4,yes,SNR00dB,J_HT1_18_0db.wav,99,yes
28,650,japanese,sentence,SpeechBoxHINTList,1,20,汚れた洋服を洗濯しました,3,yes,SNR00dB,J_HT1_20_0db.wav,99,yes
28,650,japanese,sentence,SpeechBoxHINTList,1,21,手紙をもらって返事を書いた,4,yes,SNR00dB,J_HT1_21_0db.wav,99,yes
28,650,japanese,sentence,SpeechBoxHINTList,1,26,おじいちゃんは昔から厳しい人だ,4,yes,SNR00dB,J_HT1_26_0db.wav,99,yes
28,650,japanese,sentence,SpeechBoxHINTList,1,27,苦い薬は今でも嫌いです,4,yes,SNR00dB,J_HT1_27_0db.wav,99,yes
28,650,japanese,sentence,SpeechBoxHINTList,1,29,新しいおもちゃを見せて自慢する,4,yes,SNR00dB,J_HT1_29_0db.wav,99,yes
28,650,japanese,sentence,SpeechBoxHINTList,1,30,突然話題が途切れて困った,4,yes,SNR00dB,J_HT1_30_0db.wav,75,yes
28,650,japanese,sentence,SpeechBoxHINTList,1,32,帰りが遅いと心配になります,4,yes,SNR00dB,J_HT1_32_0db.wav,99,yes
28,650,japanese,sentence,SpeechBoxHINTList,1,33,病院で名前を何度も呼ばれた,4,yes,SNR00dB,J_HT1_33_0db.wav,99,yes
28,650,japanese,sentence,SpeechBoxHINTList,1,35,居眠り運転は大変危険だ,4,yes,SNR05dB,J_HT1_35_5db.wav,75,yes
28,650,japanese,sentence,SpeechBoxHINTList,1,36,枕が高いと首が疲れます,4,yes,SNR05dB,J_HT1_36_5db.wav,99,yes
28,650,japanese,sentence,SpeechBoxHINTList,1,37,険しい山に一人で登った,4,yes,SNR05dB,J_HT1_37_5db.wav,99,yes
28,650,japanese,sentence,SpeechBoxHINTList,1,41,天気予報を聞いてから出かけます,3,yes,SNR05dB,J_HT1_41_5db.wav,99,yes
28,650,japanese,sentence,SpeechBoxHINTList,1,42,映画館の前で待ち合わせする,4,yes,SNR05dB,J_HT1_42_5db.wav,99,yes
28,650,japanese,sentence,SpeechBoxHINTList,1,43,今日は珍しく早く起きました,4,yes,SNR05dB,J_HT1_43_5db.wav,99,yes
28,650,japanese,sentence,SpeechBoxHINTList,1,44,母親の看病で寝不足です,3,yes,SNR05dB,J_HT1_44_5db.wav,99,yes
28,650,japanese,sentence,SpeechBoxHINTList,1,46,小さい頃の写真を見つけた,4,yes,SNR05dB,J_HT1_46_5db.wav,99,yes
28,650,japanese,sentence,SpeechBoxHINTList,1,55,洗濯物が乾いたので取り入れた,3,yes,SNR05dB,J_HT1_55_5db.wav,99,yes
28,650,japanese,sentence,SpeechBoxHINTList,1,57,編み物をしたら肩が凝った,4,yes,SNR05dB,J_HT1_57_5db.wav,99,yes
28,650,japanese,sentence,SpeechBoxHINTList,1,58,足元に注意しながら歩きます,4,yes,SNR05dB,J_HT1_58_5db.wav,99,yes
28,650,japanese,sentence,SpeechBoxHINTList,1,59,眼鏡をかけて新聞を読んだ,4,yes,SNR05dB,J_HT1_59_5db.wav,99,yes
28,650,japanese,sentence,SpeechBoxHINTList,2,1,私は田舎で生まれ育った,4,yes,SNR05dB,J_HT2_1_5db.wav,99,yes
28,650,japanese,sentence,SpeechBoxHINTList,2,4,電車や飛行機で旅行します,3,yes,SNR05dB,J_HT2_4_5db.wav,99,yes
28,650,japanese,sentence,SpeechBoxHINTList,2,6,道に迷って交番で尋ねた,4,yes,SNR05dB,J_HT2_6_5db.wav,99,yes
28,650,japanese,sentence,SpeechBoxHINTList,2,7,大学受験はとても難しい,4,yes,SNR10dB,J_HT2_7_10db.wav,99,yes
28,650,japanese,sentence,SpeechBoxHINTList,2,9,出かける前には戸締りをします,4,yes,SNR10dB,J_HT2_9_10db.wav,99,yes
28,650,japanese,sentence,SpeechBoxHINTList,2,11,悩みを友達によく相談した,4,yes,SNR10dB,J_HT2_11_10db.wav,99,yes
28,650,japanese,sentence,SpeechBoxHINTList,2,13,銀行が近くにあって便利です,4,yes,SNR10dB,J_HT2_13_10db.wav,99,yes
28,650,japanese,sentence,SpeechBoxHINTList,2,15,昔話を聞きながら眠った,3,yes,SNR10dB,J_HT2_15_10db.wav,99,yes
28,650,japanese,sentence,SpeechBoxHINTList,2,20,仕事で帰りが遅くなりました,4,yes,SNR10dB,J_HT2_20_10db.wav,99,yes
28,650,japanese,sentence,SpeechBoxHINTList,2,22,お年寄りには座席を譲ります,3,yes,SNR10dB,J_HT2_22_10db.wav,99,yes
28,650,japanese,sentence,SpeechBoxHINTList,2,23,やかんをひっくり返してやけどした,4,yes,SNR10dB,J_HT2_23_10db.wav,99,yes
28,650,japanese,sentence,SpeechBoxHINTList,2,32,知らない人に親切にされた,4,yes,SNR10dB,J_HT2_32_10db.wav,99,yes
28,650,japanese,sentence,SpeechBoxHINTList,2,34,牧場に黒い羊がいました,4,yes,SNR10dB,J_HT2_34_10db.wav,99,yes
28,650,japanese,sentence,SpeechBoxHINTList,2,36,鉛筆と消しゴムを用意する,3,yes,SNR10dB,J_HT2_36_10db.wav,99,yes
28,650,japanese,sentence,SpeechBoxHINTList,2,38,電車とバスに乗って帰ります,4,yes,SNR10dB,J_HT2_38_10db.wav,99,yes
28,650,japanese,sentence,SpeechBoxHINTList,2,40,道路の真ん中を歩くのは危ない,4,yes,SNR10dB,J_HT2_40_10db.wav,99,yes
28,650,japanese,sentence,SpeechBoxHINTList,2,41,天気が良いので布団を干した,4,yes,SNR10dB,J_HT2_41_10db.wav,99,yes
28,650,japanese,sentence,SpeechBoxHINTList,2,47,隅々まで丁寧に掃除する,4,yes,SNR10dB,J_HT2_47_10db.wav,99,yes
28,650,japanese,sentence,SpeechBoxHINTList,2,48,貰ったおこづかいを全部使った,4,no,quiet,J_HT2_48.wav,99,yes
28,650,japanese,sentence,SpeechBoxHINTList,2,50,郵便局で電気代を振り込む,3,no,quiet,J_HT2_50.wav,99,yes
28,650,japanese,sentence,SpeechBoxHINTList,2,53,病気の原因を詳しく調べた,4,no,quiet,J_HT2_53.wav,99,yes
28,650,japanese,sentence,SpeechBoxHINTList,2,57,みかんの花は白くてかわいい,4,no,quiet,J_HT2_57.wav,99,yes
28,650,japanese,sentence,SpeechBoxHINTList,2,58,泥棒が夜中に忍び込んだ,3,no,quiet,J_HT2_58.wav,99,yes
29,600,japanese,sentence,SpeechBoxHINTList,1,1,朝ご飯を食べて元気に出かけた,4,yes,SNR00dB,J_HT1_1_0db.wav,75,yes
29,600,japanese,sentence,SpeechBoxHINTList,1,3,音楽に合わせて楽しく踊る,4,yes,SNR00dB,J_HT1_3_0db.wav,99,yes
29,600,japanese,sentence,SpeechBoxHINTList,1,5,歯磨きを忘れると虫歯になる,4,yes,SNR00dB,J_HT1_5_0db.wav,99,yes
29,600,japanese,sentence,SpeechBoxHINTList,1,6,やっと町の明かりが見えてきた,4,yes,SNR00dB,J_HT1_6_0db.wav,99,yes
29,600,japanese,sentence,SpeechBoxHINTList,1,9,窓からぼんやり景色を眺めた,4,yes,SNR00dB,J_HT1_9_0db.wav,99,yes
29,600,japanese,sentence,SpeechBoxHINTList,1,15,お母さんが作るご飯はおいしい,4,yes,SNR00dB,J_HT1_15_0db.wav,99,yes
29,600,japanese,sentence,SpeechBoxHINTList,1,18,子供が悪戯して酷く怒られた,4,yes,SNR00dB,J_HT1_18_0db.wav,50,yes
29,600,japanese,sentence,SpeechBoxHINTList,1,20,汚れた洋服を洗濯しました,3,yes,SNR00dB,J_HT1_20_0db.wav,99,yes
29,600,japanese,sentence,SpeechBoxHINTList,1,21,手紙をもらって返事を書いた,4,yes,SNR00dB,J_HT1_21_0db.wav,99,yes
29,600,japanese,sentence,SpeechBoxHINTList,1,26,おじいちゃんは昔から厳しい人だ,4,yes,SNR00dB,J_HT1_26_0db.wav,99,yes
29,600,japanese,sentence,SpeechBoxHINTList,1,27,苦い薬は今でも嫌いです,4,yes,SNR00dB,J_HT1_27_0db.wav,99,yes
29,600,japanese,sentence,SpeechBoxHINTList,1,29,新しいおもちゃを見せて自慢する,4,yes,SNR00dB,J_HT1_29_0db.wav,99,yes
29,600,japanese,sentence,SpeechBoxHINTList,1,30,突然話題が途切れて困った,4,yes,SNR00dB,J_HT1_30_0db.wav,99,yes
29,600,japanese,sentence,SpeechBoxHINTList,1,32,帰りが遅いと心配になります,4,yes,SNR00dB,J_HT1_32_0db.wav,99,yes
29,600,japanese,sentence,SpeechBoxHINTList,1,33,病院で名前を何度も呼ばれた,4,yes,SNR00dB,J_HT1_33_0db.wav,99,yes
29,600,japanese,sentence,SpeechBoxHINTList,1,35,居眠り運転は大変危険だ,4,yes,SNR05dB,J_HT1_35_5db.wav,75,yes
29,600,japanese,sentence,SpeechBoxHINTList,1,36,枕が高いと首が疲れます,4,yes,SNR05dB,J_HT1_36_5db.wav,99,yes
29,600,japanese,sentence,SpeechBoxHINTList,1,37,険しい山に一人で登った,4,yes,SNR05dB,J_HT1_37_5db.wav,99,yes
29,600,japanese,sentence,SpeechBoxHINTList,1,41,天気予報を聞いてから出かけます,3,yes,SNR05dB,J_HT1_41_5db.wav,99,yes
29,600,japanese,sentence,SpeechBoxHINTList,1,42,映画館の前で待ち合わせする,4,yes,SNR05dB,J_HT1_42_5db.wav,99,yes
29,600,japanese,sentence,SpeechBoxHINTList,1,43,今日は珍しく早く起きました,4,yes,SNR05dB,J_HT1_43_5db.wav,99,yes
29,600,japanese,sentence,SpeechBoxHINTList,1,44,母親の看病で寝不足です,3,yes,SNR05dB,J_HT1_44_5db.wav,99,yes
29,600,japanese,sentence,SpeechBoxHINTList,1,46,小さい頃の写真を見つけた,4,yes,SNR05dB,J_HT1_46_5db.wav,99,yes
29,600,japanese,sentence,SpeechBoxHINTList,1,55,洗濯物が乾いたので取り入れた,3,yes,SNR05dB,J_HT1_55_5db.wav,0,yes
29,600,japanese,sentence,SpeechBoxHINTList,1,57,編み物をしたら肩が凝った,4,yes,SNR05dB,J_HT1_57_5db.wav,99,yes
29,600,japanese,sentence,SpeechBoxHINTList,1,58,足元に注意しながら歩きます,4,yes,SNR05dB,J_HT1_58_5db.wav,99,yes
29,600,japanese,sentence,SpeechBoxHINTList,1,59,眼鏡をかけて新聞を読んだ,4,yes,SNR05dB,J_HT1_59_5db.wav,99,yes
29,600,japanese,sentence,SpeechBoxHINTList,2,1,私は田舎で生まれ育った,4,yes,SNR05dB,J_HT2_1_5db.wav,99,yes
29,600,japanese,sentence,SpeechBoxHINTList,2,4,電車や飛行機で旅行します,3,yes,SNR05dB,J_HT2_4_5db.wav,99,yes
29,600,japanese,sentence,SpeechBoxHINTList,2,6,道に迷って交番で尋ねた,4,yes,SNR05dB,J_HT2_6_5db.wav,99,yes
29,600,japanese,sentence,SpeechBoxHINTList,2,7,大学受験はとても難しい,4,yes,SNR10dB,J_HT2_7_10db.wav,99,yes
29,600,japanese,sentence,SpeechBoxHINTList,2,9,出かける前には戸締りをします,4,yes,SNR10dB,J_HT2_9_10db.wav,99,yes
29,600,japanese,sentence,SpeechBoxHINTList,2,11,悩みを友達によく相談した,4,yes,SNR10dB,J_HT2_11_10db.wav,99,yes
29,600,japanese,sentence,SpeechBoxHINTList,2,13,銀行が近くにあって便利です,4,yes,SNR10dB,J_HT2_13_10db.wav,99,yes
29,600,japanese,sentence,SpeechBoxHINTList,2,15,昔話を聞きながら眠った,3,yes,SNR10dB,J_HT2_15_10db.wav,99,yes
29,600,japanese,sentence,SpeechBoxHINTList,2,20,仕事で帰りが遅くなりました,4,yes,SNR10dB,J_HT2_20_10db.wav,99,yes
29,600,japanese,sentence,SpeechBoxHINTList,2,22,お年寄りには座席を譲ります,3,yes,SNR10dB,J_HT2_22_10db.wav,99,yes
29,600,japanese,sentence,SpeechBoxHINTList,2,23,やかんをひっくり返してやけどした,4,yes,SNR10dB,J_HT2_23_10db.wav,99,yes
29,600,japanese,sentence,SpeechBoxHINTList,2,32,知らない人に親切にされた,4,yes,SNR10dB,J_HT2_32_10db.wav,99,yes
29,600,japanese,sentence,SpeechBoxHINTList,2,34,牧場に黒い羊がいました,4,yes,SNR10dB,J_HT2_34_10db.wav,99,yes
29,600,japanese,sentence,SpeechBoxHINTList,2,36,鉛筆と消しゴムを用意する,3,yes,SNR10dB,J_HT2_36_10db.wav,99,yes
29,600,japanese,sentence,SpeechBoxHINTList,2,38,電車とバスに乗って帰ります,4,yes,SNR10dB,J_HT2_38_10db.wav,99,yes
29,600,japanese,sentence,SpeechBoxHINTList,2,40,道路の真ん中を歩くのは危ない,4,yes,SNR10dB,J_HT2_40_10db.wav,99,yes
29,600,japanese,sentence,SpeechBoxHINTList,2,41,天気が良いので布団を干した,4,yes,SNR10dB,J_HT2_41_10db.wav,99,yes
29,600,japanese,sentence,SpeechBoxHINTList,2,47,隅々まで丁寧に掃除する,4,yes,SNR10dB,J_HT2_47_10db.wav,99,yes
29,600,japanese,sentence,SpeechBoxHINTList,2,48,貰ったおこづかいを全部使った,4,no,quiet,J_HT2_48.wav,99,yes
29,600,japanese,sentence,SpeechBoxHINTList,2,50,郵便局で電気代を振り込む,3,no,quiet,J_HT2_50.wav,99,yes
29,600,japanese,sentence,SpeechBoxHINTList,2,53,病気の原因を詳しく調べた,4,no,quiet,J_HT2_53.wav,99,yes
29,600,japanese,sentence,SpeechBoxHINTList,2,57,みかんの花は白くてかわいい,4,no,quiet,J_HT2_57.wav,99,yes
29,600,japanese,sentence,SpeechBoxHINTList,2,58,泥棒が夜中に忍び込んだ,3,no,quiet,J_HT2_58.wav,99,yes
30,420,japanese,sentence,SpeechBoxHINTList,1,1,朝ご飯を食べて元気に出かけた,4,yes,SNR00dB,J_HT1_1_0db.wav,75,yes
30,420,japanese,sentence,SpeechBoxHINTList,1,3,音楽に合わせて楽しく踊る,4,yes,SNR00dB,J_HT1_3_0db.wav,99,yes
30,420,japanese,sentence,SpeechBoxHINTList,1,5,歯磨きを忘れると虫歯になる,4,yes,SNR00dB,J_HT1_5_0db.wav,99,yes
30,420,japanese,sentence,SpeechBoxHINTList,1,6,やっと町の明かりが見えてきた,4,yes,SNR00dB,J_HT1_6_0db.wav,99,yes
30,420,japanese,sentence,SpeechBoxHINTList,1,9,窓からぼんやり景色を眺めた,4,yes,SNR00dB,J_HT1_9_0db.wav,99,yes
30,420,japanese,sentence,SpeechBoxHINTList,1,15,お母さんが作るご飯はおいしい,4,yes,SNR00dB,J_HT1_15_0db.wav,99,yes
30,420,japanese,sentence,SpeechBoxHINTList,1,18,子供が悪戯して酷く怒られた,4,yes,SNR00dB,J_HT1_18_0db.wav,99,yes
30,420,japanese,sentence,SpeechBoxHINTList,1,20,汚れた洋服を洗濯しました,3,yes,SNR00dB,J_HT1_20_0db.wav,99,yes
30,420,japanese,sentence,SpeechBoxHINTList,1,21,手紙をもらって返事を書いた,4,yes,SNR00dB,J_HT1_21_0db.wav,99,yes
30,420,japanese,sentence,SpeechBoxHINTList,1,26,おじいちゃんは昔から厳しい人だ,4,yes,SNR00dB,J_HT1_26_0db.wav,99,yes
30,420,japanese,sentence,SpeechBoxHINTList,1,27,苦い薬は今でも嫌いです,4,yes,SNR00dB,J_HT1_27_0db.wav,99,yes
30,420,japanese,sentence,SpeechBoxHINTList,1,29,新しいおもちゃを見せて自慢する,4,yes,SNR00dB,J_HT1_29_0db.wav,99,yes
30,420,japanese,sentence,SpeechBoxHINTList,1,30,突然話題が途切れて困った,4,yes,SNR00dB,J_HT1_30_0db.wav,99,yes
30,420,japanese,sentence,SpeechBoxHINTList,1,32,帰りが遅いと心配になります,4,yes,SNR00dB,J_HT1_32_0db.wav,99,yes
30,420,japanese,sentence,SpeechBoxHINTList,1,33,病院で名前を何度も呼ばれた,4,yes,SNR00dB,J_HT1_33_0db.wav,75,yes
30,420,japanese,sentence,SpeechBoxHINTList,1,35,居眠り運転は大変危険だ,4,yes,SNR05dB,J_HT1_35_5db.wav,75,yes
30,420,japanese,sentence,SpeechBoxHINTList,1,36,枕が高いと首が疲れます,4,yes,SNR05dB,J_HT1_36_5db.wav,99,yes
30,420,japanese,sentence,SpeechBoxHINTList,1,37,険しい山に一人で登った,4,yes,SNR05dB,J_HT1_37_5db.wav,99,yes
30,420,japanese,sentence,SpeechBoxHINTList,1,41,天気予報を聞いてから出かけます,3,yes,SNR05dB,J_HT1_41_5db.wav,99,yes
30,420,japanese,sentence,SpeechBoxHINTList,1,42,映画館の前で待ち合わせする,4,yes,SNR05dB,J_HT1_42_5db.wav,99,yes
30,420,japanese,sentence,SpeechBoxHINTList,1,43,今日は珍しく早く起きました,4,yes,SNR05dB,J_HT1_43_5db.wav,99,yes
30,420,japanese,sentence,SpeechBoxHINTList,1,44,母親の看病で寝不足です,3,yes,SNR05dB,J_HT1_44_5db.wav,99,yes
30,420,japanese,sentence,SpeechBoxHINTList,1,46,小さい頃の写真を見つけた,4,yes,SNR05dB,J_HT1_46_5db.wav,99,yes
30,420,japanese,sentence,SpeechBoxHINTList,1,55,洗濯物が乾いたので取り入れた,3,yes,SNR05dB,J_HT1_55_5db.wav,99,yes
30,420,japanese,sentence,SpeechBoxHINTList,1,57,編み物をしたら肩が凝った,4,yes,SNR05dB,J_HT1_57_5db.wav,99,yes
30,420,japanese,sentence,SpeechBoxHINTList,1,58,足元に注意しながら歩きます,4,yes,SNR05dB,J_HT1_58_5db.wav,99,yes
30,420,japanese,sentence,SpeechBoxHINTList,1,59,眼鏡をかけて新聞を読んだ,4,yes,SNR05dB,J_HT1_59_5db.wav,99,yes
30,420,japanese,sentence,SpeechBoxHINTList,2,1,私は田舎で生まれ育った,4,yes,SNR05dB,J_HT2_1_5db.wav,99,yes
30,420,japanese,sentence,SpeechBoxHINTList,2,4,電車や飛行機で旅行します,3,yes,SNR05dB,J_HT2_4_5db.wav,99,yes
30,420,japanese,sentence,SpeechBoxHINTList,2,6,道に迷って交番で尋ねた,4,yes,SNR05dB,J_HT2_6_5db.wav,99,yes
30,420,japanese,sentence,SpeechBoxHINTList,2,7,大学受験はとても難しい,4,yes,SNR10dB,J_HT2_7_10db.wav,99,yes
30,420,japanese,sentence,SpeechBoxHINTList,2,9,出かける前には戸締りをします,4,yes,SNR10dB,J_HT2_9_10db.wav,99,yes
30,420,japanese,sentence,SpeechBoxHINTList,2,11,悩みを友達によく相談した,4,yes,SNR10dB,J_HT2_11_10db.wav,99,yes
30,420,japanese,sentence,SpeechBoxHINTList,2,13,銀行が近くにあって便利です,4,yes,SNR10dB,J_HT2_13_10db.wav,99,yes
30,420,japanese,sentence,SpeechBoxHINTList,2,15,昔話を聞きながら眠った,3,yes,SNR10dB,J_HT2_15_10db.wav,99,yes
30,420,japanese,sentence,SpeechBoxHINTList,2,20,仕事で帰りが遅くなりました,4,yes,SNR10dB,J_HT2_20_10db.wav,99,yes
30,420,japanese,sentence,SpeechBoxHINTList,2,22,お年寄りには座席を譲ります,3,yes,SNR10dB,J_HT2_22_10db.wav,99,yes
30,420,japanese,sentence,SpeechBoxHINTList,2,23,やかんをひっくり返してやけどした,4,yes,SNR10dB,J_HT2_23_10db.wav,99,yes
30,420,japanese,sentence,SpeechBoxHINTList,2,32,知らない人に親切にされた,4,yes,SNR10dB,J_HT2_32_10db.wav,99,yes
30,420,japanese,sentence,SpeechBoxHINTList,2,34,牧場に黒い羊がいました,4,yes,SNR10dB,J_HT2_34_10db.wav,99,yes
30,420,japanese,sentence,SpeechBoxHINTList,2,36,鉛筆と消しゴムを用意する,3,yes,SNR10dB,J_HT2_36_10db.wav,99,yes
30,420,japanese,sentence,SpeechBoxHINTList,2,38,電車とバスに乗って帰ります,4,yes,SNR10dB,J_HT2_38_10db.wav,99,yes
30,420,japanese,sentence,SpeechBoxHINTList,2,40,道路の真ん中を歩くのは危ない,4,yes,SNR10dB,J_HT2_40_10db.wav,99,yes
30,420,japanese,sentence,SpeechBoxHINTList,2,41,天気が良いので布団を干した,4,yes,SNR10dB,J_HT2_41_10db.wav,99,yes
30,420,japanese,sentence,SpeechBoxHINTList,2,47,隅々まで丁寧に掃除する,4,yes,SNR10dB,J_HT2_47_10db.wav,99,yes
30,420,japanese,sentence,SpeechBoxHINTList,2,48,貰ったおこづかいを全部使った,4,no,quiet,J_HT2_48.wav,99,yes
30,420,japanese,sentence,SpeechBoxHINTList,2,50,郵便局で電気代を振り込む,3,no,quiet,J_HT2_50.wav,99,yes
30,420,japanese,sentence,SpeechBoxHINTList,2,53,病気の原因を詳しく調べた,4,no,quiet,J_HT2_53.wav,99,yes
30,420,japanese,sentence,SpeechBoxHINTList,2,57,みかんの花は白くてかわいい,4,no,quiet,J_HT2_57.wav,99,yes
30,420,japanese,sentence,SpeechBoxHINTList,2,58,泥棒が夜中に忍び込んだ,3,no,quiet,J_HT2_58.wav,99,yes
31,200,japanese,sentence,SpeechBoxHINTList,1,1,朝ご飯を食べて元気に出かけた,4,yes,SNR00dB,J_HT1_1_0db.wav,99,yes
31,200,japanese,sentence,SpeechBoxHINTList,1,3,音楽に合わせて楽しく踊る,4,yes,SNR00dB,J_HT1_3_0db.wav,75,yes
31,200,japanese,sentence,SpeechBoxHINTList,1,5,歯磨きを忘れると虫歯になる,4,yes,SNR00dB,J_HT1_5_0db.wav,99,yes
31,200,japanese,sentence,SpeechBoxHINTList,1,6,やっと町の明かりが見えてきた,4,yes,SNR00dB,J_HT1_6_0db.wav,75,yes
31,200,japanese,sentence,SpeechBoxHINTList,1,9,窓からぼんやり景色を眺めた,4,yes,SNR00dB,J_HT1_9_0db.wav,75,yes
31,200,japanese,sentence,SpeechBoxHINTList,1,15,お母さんが作るご飯はおいしい,4,yes,SNR00dB,J_HT1_15_0db.wav,99,yes
31,200,japanese,sentence,SpeechBoxHINTList,1,18,子供が悪戯して酷く怒られた,4,yes,SNR00dB,J_HT1_18_0db.wav,99,yes
31,200,japanese,sentence,SpeechBoxHINTList,1,20,汚れた洋服を洗濯しました,3,yes,SNR00dB,J_HT1_20_0db.wav,99,yes
31,200,japanese,sentence,SpeechBoxHINTList,1,21,手紙をもらって返事を書いた,4,yes,SNR00dB,J_HT1_21_0db.wav,99,yes
31,200,japanese,sentence,SpeechBoxHINTList,1,26,おじいちゃんは昔から厳しい人だ,4,yes,SNR00dB,J_HT1_26_0db.wav,99,yes
31,200,japanese,sentence,SpeechBoxHINTList,1,27,苦い薬は今でも嫌いです,4,yes,SNR00dB,J_HT1_27_0db.wav,99,yes
31,200,japanese,sentence,SpeechBoxHINTList,1,29,新しいおもちゃを見せて自慢する,4,yes,SNR00dB,J_HT1_29_0db.wav,99,yes
31,200,japanese,sentence,SpeechBoxHINTList,1,30,突然話題が途切れて困った,4,yes,SNR00dB,J_HT1_30_0db.wav,99,yes
31,200,japanese,sentence,SpeechBoxHINTList,1,32,帰りが遅いと心配になります,4,yes,SNR00dB,J_HT1_32_0db.wav,99,yes
31,200,japanese,sentence,SpeechBoxHINTList,1,33,病院で名前を何度も呼ばれた,4,yes,SNR00dB,J_HT1_33_0db.wav,25,yes
31,200,japanese,sentence,SpeechBoxHINTList,1,35,居眠り運転は大変危険だ,4,yes,SNR05dB,J_HT1_35_5db.wav,75,yes
31,200,japanese,sentence,SpeechBoxHINTList,1,36,枕が高いと首が疲れます,4,yes,SNR05dB,J_HT1_36_5db.wav,50,yes
31,200,japanese,sentence,SpeechBoxHINTList,1,37,険しい山に一人で登った,4,yes,SNR05dB,J_HT1_37_5db.wav,99,yes
31,200,japanese,sentence,SpeechBoxHINTList,1,41,天気予報を聞いてから出かけます,3,yes,SNR05dB,J_HT1_41_5db.wav,34,yes
31,200,japanese,sentence,SpeechBoxHINTList,1,42,映画館の前で待ち合わせする,4,yes,SNR05dB,J_HT1_42_5db.wav,99,yes
31,200,japanese,sentence,SpeechBoxHINTList,1,43,今日は珍しく早く起きました,4,yes,SNR05dB,J_HT1_43_5db.wav,99,yes
31,200,japanese,sentence,SpeechBoxHINTList,1,44,母親の看病で寝不足です,3,yes,SNR05dB,J_HT1_44_5db.wav,99,yes
31,200,japanese,sentence,SpeechBoxHINTList,1,46,小さい頃の写真を見つけた,4,yes,SNR05dB,J_HT1_46_5db.wav,99,yes
31,200,japanese,sentence,SpeechBoxHINTList,1,55,洗濯物が乾いたので取り入れた,3,yes,SNR05dB,J_HT1_55_5db.wav,99,yes
31,200,japanese,sentence,SpeechBoxHINTList,1,57,編み物をしたら肩が凝った,4,yes,SNR05dB,J_HT1_57_5db.wav,99,yes
31,200,japanese,sentence,SpeechBoxHINTList,1,58,足元に注意しながら歩きます,4,yes,SNR05dB,J_HT1_58_5db.wav,99,yes
31,200,japanese,sentence,SpeechBoxHINTList,1,59,眼鏡をかけて新聞を読んだ,4,yes,SNR05dB,J_HT1_59_5db.wav,99,yes
31,200,japanese,sentence,SpeechBoxHINTList,2,1,私は田舎で生まれ育った,4,yes,SNR05dB,J_HT2_1_5db.wav,99,yes
31,200,japanese,sentence,SpeechBoxHINTList,2,4,電車や飛行機で旅行します,3,yes,SNR05dB,J_HT2_4_5db.wav,99,yes
31,200,japanese,sentence,SpeechBoxHINTList,2,6,道に迷って交番で尋ねた,4,yes,SNR05dB,J_HT2_6_5db.wav,99,yes
31,200,japanese,sentence,SpeechBoxHINTList,2,7,大学受験はとても難しい,4,yes,SNR10dB,J_HT2_7_10db.wav,99,yes
31,200,japanese,sentence,SpeechBoxHINTList,2,9,出かける前には戸締りをします,4,yes,SNR10dB,J_HT2_9_10db.wav,99,yes
31,200,japanese,sentence,SpeechBoxHINTList,2,11,悩みを友達によく相談した,4,yes,SNR10dB,J_HT2_11_10db.wav,99,yes
31,200,japanese,sentence,SpeechBoxHINTList,2,13,銀行が近くにあって便利です,4,yes,SNR10dB,J_HT2_13_10db.wav,99,yes
31,200,japanese,sentence,SpeechBoxHINTList,2,15,昔話を聞きながら眠った,3,yes,SNR10dB,J_HT2_15_10db.wav,67,yes
31,200,japanese,sentence,SpeechBoxHINTList,2,20,仕事で帰りが遅くなりました,4,yes,SNR10dB,J_HT2_20_10db.wav,99,yes
31,200,japanese,sentence,SpeechBoxHINTList,2,22,お年寄りには座席を譲ります,3,yes,SNR10dB,J_HT2_22_10db.wav,99,yes
31,200,japanese,sentence,SpeechBoxHINTList,2,23,やかんをひっくり返してやけどした,4,yes,SNR10dB,J_HT2_23_10db.wav,99,yes
31,200,japanese,sentence,SpeechBoxHINTList,2,32,知らない人に親切にされた,4,yes,SNR10dB,J_HT2_32_10db.wav,99,yes
31,200,japanese,sentence,SpeechBoxHINTList,2,34,牧場に黒い羊がいました,4,yes,SNR10dB,J_HT2_34_10db.wav,99,yes
31,200,japanese,sentence,SpeechBoxHINTList,2,36,鉛筆と消しゴムを用意する,3,yes,SNR10dB,J_HT2_36_10db.wav,99,yes
31,200,japanese,sentence,SpeechBoxHINTList,2,38,電車とバスに乗って帰ります,4,yes,SNR10dB,J_HT2_38_10db.wav,99,yes
31,200,japanese,sentence,SpeechBoxHINTList,2,40,道路の真ん中を歩くのは危ない,4,yes,SNR10dB,J_HT2_40_10db.wav,75,yes
31,200,japanese,sentence,SpeechBoxHINTList,2,41,天気が良いので布団を干した,4,yes,SNR10dB,J_HT2_41_10db.wav,99,yes
31,200,japanese,sentence,SpeechBoxHINTList,2,47,隅々まで丁寧に掃除する,4,yes,SNR10dB,J_HT2_47_10db.wav,99,yes
31,200,japanese,sentence,SpeechBoxHINTList,2,48,貰ったおこづかいを全部使った,4,no,quiet,J_HT2_48.wav,99,yes
31,200,japanese,sentence,SpeechBoxHINTList,2,50,郵便局で電気代を振り込む,3,no,quiet,J_HT2_50.wav,99,yes
31,200,japanese,sentence,SpeechBoxHINTList,2,53,病気の原因を詳しく調べた,4,no,quiet,J_HT2_53.wav,99,yes
31,200,japanese,sentence,SpeechBoxHINTList,2,57,みかんの花は白くてかわいい,4,no,quiet,J_HT2_57.wav,99,yes
31,200,japanese,sentence,SpeechBoxHINTList,2,58,泥棒が夜中に忍び込んだ,3,no,quiet,J_HT2_58.wav,99,yes
32,500,japanese,sentence,SpeechBoxHINTList,1,1,朝ご飯を食べて元気に出かけた,4,yes,SNR00dB,J_HT1_1_0db.wav,75,yes
32,500,japanese,sentence,SpeechBoxHINTList,1,3,音楽に合わせて楽しく踊る,4,yes,SNR00dB,J_HT1_3_0db.wav,99,yes
32,500,japanese,sentence,SpeechBoxHINTList,1,5,歯磨きを忘れると虫歯になる,4,yes,SNR00dB,J_HT1_5_0db.wav,99,yes
32,500,japanese,sentence,SpeechBoxHINTList,1,6,やっと町の明かりが見えてきた,4,yes,SNR00dB,J_HT1_6_0db.wav,99,yes
32,500,japanese,sentence,SpeechBoxHINTList,1,9,窓からぼんやり景色を眺めた,4,yes,SNR00dB,J_HT1_9_0db.wav,99,yes
32,500,japanese,sentence,SpeechBoxHINTList,1,15,お母さんが作るご飯はおいしい,4,yes,SNR00dB,J_HT1_15_0db.wav,99,yes
32,500,japanese,sentence,SpeechBoxHINTList,1,18,子供が悪戯して酷く怒られた,4,yes,SNR00dB,J_HT1_18_0db.wav,99,yes
32,500,japanese,sentence,SpeechBoxHINTList,1,20,汚れた洋服を洗濯しました,3,yes,SNR00dB,J_HT1_20_0db.wav,99,yes
32,500,japanese,sentence,SpeechBoxHINTList,1,21,手紙をもらって返事を書いた,4,yes,SNR00dB,J_HT1_21_0db.wav,99,yes
32,500,japanese,sentence,SpeechBoxHINTList,1,26,おじいちゃんは昔から厳しい人だ,4,yes,SNR00dB,J_HT1_26_0db.wav,99,yes
32,500,japanese,sentence,SpeechBoxHINTList,1,27,苦い薬は今でも嫌いです,4,yes,SNR00dB,J_HT1_27_0db.wav,99,yes
32,500,japanese,sentence,SpeechBoxHINTList,1,29,新しいおもちゃを見せて自慢する,4,yes,SNR00dB,J_HT1_29_0db.wav,99,yes
32,500,japanese,sentence,SpeechBoxHINTList,1,30,突然話題が途切れて困った,4,yes,SNR00dB,J_HT1_30_0db.wav,99,yes
32,500,japanese,sentence,SpeechBoxHINTList,1,32,帰りが遅いと心配になります,4,yes,SNR00dB,J_HT1_32_0db.wav,99,yes
32,500,japanese,sentence,SpeechBoxHINTList,1,33,病院で名前を何度も呼ばれた,4,yes,SNR00dB,J_HT1_33_0db.wav,99,yes
32,500,japanese,sentence,SpeechBoxHINTList,1,35,居眠り運転は大変危険だ,4,yes,SNR05dB,J_HT1_35_5db.wav,75,yes
32,500,japanese,sentence,SpeechBoxHINTList,1,36,枕が高いと首が疲れます,4,yes,SNR05dB,J_HT1_36_5db.wav,99,yes
32,500,japanese,sentence,SpeechBoxHINTList,1,37,険しい山に一人で登った,4,yes,SNR05dB,J_HT1_37_5db.wav,99,yes
32,500,japanese,sentence,SpeechBoxHINTList,1,41,天気予報を聞いてから出かけます,3,yes,SNR05dB,J_HT1_41_5db.wav,99,yes
32,500,japanese,sentence,SpeechBoxHINTList,1,42,映画館の前で待ち合わせする,4,yes,SNR05dB,J_HT1_42_5db.wav,99,yes
32,500,japanese,sentence,SpeechBoxHINTList,1,43,今日は珍しく早く起きました,4,yes,SNR05dB,J_HT1_43_5db.wav,99,yes
32,500,japanese,sentence,SpeechBoxHINTList,1,44,母親の看病で寝不足です,3,yes,SNR05dB,J_HT1_44_5db.wav,99,yes
32,500,japanese,sentence,SpeechBoxHINTList,1,46,小さい頃の写真を見つけた,4,yes,SNR05dB,J_HT1_46_5db.wav,99,yes
32,500,japanese,sentence,SpeechBoxHINTList,1,55,洗濯物が乾いたので取り入れた,3,yes,SNR05dB,J_HT1_55_5db.wav,99,yes
32,500,japanese,sentence,SpeechBoxHINTList,1,57,編み物をしたら肩が凝った,4,yes,SNR05dB,J_HT1_57_5db.wav,99,yes
32,500,japanese,sentence,SpeechBoxHINTList,1,58,足元に注意しながら歩きます,4,yes,SNR05dB,J_HT1_58_5db.wav,99,yes
32,500,japanese,sentence,SpeechBoxHINTList,1,59,眼鏡をかけて新聞を読んだ,4,yes,SNR05dB,J_HT1_59_5db.wav,99,yes
32,500,japanese,sentence,SpeechBoxHINTList,2,1,私は田舎で生まれ育った,4,yes,SNR05dB,J_HT2_1_5db.wav,99,yes
32,500,japanese,sentence,SpeechBoxHINTList,2,4,電車や飛行機で旅行します,3,yes,SNR05dB,J_HT2_4_5db.wav,99,yes
32,500,japanese,sentence,SpeechBoxHINTList,2,6,道に迷って交番で尋ねた,4,yes,SNR05dB,J_HT2_6_5db.wav,99,yes
32,500,japanese,sentence,SpeechBoxHINTList,2,7,大学受験はとても難しい,4,yes,SNR10dB,J_HT2_7_10db.wav,99,yes
32,500,japanese,sentence,SpeechBoxHINTList,2,9,出かける前には戸締りをします,4,yes,SNR10dB,J_HT2_9_10db.wav,99,yes
32,500,japanese,sentence,SpeechBoxHINTList,2,11,悩みを友達によく相談した,4,yes,SNR10dB,J_HT2_11_10db.wav,99,yes
32,500,japanese,sentence,SpeechBoxHINTList,2,13,銀行が近くにあって便利です,4,yes,SNR10dB,J_HT2_13_10db.wav,99,yes
32,500,japanese,sentence,SpeechBoxHINTList,2,15,昔話を聞きながら眠った,3,yes,SNR10dB,J_HT2_15_10db.wav,99,yes
32,500,japanese,sentence,SpeechBoxHINTList,2,20,仕事で帰りが遅くなりました,4,yes,SNR10dB,J_HT2_20_10db.wav,99,yes
32,500,japanese,sentence,SpeechBoxHINTList,2,22,お年寄りには座席を譲ります,3,yes,SNR10dB,J_HT2_22_10db.wav,99,yes
32,500,japanese,sentence,SpeechBoxHINTList,2,23,やかんをひっくり返してやけどした,4,yes,SNR10dB,J_HT2_23_10db.wav,99,yes
32,500,japanese,sentence,SpeechBoxHINTList,2,32,知らない人に親切にされた,4,yes,SNR10dB,J_HT2_32_10db.wav,99,yes
32,500,japanese,sentence,SpeechBoxHINTList,2,34,牧場に黒い羊がいました,4,yes,SNR10dB,J_HT2_34_10db.wav,99,yes
32,500,japanese,sentence,SpeechBoxHINTList,2,36,鉛筆と消しゴムを用意する,3,yes,SNR10dB,J_HT2_36_10db.wav,99,yes
32,500,japanese,sentence,SpeechBoxHINTList,2,38,電車とバスに乗って帰ります,4,yes,SNR10dB,J_HT2_38_10db.wav,99,yes
32,500,japanese,sentence,SpeechBoxHINTList,2,40,道路の真ん中を歩くのは危ない,4,yes,SNR10dB,J_HT2_40_10db.wav,99,yes
32,500,japanese,sentence,SpeechBoxHINTList,2,41,天気が良いので布団を干した,4,yes,SNR10dB,J_HT2_41_10db.wav,99,yes
32,500,japanese,sentence,SpeechBoxHINTList,2,47,隅々まで丁寧に掃除する,4,yes,SNR10dB,J_HT2_47_10db.wav,99,yes
32,500,japanese,sentence,SpeechBoxHINTList,2,48,貰ったおこづかいを全部使った,4,no,quiet,J_HT2_48.wav,99,yes
32,500,japanese,sentence,SpeechBoxHINTList,2,50,郵便局で電気代を振り込む,3,no,quiet,J_HT2_50.wav,99,yes
32,500,japanese,sentence,SpeechBoxHINTList,2,53,病気の原因を詳しく調べた,4,no,quiet,J_HT2_53.wav,99,yes
32,500,japanese,sentence,SpeechBoxHINTList,2,57,みかんの花は白くてかわいい,4,no,quiet,J_HT2_57.wav,99,yes
32,500,japanese,sentence,SpeechBoxHINTList,2,58,泥棒が夜中に忍び込んだ,3,no,quiet,J_HT2_58.wav,99,yes
33,475,japanese,sentence,SpeechBoxHINTList,1,1,朝ご飯を食べて元気に出かけた,4,yes,SNR00dB,J_HT1_1_0db.wav,75,yes
33,475,japanese,sentence,SpeechBoxHINTList,1,3,音楽に合わせて楽しく踊る,4,yes,SNR00dB,J_HT1_3_0db.wav,99,yes
33,475,japanese,sentence,SpeechBoxHINTList,1,5,歯磨きを忘れると虫歯になる,4,yes,SNR00dB,J_HT1_5_0db.wav,99,yes
33,475,japanese,sentence,SpeechBoxHINTList,1,6,やっと町の明かりが見えてきた,4,yes,SNR00dB,J_HT1_6_0db.wav,99,yes
33,475,japanese,sentence,SpeechBoxHINTList,1,9,窓からぼんやり景色を眺めた,4,yes,SNR00dB,J_HT1_9_0db.wav,75,yes
33,475,japanese,sentence,SpeechBoxHINTList,1,15,お母さんが作るご飯はおいしい,4,yes,SNR00dB,J_HT1_15_0db.wav,99,yes
33,475,japanese,sentence,SpeechBoxHINTList,1,18,子供が悪戯して酷く怒られた,4,yes,SNR00dB,J_HT1_18_0db.wav,99,yes
33,475,japanese,sentence,SpeechBoxHINTList,1,20,汚れた洋服を洗濯しました,3,yes,SNR00dB,J_HT1_20_0db.wav,99,yes
33,475,japanese,sentence,SpeechBoxHINTList,1,21,手紙をもらって返事を書いた,4,yes,SNR00dB,J_HT1_21_0db.wav,99,yes
33,475,japanese,sentence,SpeechBoxHINTList,1,26,おじいちゃんは昔から厳しい人だ,4,yes,SNR00dB,J_HT1_26_0db.wav,75,yes
33,475,japanese,sentence,SpeechBoxHINTList,1,27,苦い薬は今でも嫌いです,4,yes,SNR00dB,J_HT1_27_0db.wav,0,yes
33,475,japanese,sentence,SpeechBoxHINTList,1,29,新しいおもちゃを見せて自慢する,4,yes,SNR00dB,J_HT1_29_0db.wav,25,yes
33,475,japanese,sentence,SpeechBoxHINTList,1,30,突然話題が途切れて困った,4,yes,SNR00dB,J_HT1_30_0db.wav,99,yes
33,475,japanese,sentence,SpeechBoxHINTList,1,32,帰りが遅いと心配になります,4,yes,SNR00dB,J_HT1_32_0db.wav,99,yes
33,475,japanese,sentence,SpeechBoxHINTList,1,33,病院で名前を何度も呼ばれた,4,yes,SNR00dB,J_HT1_33_0db.wav,99,yes
33,475,japanese,sentence,SpeechBoxHINTList,1,35,居眠り運転は大変危険だ,4,yes,SNR05dB,J_HT1_35_5db.wav,75,yes
33,475,japanese,sentence,SpeechBoxHINTList,1,36,枕が高いと首が疲れます,4,yes,SNR05dB,J_HT1_36_5db.wav,99,yes
33,475,japanese,sentence,SpeechBoxHINTList,1,37,険しい山に一人で登った,4,yes,SNR05dB,J_HT1_37_5db.wav,99,yes
33,475,japanese,sentence,SpeechBoxHINTList,1,41,天気予報を聞いてから出かけます,3,yes,SNR05dB,J_HT1_41_5db.wav,99,yes
33,475,japanese,sentence,SpeechBoxHINTList,1,42,映画館の前で待ち合わせする,4,yes,SNR05dB,J_HT1_42_5db.wav,99,yes
33,475,japanese,sentence,SpeechBoxHINTList,1,43,今日は珍しく早く起きました,4,yes,SNR05dB,J_HT1_43_5db.wav,99,yes
33,475,japanese,sentence,SpeechBoxHINTList,1,44,母親の看病で寝不足です,3,yes,SNR05dB,J_HT1_44_5db.wav,99,yes
33,475,japanese,sentence,SpeechBoxHINTList,1,46,小さい頃の写真を見つけた,4,yes,SNR05dB,J_HT1_46_5db.wav,99,yes
33,475,japanese,sentence,SpeechBoxHINTList,1,55,洗濯物が乾いたので取り入れた,3,yes,SNR05dB,J_HT1_55_5db.wav,99,yes
33,475,japanese,sentence,SpeechBoxHINTList,1,57,編み物をしたら肩が凝った,4,yes,SNR05dB,J_HT1_57_5db.wav,99,yes
33,475,japanese,sentence,SpeechBoxHINTList,1,58,足元に注意しながら歩きます,4,yes,SNR05dB,J_HT1_58_5db.wav,67,yes
33,475,japanese,sentence,SpeechBoxHINTList,1,59,眼鏡をかけて新聞を読んだ,4,yes,SNR05dB,J_HT1_59_5db.wav,99,yes
33,475,japanese,sentence,SpeechBoxHINTList,2,1,私は田舎で生まれ育った,4,yes,SNR05dB,J_HT2_1_5db.wav,99,yes
33,475,japanese,sentence,SpeechBoxHINTList,2,4,電車や飛行機で旅行します,3,yes,SNR05dB,J_HT2_4_5db.wav,99,yes
33,475,japanese,sentence,SpeechBoxHINTList,2,6,道に迷って交番で尋ねた,4,yes,SNR05dB,J_HT2_6_5db.wav,0,yes
33,475,japanese,sentence,SpeechBoxHINTList,2,7,大学受験はとても難しい,4,yes,SNR10dB,J_HT2_7_10db.wav,99,yes
33,475,japanese,sentence,SpeechBoxHINTList,2,9,出かける前には戸締りをします,4,yes,SNR10dB,J_HT2_9_10db.wav,99,yes
33,475,japanese,sentence,SpeechBoxHINTList,2,11,悩みを友達によく相談した,4,yes,SNR10dB,J_HT2_11_10db.wav,99,yes
33,475,japanese,sentence,SpeechBoxHINTList,2,13,銀行が近くにあって便利です,4,yes,SNR10dB,J_HT2_13_10db.wav,99,yes
33,475,japanese,sentence,SpeechBoxHINTList,2,15,昔話を聞きながら眠った,3,yes,SNR10dB,J_HT2_15_10db.wav,99,yes
33,475,japanese,sentence,SpeechBoxHINTList,2,20,仕事で帰りが遅くなりました,4,yes,SNR10dB,J_HT2_20_10db.wav,99,yes
33,475,japanese,sentence,SpeechBoxHINTList,2,22,お年寄りには座席を譲ります,3,yes,SNR10dB,J_HT2_22_10db.wav,99,yes
33,475,japanese,sentence,SpeechBoxHINTList,2,23,やかんをひっくり返してやけどした,4,yes,SNR10dB,J_HT2_23_10db.wav,99,yes
33,475,japanese,sentence,SpeechBoxHINTList,2,32,知らない人に親切にされた,4,yes,SNR10dB,J_HT2_32_10db.wav,99,yes
33,475,japanese,sentence,SpeechBoxHINTList,2,34,牧場に黒い羊がいました,4,yes,SNR10dB,J_HT2_34_10db.wav,99,yes
33,475,japanese,sentence,SpeechBoxHINTList,2,36,鉛筆と消しゴムを用意する,3,yes,SNR10dB,J_HT2_36_10db.wav,99,yes
33,475,japanese,sentence,SpeechBoxHINTList,2,38,電車とバスに乗って帰ります,4,yes,SNR10dB,J_HT2_38_10db.wav,99,yes
33,475,japanese,sentence,SpeechBoxHINTList,2,40,道路の真ん中を歩くのは危ない,4,yes,SNR10dB,J_HT2_40_10db.wav,99,yes
33,475,japanese,sentence,SpeechBoxHINTList,2,41,天気が良いので布団を干した,4,yes,SNR10dB,J_HT2_41_10db.wav,99,yes
33,475,japanese,sentence,SpeechBoxHINTList,2,47,隅々まで丁寧に掃除する,4,yes,SNR10dB,J_HT2_47_10db.wav,99,yes
33,475,japanese,sentence,SpeechBoxHINTList,2,48,貰ったおこづかいを全部使った,4,no,quiet,J_HT2_48.wav,99,yes
33,475,japanese,sentence,SpeechBoxHINTList,2,50,郵便局で電気代を振り込む,3,no,quiet,J_HT2_50.wav,99,yes
33,475,japanese,sentence,SpeechBoxHINTList,2,53,病気の原因を詳しく調べた,4,no,quiet,J_HT2_53.wav,99,yes
33,475,japanese,sentence,SpeechBoxHINTList,2,57,みかんの花は白くてかわいい,4,no,quiet,J_HT2_57.wav,99,yes
33,475,japanese,sentence,SpeechBoxHINTList,2,58,泥棒が夜中に忍び込んだ,3,no,quiet,J_HT2_58.wav,99,yes
34,420,japanese,sentence,SpeechBoxHINTList,1,1,朝ご飯を食べて元気に出かけた,4,yes,SNR00dB,J_HT1_1_0db.wav,75,yes
34,420,japanese,sentence,SpeechBoxHINTList,1,3,音楽に合わせて楽しく踊る,4,yes,SNR00dB,J_HT1_3_0db.wav,99,yes
34,420,japanese,sentence,SpeechBoxHINTList,1,5,歯磨きを忘れると虫歯になる,4,yes,SNR00dB,J_HT1_5_0db.wav,99,yes
34,420,japanese,sentence,SpeechBoxHINTList,1,6,やっと町の明かりが見えてきた,4,yes,SNR00dB,J_HT1_6_0db.wav,75,yes
34,420,japanese,sentence,SpeechBoxHINTList,1,9,窓からぼんやり景色を眺めた,4,yes,SNR00dB,J_HT1_9_0db.wav,99,yes
34,420,japanese,sentence,SpeechBoxHINTList,1,15,お母さんが作るご飯はおいしい,4,yes,SNR00dB,J_HT1_15_0db.wav,99,yes
34,420,japanese,sentence,SpeechBoxHINTList,1,18,子供が悪戯して酷く怒られた,4,yes,SNR00dB,J_HT1_18_0db.wav,99,yes
34,420,japanese,sentence,SpeechBoxHINTList,1,20,汚れた洋服を洗濯しました,3,yes,SNR00dB,J_HT1_20_0db.wav,99,yes
34,420,japanese,sentence,SpeechBoxHINTList,1,21,手紙をもらって返事を書いた,4,yes,SNR00dB,J_HT1_21_0db.wav,99,yes
34,420,japanese,sentence,SpeechBoxHINTList,1,26,おじいちゃんは昔から厳しい人だ,4,yes,SNR00dB,J_HT1_26_0db.wav,99,yes
34,420,japanese,sentence,SpeechBoxHINTList,1,27,苦い薬は今でも嫌いです,4,yes,SNR00dB,J_HT1_27_0db.wav,99,yes
34,420,japanese,sentence,SpeechBoxHINTList,1,29,新しいおもちゃを見せて自慢する,4,yes,SNR00dB,J_HT1_29_0db.wav,99,yes
34,420,japanese,sentence,SpeechBoxHINTList,1,30,突然話題が途切れて困った,4,yes,SNR00dB,J_HT1_30_0db.wav,99,yes
34,420,japanese,sentence,SpeechBoxHINTList,1,32,帰りが遅いと心配になります,4,yes,SNR00dB,J_HT1_32_0db.wav,99,yes
34,420,japanese,sentence,SpeechBoxHINTList,1,33,病院で名前を何度も呼ばれた,4,yes,SNR00dB,J_HT1_33_0db.wav,99,yes
34,420,japanese,sentence,SpeechBoxHINTList,1,35,居眠り運転は大変危険だ,4,yes,SNR05dB,J_HT1_35_5db.wav,75,yes
34,420,japanese,sentence,SpeechBoxHINTList,1,36,枕が高いと首が疲れます,4,yes,SNR05dB,J_HT1_36_5db.wav,99,yes
34,420,japanese,sentence,SpeechBoxHINTList,1,37,険しい山に一人で登った,4,yes,SNR05dB,J_HT1_37_5db.wav,99,yes
34,420,japanese,sentence,SpeechBoxHINTList,1,41,天気予報を聞いてから出かけます,3,yes,SNR05dB,J_HT1_41_5db.wav,99,yes
34,420,japanese,sentence,SpeechBoxHINTList,1,42,映画館の前で待ち合わせする,4,yes,SNR05dB,J_HT1_42_5db.wav,99,yes
34,420,japanese,sentence,SpeechBoxHINTList,1,43,今日は珍しく早く起きました,4,yes,SNR05dB,J_HT1_43_5db.wav,99,yes
34,420,japanese,sentence,SpeechBoxHINTList,1,44,母親の看病で寝不足です,3,yes,SNR05dB,J_HT1_44_5db.wav,99,yes
34,420,japanese,sentence,SpeechBoxHINTList,1,46,小さい頃の写真を見つけた,4,yes,SNR05dB,J_HT1_46_5db.wav,0,yes
34,420,japanese,sentence,SpeechBoxHINTList,1,55,洗濯物が乾いたので取り入れた,3,yes,SNR05dB,J_HT1_55_5db.wav,0,yes
34,420,japanese,sentence,SpeechBoxHINTList,1,57,編み物をしたら肩が凝った,4,yes,SNR05dB,J_HT1_57_5db.wav,99,yes
34,420,japanese,sentence,SpeechBoxHINTList,1,58,足元に注意しながら歩きます,4,yes,SNR05dB,J_HT1_58_5db.wav,99,yes
34,420,japanese,sentence,SpeechBoxHINTList,1,59,眼鏡をかけて新聞を読んだ,4,yes,SNR05dB,J_HT1_59_5db.wav,99,yes
34,420,japanese,sentence,SpeechBoxHINTList,2,1,私は田舎で生まれ育った,4,yes,SNR05dB,J_HT2_1_5db.wav,99,yes
34,420,japanese,sentence,SpeechBoxHINTList,2,4,電車や飛行機で旅行します,3,yes,SNR05dB,J_HT2_4_5db.wav,99,yes
34,420,japanese,sentence,SpeechBoxHINTList,2,6,道に迷って交番で尋ねた,4,yes,SNR05dB,J_HT2_6_5db.wav,99,yes
34,420,japanese,sentence,SpeechBoxHINTList,2,7,大学受験はとても難しい,4,yes,SNR10dB,J_HT2_7_10db.wav,99,yes
34,420,japanese,sentence,SpeechBoxHINTList,2,9,出かける前には戸締りをします,4,yes,SNR10dB,J_HT2_9_10db.wav,99,yes
34,420,japanese,sentence,SpeechBoxHINTList,2,11,悩みを友達によく相談した,4,yes,SNR10dB,J_HT2_11_10db.wav,99,yes
34,420,japanese,sentence,SpeechBoxHINTList,2,13,銀行が近くにあって便利です,4,yes,SNR10dB,J_HT2_13_10db.wav,99,yes
34,420,japanese,sentence,SpeechBoxHINTList,2,15,昔話を聞きながら眠った,3,yes,SNR10dB,J_HT2_15_10db.wav,99,yes
34,420,japanese,sentence,SpeechBoxHINTList,2,20,仕事で帰りが遅くなりました,4,yes,SNR10dB,J_HT2_20_10db.wav,99,yes
34,420,japanese,sentence,SpeechBoxHINTList,2,22,お年寄りには座席を譲ります,3,yes,SNR10dB,J_HT2_22_10db.wav,99,yes
34,420,japanese,sentence,SpeechBoxHINTList,2,23,やかんをひっくり返してやけどした,4,yes,SNR10dB,J_HT2_23_10db.wav,99,yes
34,420,japanese,sentence,SpeechBoxHINTList,2,32,知らない人に親切にされた,4,yes,SNR10dB,J_HT2_32_10db.wav,99,yes
34,420,japanese,sentence,SpeechBoxHINTList,2,34,牧場に黒い羊がいました,4,yes,SNR10dB,J_HT2_34_10db.wav,99,yes
34,420,japanese,sentence,SpeechBoxHINTList,2,36,鉛筆と消しゴムを用意する,3,yes,SNR10dB,J_HT2_36_10db.wav,99,yes
34,420,japanese,sentence,SpeechBoxHINTList,2,38,電車とバスに乗って帰ります,4,yes,SNR10dB,J_HT2_38_10db.wav,99,yes
34,420,japanese,sentence,SpeechBoxHINTList,2,40,道路の真ん中を歩くのは危ない,4,yes,SNR10dB,J_HT2_40_10db.wav,99,yes
34,420,japanese,sentence,SpeechBoxHINTList,2,41,天気が良いので布団を干した,4,yes,SNR10dB,J_HT2_41_10db.wav,99,yes
34,420,japanese,sentence,SpeechBoxHINTList,2,47,隅々まで丁寧に掃除する,4,yes,SNR10dB,J_HT2_47_10db.wav,99,yes
34,420,japanese,sentence,SpeechBoxHINTList,2,48,貰ったおこづかいを全部使った,4,no,quiet,J_HT2_48.wav,99,yes
34,420,japanese,sentence,SpeechBoxHINTList,2,50,郵便局で電気代を振り込む,3,no,quiet,J_HT2_50.wav,99,yes
34,420,japanese,sentence,SpeechBoxHINTList,2,53,病気の原因を詳しく調べた,4,no,quiet,J_HT2_53.wav,99,yes
34,420,japanese,sentence,SpeechBoxHINTList,2,57,みかんの花は白くてかわいい,4,no,quiet,J_HT2_57.wav,99,yes
34,420,japanese,sentence,SpeechBoxHINTList,2,58,泥棒が夜中に忍び込んだ,3,no,quiet,J_HT2_58.wav,99,yes
35,450,japanese,sentence,SpeechBoxHINTList,1,1,朝ご飯を食べて元気に出かけた,4,yes,SNR00dB,J_HT1_1_0db.wav,99,yes
35,450,japanese,sentence,SpeechBoxHINTList,1,3,音楽に合わせて楽しく踊る,4,yes,SNR00dB,J_HT1_3_0db.wav,99,yes
35,450,japanese,sentence,SpeechBoxHINTList,1,5,歯磨きを忘れると虫歯になる,4,yes,SNR00dB,J_HT1_5_0db.wav,99,yes
35,450,japanese,sentence,SpeechBoxHINTList,1,6,やっと町の明かりが見えてきた,4,yes,SNR00dB,J_HT1_6_0db.wav,99,yes
35,450,japanese,sentence,SpeechBoxHINTList,1,9,窓からぼんやり景色を眺めた,4,yes,SNR00dB,J_HT1_9_0db.wav,99,yes
35,450,japanese,sentence,SpeechBoxHINTList,1,15,お母さんが作るご飯はおいしい,4,yes,SNR00dB,J_HT1_15_0db.wav,99,yes
35,450,japanese,sentence,SpeechBoxHINTList,1,18,子供が悪戯して酷く怒られた,4,yes,SNR00dB,J_HT1_18_0db.wav,99,yes
35,450,japanese,sentence,SpeechBoxHINTList,1,20,汚れた洋服を洗濯しました,3,yes,SNR00dB,J_HT1_20_0db.wav,99,yes
35,450,japanese,sentence,SpeechBoxHINTList,1,21,手紙をもらって返事を書いた,4,yes,SNR00dB,J_HT1_21_0db.wav,99,yes
35,450,japanese,sentence,SpeechBoxHINTList,1,26,おじいちゃんは昔から厳しい人だ,4,yes,SNR00dB,J_HT1_26_0db.wav,99,yes
35,450,japanese,sentence,SpeechBoxHINTList,1,27,苦い薬は今でも嫌いです,4,yes,SNR00dB,J_HT1_27_0db.wav,99,yes
35,450,japanese,sentence,SpeechBoxHINTList,1,29,新しいおもちゃを見せて自慢する,4,yes,SNR00dB,J_HT1_29_0db.wav,99,yes
35,450,japanese,sentence,SpeechBoxHINTList,1,30,突然話題が途切れて困った,4,yes,SNR00dB,J_HT1_30_0db.wav,75,yes
35,450,japanese,sentence,SpeechBoxHINTList,1,32,帰りが遅いと心配になります,4,yes,SNR00dB,J_HT1_32_0db.wav,99,yes
35,450,japanese,sentence,SpeechBoxHINTList,1,33,病院で名前を何度も呼ばれた,4,yes,SNR00dB,J_HT1_33_0db.wav,99,yes
35,450,japanese,sentence,SpeechBoxHINTList,1,35,居眠り運転は大変危険だ,4,yes,SNR05dB,J_HT1_35_5db.wav,75,yes
35,450,japanese,sentence,SpeechBoxHINTList,1,36,枕が高いと首が疲れます,4,yes,SNR05dB,J_HT1_36_5db.wav,99,yes
35,450,japanese,sentence,SpeechBoxHINTList,1,37,険しい山に一人で登った,4,yes,SNR05dB,J_HT1_37_5db.wav,99,yes
35,450,japanese,sentence,SpeechBoxHINTList,1,41,天気予報を聞いてから出かけます,3,yes,SNR05dB,J_HT1_41_5db.wav,99,yes
35,450,japanese,sentence,SpeechBoxHINTList,1,42,映画館の前で待ち合わせする,4,yes,SNR05dB,J_HT1_42_5db.wav,99,yes
35,450,japanese,sentence,SpeechBoxHINTList,1,43,今日は珍しく早く起きました,4,yes,SNR05dB,J_HT1_43_5db.wav,99,yes
35,450,japanese,sentence,SpeechBoxHINTList,1,44,母親の看病で寝不足です,3,yes,SNR05dB,J_HT1_44_5db.wav,99,yes
35,450,japanese,sentence,SpeechBoxHINTList,1,46,小さい頃の写真を見つけた,4,yes,SNR05dB,J_HT1_46_5db.wav,99,yes
35,450,japanese,sentence,SpeechBoxHINTList,1,55,洗濯物が乾いたので取り入れた,3,yes,SNR05dB,J_HT1_55_5db.wav,99,yes
35,450,japanese,sentence,SpeechBoxHINTList,1,57,編み物をしたら肩が凝った,4,yes,SNR05dB,J_HT1_57_5db.wav,99,yes
35,450,japanese,sentence,SpeechBoxHINTList,1,58,足元に注意しながら歩きます,4,yes,SNR05dB,J_HT1_58_5db.wav,99,yes
35,450,japanese,sentence,SpeechBoxHINTList,1,59,眼鏡をかけて新聞を読んだ,4,yes,SNR05dB,J_HT1_59_5db.wav,99,yes
35,450,japanese,sentence,SpeechBoxHINTList,2,1,私は田舎で生まれ育った,4,yes,SNR05dB,J_HT2_1_5db.wav,99,yes
35,450,japanese,sentence,SpeechBoxHINTList,2,4,電車や飛行機で旅行します,3,yes,SNR05dB,J_HT2_4_5db.wav,99,yes
35,450,japanese,sentence,SpeechBoxHINTList,2,6,道に迷って交番で尋ねた,4,yes,SNR05dB,J_HT2_6_5db.wav,99,yes
35,450,japanese,sentence,SpeechBoxHINTList,2,7,大学受験はとても難しい,4,yes,SNR10dB,J_HT2_7_10db.wav,99,yes
35,450,japanese,sentence,SpeechBoxHINTList,2,9,出かける前には戸締りをします,4,yes,SNR10dB,J_HT2_9_10db.wav,99,yes
35,450,japanese,sentence,SpeechBoxHINTList,2,11,悩みを友達によく相談した,4,yes,SNR10dB,J_HT2_11_10db.wav,99,yes
35,450,japanese,sentence,SpeechBoxHINTList,2,13,銀行が近くにあって便利です,4,yes,SNR10dB,J_HT2_13_10db.wav,99,yes
35,450,japanese,sentence,SpeechBoxHINTList,2,15,昔話を聞きながら眠った,3,yes,SNR10dB,J_HT2_15_10db.wav,99,yes
35,450,japanese,sentence,SpeechBoxHINTList,2,20,仕事で帰りが遅くなりました,4,yes,SNR10dB,J_HT2_20_10db.wav,99,yes
35,450,japanese,sentence,SpeechBoxHINTList,2,22,お年寄りには座席を譲ります,3,yes,SNR10dB,J_HT2_22_10db.wav,99,yes
35,450,japanese,sentence,SpeechBoxHINTList,2,23,やかんをひっくり返してやけどした,4,yes,SNR10dB,J_HT2_23_10db.wav,99,yes
35,450,japanese,sentence,SpeechBoxHINTList,2,32,知らない人に親切にされた,4,yes,SNR10dB,J_HT2_32_10db.wav,99,yes
35,450,japanese,sentence,SpeechBoxHINTList,2,34,牧場に黒い羊がいました,4,yes,SNR10dB,J_HT2_34_10db.wav,99,yes
35,450,japanese,sentence,SpeechBoxHINTList,2,36,鉛筆と消しゴムを用意する,3,yes,SNR10dB,J_HT2_36_10db.wav,99,yes
35,450,japanese,sentence,SpeechBoxHINTList,2,38,電車とバスに乗って帰ります,4,yes,SNR10dB,J_HT2_38_10db.wav,99,yes
35,450,japanese,sentence,SpeechBoxHINTList,2,40,道路の真ん中を歩くのは危ない,4,yes,SNR10dB,J_HT2_40_10db.wav,99,yes
35,450,japanese,sentence,SpeechBoxHINTList,2,41,天気が良いので布団を干した,4,yes,SNR10dB,J_HT2_41_10db.wav,99,yes
35,450,japanese,sentence,SpeechBoxHINTList,2,47,隅々まで丁寧に掃除する,4,yes,SNR10dB,J_HT2_47_10db.wav,99,yes
35,450,japanese,sentence,SpeechBoxHINTList,2,48,貰ったおこづかいを全部使った,4,no,quiet,J_HT2_48.wav,75,yes
35,450,japanese,sentence,SpeechBoxHINTList,2,50,郵便局で電気代を振り込む,3,no,quiet,J_HT2_50.wav,99,yes
35,450,japanese,sentence,SpeechBoxHINTList,2,53,病気の原因を詳しく調べた,4,no,quiet,J_HT2_53.wav,99,yes
35,450,japanese,sentence,SpeechBoxHINTList,2,57,みかんの花は白くてかわいい,4,no,quiet,J_HT2_57.wav,99,yes
35,450,japanese,sentence,SpeechBoxHINTList,2,58,泥棒が夜中に忍び込んだ,3,no,quiet,J_HT2_58.wav,99,yes
36,440,japanese,sentence,SpeechBoxHINTList,1,1,朝ご飯を食べて元気に出かけた,4,yes,SNR00dB,J_HT1_1_0db.wav,75,yes
36,440,japanese,sentence,SpeechBoxHINTList,1,3,音楽に合わせて楽しく踊る,4,yes,SNR00dB,J_HT1_3_0db.wav,99,yes
36,440,japanese,sentence,SpeechBoxHINTList,1,5,歯磨きを忘れると虫歯になる,4,yes,SNR00dB,J_HT1_5_0db.wav,99,yes
36,440,japanese,sentence,SpeechBoxHINTList,1,6,やっと町の明かりが見えてきた,4,yes,SNR00dB,J_HT1_6_0db.wav,99,yes
36,440,japanese,sentence,SpeechBoxHINTList,1,9,窓からぼんやり景色を眺めた,4,yes,SNR00dB,J_HT1_9_0db.wav,75,yes
36,440,japanese,sentence,SpeechBoxHINTList,1,15,お母さんが作るご飯はおいしい,4,yes,SNR00dB,J_HT1_15_0db.wav,99,yes
36,440,japanese,sentence,SpeechBoxHINTList,1,18,子供が悪戯して酷く怒られた,4,yes,SNR00dB,J_HT1_18_0db.wav,99,yes
36,440,japanese,sentence,SpeechBoxHINTList,1,20,汚れた洋服を洗濯しました,3,yes,SNR00dB,J_HT1_20_0db.wav,99,yes
36,440,japanese,sentence,SpeechBoxHINTList,1,21,手紙をもらって返事を書いた,4,yes,SNR00dB,J_HT1_21_0db.wav,99,yes
36,440,japanese,sentence,SpeechBoxHINTList,1,26,おじいちゃんは昔から厳しい人だ,4,yes,SNR00dB,J_HT1_26_0db.wav,99,yes
36,440,japanese,sentence,SpeechBoxHINTList,1,27,苦い薬は今でも嫌いです,4,yes,SNR00dB,J_HT1_27_0db.wav,99,yes
36,440,japanese,sentence,SpeechBoxHINTList,1,29,新しいおもちゃを見せて自慢する,4,yes,SNR00dB,J_HT1_29_0db.wav,99,yes
36,440,japanese,sentence,SpeechBoxHINTList,1,30,突然話題が途切れて困った,4,yes,SNR00dB,J_HT1_30_0db.wav,99,yes
36,440,japanese,sentence,SpeechBoxHINTList,1,32,帰りが遅いと心配になります,4,yes,SNR00dB,J_HT1_32_0db.wav,99,yes
36,440,japanese,sentence,SpeechBoxHINTList,1,33,病院で名前を何度も呼ばれた,4,yes,SNR00dB,J_HT1_33_0db.wav,99,yes
36,440,japanese,sentence,SpeechBoxHINTList,1,35,居眠り運転は大変危険だ,4,yes,SNR05dB,J_HT1_35_5db.wav,75,yes
36,440,japanese,sentence,SpeechBoxHINTList,1,36,枕が高いと首が疲れます,4,yes,SNR05dB,J_HT1_36_5db.wav,99,yes
36,440,japanese,sentence,SpeechBoxHINTList,1,37,険しい山に一人で登った,4,yes,SNR05dB,J_HT1_37_5db.wav,99,yes
36,440,japanese,sentence,SpeechBoxHINTList,1,41,天気予報を聞いてから出かけます,3,yes,SNR05dB,J_HT1_41_5db.wav,99,yes
36,440,japanese,sentence,SpeechBoxHINTList,1,42,映画館の前で待ち合わせする,4,yes,SNR05dB,J_HT1_42_5db.wav,99,yes
36,440,japanese,sentence,SpeechBoxHINTList,1,43,今日は珍しく早く起きました,4,yes,SNR05dB,J_HT1_43_5db.wav,99,yes
36,440,japanese,sentence,SpeechBoxHINTList,1,44,母親の看病で寝不足です,3,yes,SNR05dB,J_HT1_44_5db.wav,99,yes
36,440,japanese,sentence,SpeechBoxHINTList,1,46,小さい頃の写真を見つけた,4,yes,SNR05dB,J_HT1_46_5db.wav,99,yes
36,440,japanese,sentence,SpeechBoxHINTList,1,55,洗濯物が乾いたので取り入れた,3,yes,SNR05dB,J_HT1_55_5db.wav,99,yes
36,440,japanese,sentence,SpeechBoxHINTList,1,57,編み物をしたら肩が凝った,4,yes,SNR05dB,J_HT1_57_5db.wav,99,yes
36,440,japanese,sentence,SpeechBoxHINTList,1,58,足元に注意しながら歩きます,4,yes,SNR05dB,J_HT1_58_5db.wav,99,yes
36,440,japanese,sentence,SpeechBoxHINTList,1,59,眼鏡をかけて新聞を読んだ,4,yes,SNR05dB,J_HT1_59_5db.wav,99,yes
36,440,japanese,sentence,SpeechBoxHINTList,2,1,私は田舎で生まれ育った,4,yes,SNR05dB,J_HT2_1_5db.wav,99,yes
36,440,japanese,sentence,SpeechBoxHINTList,2,4,電車や飛行機で旅行します,3,yes,SNR05dB,J_HT2_4_5db.wav,99,yes
36,440,japanese,sentence,SpeechBoxHINTList,2,6,道に迷って交番で尋ねた,4,yes,SNR05dB,J_HT2_6_5db.wav,99,yes
36,440,japanese,sentence,SpeechBoxHINTList,2,7,大学受験はとても難しい,4,yes,SNR10dB,J_HT2_7_10db.wav,99,yes
36,440,japanese,sentence,SpeechBoxHINTList,2,9,出かける前には戸締りをします,4,yes,SNR10dB,J_HT2_9_10db.wav,99,yes
36,440,japanese,sentence,SpeechBoxHINTList,2,11,悩みを友達によく相談した,4,yes,SNR10dB,J_HT2_11_10db.wav,99,yes
36,440,japanese,sentence,SpeechBoxHINTList,2,13,銀行が近くにあって便利です,4,yes,SNR10dB,J_HT2_13_10db.wav,99,yes
36,440,japanese,sentence,SpeechBoxHINTList,2,15,昔話を聞きながら眠った,3,yes,SNR10dB,J_HT2_15_10db.wav,99,yes
36,440,japanese,sentence,SpeechBoxHINTList,2,20,仕事で帰りが遅くなりました,4,yes,SNR10dB,J_HT2_20_10db.wav,99,yes
36,440,japanese,sentence,SpeechBoxHINTList,2,22,お年寄りには座席を譲ります,3,yes,SNR10dB,J_HT2_22_10db.wav,99,yes
36,440,japanese,sentence,SpeechBoxHINTList,2,23,やかんをひっくり返してやけどした,4,yes,SNR10dB,J_HT2_23_10db.wav,99,yes
36,440,japanese,sentence,SpeechBoxHINTList,2,32,知らない人に親切にされた,4,yes,SNR10dB,J_HT2_32_10db.wav,99,yes
36,440,japanese,sentence,SpeechBoxHINTList,2,34,牧場に黒い羊がいました,4,yes,SNR10dB,J_HT2_34_10db.wav,99,yes
36,440,japanese,sentence,SpeechBoxHINTList,2,36,鉛筆と消しゴムを用意する,3,yes,SNR10dB,J_HT2_36_10db.wav,99,yes
36,440,japanese,sentence,SpeechBoxHINTList,2,38,電車とバスに乗って帰ります,4,yes,SNR10dB,J_HT2_38_10db.wav,99,yes
36,440,japanese,sentence,SpeechBoxHINTList,2,40,道路の真ん中を歩くのは危ない,4,yes,SNR10dB,J_HT2_40_10db.wav,99,yes
36,440,japanese,sentence,SpeechBoxHINTList,2,41,天気が良いので布団を干した,4,yes,SNR10dB,J_HT2_41_10db.wav,99,yes
36,440,japanese,sentence,SpeechBoxHINTList,2,47,隅々まで丁寧に掃除する,4,yes,SNR10dB,J_HT2_47_10db.wav,99,yes
36,440,japanese,sentence,SpeechBoxHINTList,2,48,貰ったおこづかいを全部使った,4,no,quiet,J_HT2_48.wav,99,yes
36,440,japanese,sentence,SpeechBoxHINTList,2,50,郵便局で電気代を振り込む,3,no,quiet,J_HT2_50.wav,99,yes
36,440,japanese,sentence,SpeechBoxHINTList,2,53,病気の原因を詳しく調べた,4,no,quiet,J_HT2_53.wav,99,yes
36,440,japanese,sentence,SpeechBoxHINTList,2,57,みかんの花は白くてかわいい,4,no,quiet,J_HT2_57.wav,99,yes
36,440,japanese,sentence,SpeechBoxHINTList,2,58,泥棒が夜中に忍び込んだ,3,no,quiet,J_HT2_58.wav,99,yes
37,630,japanese,sentence,SpeechBoxHINTList,1,1,朝ご飯を食べて元気に出かけた,4,yes,SNR00dB,J_HT1_1_0db.wav,50,yes
37,630,japanese,sentence,SpeechBoxHINTList,1,3,音楽に合わせて楽しく踊る,4,yes,SNR00dB,J_HT1_3_0db.wav,99,yes
37,630,japanese,sentence,SpeechBoxHINTList,1,5,歯磨きを忘れると虫歯になる,4,yes,SNR00dB,J_HT1_5_0db.wav,99,yes
37,630,japanese,sentence,SpeechBoxHINTList,1,6,やっと町の明かりが見えてきた,4,yes,SNR00dB,J_HT1_6_0db.wav,99,yes
37,630,japanese,sentence,SpeechBoxHINTList,1,9,窓からぼんやり景色を眺めた,4,yes,SNR00dB,J_HT1_9_0db.wav,99,yes
37,630,japanese,sentence,SpeechBoxHINTList,1,15,お母さんが作るご飯はおいしい,4,yes,SNR00dB,J_HT1_15_0db.wav,99,yes
37,630,japanese,sentence,SpeechBoxHINTList,1,18,子供が悪戯して酷く怒られた,4,yes,SNR00dB,J_HT1_18_0db.wav,99,yes
37,630,japanese,sentence,SpeechBoxHINTList,1,20,汚れた洋服を洗濯しました,3,yes,SNR00dB,J_HT1_20_0db.wav,99,yes
37,630,japanese,sentence,SpeechBoxHINTList,1,21,手紙をもらって返事を書いた,4,yes,SNR00dB,J_HT1_21_0db.wav,99,yes
37,630,japanese,sentence,SpeechBoxHINTList,1,26,おじいちゃんは昔から厳しい人だ,4,yes,SNR00dB,J_HT1_26_0db.wav,99,yes
37,630,japanese,sentence,SpeechBoxHINTList,1,27,苦い薬は今でも嫌いです,4,yes,SNR00dB,J_HT1_27_0db.wav,99,yes
37,630,japanese,sentence,SpeechBoxHINTList,1,29,新しいおもちゃを見せて自慢する,4,yes,SNR00dB,J_HT1_29_0db.wav,99,yes
37,630,japanese,sentence,SpeechBoxHINTList,1,30,突然話題が途切れて困った,4,yes,SNR00dB,J_HT1_30_0db.wav,75,yes
37,630,japanese,sentence,SpeechBoxHINTList,1,32,帰りが遅いと心配になります,4,yes,SNR00dB,J_HT1_32_0db.wav,99,yes
37,630,japanese,sentence,SpeechBoxHINTList,1,33,病院で名前を何度も呼ばれた,4,yes,SNR00dB,J_HT1_33_0db.wav,99,yes
37,630,japanese,sentence,SpeechBoxHINTList,1,35,居眠り運転は大変危険だ,4,yes,SNR05dB,J_HT1_35_5db.wav,75,yes
37,630,japanese,sentence,SpeechBoxHINTList,1,36,枕が高いと首が疲れます,4,yes,SNR05dB,J_HT1_36_5db.wav,99,yes
37,630,japanese,sentence,SpeechBoxHINTList,1,37,険しい山に一人で登った,4,yes,SNR05dB,J_HT1_37_5db.wav,99,yes
37,630,japanese,sentence,SpeechBoxHINTList,1,41,天気予報を聞いてから出かけます,3,yes,SNR05dB,J_HT1_41_5db.wav,99,yes
37,630,japanese,sentence,SpeechBoxHINTList,1,42,映画館の前で待ち合わせする,4,yes,SNR05dB,J_HT1_42_5db.wav,99,yes
37,630,japanese,sentence,SpeechBoxHINTList,1,43,今日は珍しく早く起きました,4,yes,SNR05dB,J_HT1_43_5db.wav,99,yes
37,630,japanese,sentence,SpeechBoxHINTList,1,44,母親の看病で寝不足です,3,yes,SNR05dB,J_HT1_44_5db.wav,99,yes
37,630,japanese,sentence,SpeechBoxHINTList,1,46,小さい頃の写真を見つけた,4,yes,SNR05dB,J_HT1_46_5db.wav,99,yes
37,630,japanese,sentence,SpeechBoxHINTList,1,55,洗濯物が乾いたので取り入れた,3,yes,SNR05dB,J_HT1_55_5db.wav,99,yes
37,630,japanese,sentence,SpeechBoxHINTList,1,57,編み物をしたら肩が凝った,4,yes,SNR05dB,J_HT1_57_5db.wav,99,yes
37,630,japanese,sentence,SpeechBoxHINTList,1,58,足元に注意しながら歩きます,4,yes,SNR05dB,J_HT1_58_5db.wav,99,yes
37,630,japanese,sentence,SpeechBoxHINTList,1,59,眼鏡をかけて新聞を読んだ,4,yes,SNR05dB,J_HT1_59_5db.wav,99,yes
37,630,japanese,sentence,SpeechBoxHINTList,2,1,私は田舎で生まれ育った,4,yes,SNR05dB,J_HT2_1_5db.wav,99,yes
37,630,japanese,sentence,SpeechBoxHINTList,2,4,電車や飛行機で旅行します,3,yes,SNR05dB,J_HT2_4_5db.wav,99,yes
37,630,japanese,sentence,SpeechBoxHINTList,2,6,道に迷って交番で尋ねた,4,yes,SNR05dB,J_HT2_6_5db.wav,99,yes
37,630,japanese,sentence,SpeechBoxHINTList,2,7,大学受験はとても難しい,4,yes,SNR10dB,J_HT2_7_10db.wav,99,yes
37,630,japanese,sentence,SpeechBoxHINTList,2,9,出かける前には戸締りをします,4,yes,SNR10dB,J_HT2_9_10db.wav,99,yes
37,630,japanese,sentence,SpeechBoxHINTList,2,11,悩みを友達によく相談した,4,yes,SNR10dB,J_HT2_11_10db.wav,99,yes
37,630,japanese,sentence,SpeechBoxHINTList,2,13,銀行が近くにあって便利です,4,yes,SNR10dB,J_HT2_13_10db.wav,99,yes
37,630,japanese,sentence,SpeechBoxHINTList,2,15,昔話を聞きながら眠った,3,yes,SNR10dB,J_HT2_15_10db.wav,99,yes
37,630,japanese,sentence,SpeechBoxHINTList,2,20,仕事で帰りが遅くなりました,4,yes,SNR10dB,J_HT2_20_10db.wav,99,yes
37,630,japanese,sentence,SpeechBoxHINTList,2,22,お年寄りには座席を譲ります,3,yes,SNR10dB,J_HT2_22_10db.wav,99,yes
37,630,japanese,sentence,SpeechBoxHINTList,2,23,やかんをひっくり返してやけどした,4,yes,SNR10dB,J_HT2_23_10db.wav,99,yes
37,630,japanese,sentence,SpeechBoxHINTList,2,32,知らない人に親切にされた,4,yes,SNR10dB,J_HT2_32_10db.wav,99,yes
37,630,japanese,sentence,SpeechBoxHINTList,2,34,牧場に黒い羊がいました,4,yes,SNR10dB,J_HT2_34_10db.wav,99,yes
37,630,japanese,sentence,SpeechBoxHINTList,2,36,鉛筆と消しゴムを用意する,3,yes,SNR10dB,J_HT2_36_10db.wav,99,yes
37,630,japanese,sentence,SpeechBoxHINTList,2,38,電車とバスに乗って帰ります,4,yes,SNR10dB,J_HT2_38_10db.wav,99,yes
37,630,japanese,sentence,SpeechBoxHINTList,2,40,道路の真ん中を歩くのは危ない,4,yes,SNR10dB,J_HT2_40_10db.wav,99,yes
37,630,japanese,sentence,SpeechBoxHINTList,2,41,天気が良いので布団を干した,4,yes,SNR10dB,J_HT2_41_10db.wav,99,yes
37,630,japanese,sentence,SpeechBoxHINTList,2,47,隅々まで丁寧に掃除する,4,yes,SNR10dB,J_HT2_47_10db.wav,99,yes
37,630,japanese,sentence,SpeechBoxHINTList,2,48,貰ったおこづかいを全部使った,4,no,quiet,J_HT2_48.wav,99,yes
37,630,japanese,sentence,SpeechBoxHINTList,2,50,郵便局で電気代を振り込む,3,no,quiet,J_HT2_50.wav,67,yes
37,630,japanese,sentence,SpeechBoxHINTList,2,53,病気の原因を詳しく調べた,4,no,quiet,J_HT2_53.wav,99,yes
37,630,japanese,sentence,SpeechBoxHINTList,2,57,みかんの花は白くてかわいい,4,no,quiet,J_HT2_57.wav,99,yes
37,630,japanese,sentence,SpeechBoxHINTList,2,58,泥棒が夜中に忍び込んだ,3,no,quiet,J_HT2_58.wav,99,yes
38,400,japanese,sentence,SpeechBoxHINTList,1,1,朝ご飯を食べて元気に出かけた,4,yes,SNR00dB,J_HT1_1_0db.wav,99,yes
38,400,japanese,sentence,SpeechBoxHINTList,1,3,音楽に合わせて楽しく踊る,4,yes,SNR00dB,J_HT1_3_0db.wav,99,yes
38,400,japanese,sentence,SpeechBoxHINTList,1,5,歯磨きを忘れると虫歯になる,4,yes,SNR00dB,J_HT1_5_0db.wav,99,yes
38,400,japanese,sentence,SpeechBoxHINTList,1,6,やっと町の明かりが見えてきた,4,yes,SNR00dB,J_HT1_6_0db.wav,75,yes
38,400,japanese,sentence,SpeechBoxHINTList,1,9,窓からぼんやり景色を眺めた,4,yes,SNR00dB,J_HT1_9_0db.wav,99,yes
38,400,japanese,sentence,SpeechBoxHINTList,1,15,お母さんが作るご飯はおいしい,4,yes,SNR00dB,J_HT1_15_0db.wav,99,yes
38,400,japanese,sentence,SpeechBoxHINTList,1,18,子供が悪戯して酷く怒られた,4,yes,SNR00dB,J_HT1_18_0db.wav,99,yes
38,400,japanese,sentence,SpeechBoxHINTList,1,20,汚れた洋服を洗濯しました,3,yes,SNR00dB,J_HT1_20_0db.wav,99,yes
38,400,japanese,sentence,SpeechBoxHINTList,1,21,手紙をもらって返事を書いた,4,yes,SNR00dB,J_HT1_21_0db.wav,99,yes
38,400,japanese,sentence,SpeechBoxHINTList,1,26,おじいちゃんは昔から厳しい人だ,4,yes,SNR00dB,J_HT1_26_0db.wav,99,yes
38,400,japanese,sentence,SpeechBoxHINTList,1,27,苦い薬は今でも嫌いです,4,yes,SNR00dB,J_HT1_27_0db.wav,99,yes
38,400,japanese,sentence,SpeechBoxHINTList,1,29,新しいおもちゃを見せて自慢する,4,yes,SNR00dB,J_HT1_29_0db.wav,99,yes
38,400,japanese,sentence,SpeechBoxHINTList,1,30,突然話題が途切れて困った,4,yes,SNR00dB,J_HT1_30_0db.wav,99,yes
38,400,japanese,sentence,SpeechBoxHINTList,1,32,帰りが遅いと心配になります,4,yes,SNR00dB,J_HT1_32_0db.wav,99,yes
38,400,japanese,sentence,SpeechBoxHINTList,1,33,病院で名前を何度も呼ばれた,4,yes,SNR00dB,J_HT1_33_0db.wav,99,yes
38,400,japanese,sentence,SpeechBoxHINTList,1,35,居眠り運転は大変危険だ,4,yes,SNR05dB,J_HT1_35_5db.wav,75,yes
38,400,japanese,sentence,SpeechBoxHINTList,1,36,枕が高いと首が疲れます,4,yes,SNR05dB,J_HT1_36_5db.wav,99,yes
38,400,japanese,sentence,SpeechBoxHINTList,1,37,険しい山に一人で登った,4,yes,SNR05dB,J_HT1_37_5db.wav,99,yes
38,400,japanese,sentence,SpeechBoxHINTList,1,41,天気予報を聞いてから出かけます,3,yes,SNR05dB,J_HT1_41_5db.wav,99,yes
38,400,japanese,sentence,SpeechBoxHINTList,1,42,映画館の前で待ち合わせする,4,yes,SNR05dB,J_HT1_42_5db.wav,99,yes
38,400,japanese,sentence,SpeechBoxHINTList,1,43,今日は珍しく早く起きました,4,yes,SNR05dB,J_HT1_43_5db.wav,99,yes
38,400,japanese,sentence,SpeechBoxHINTList,1,44,母親の看病で寝不足です,3,yes,SNR05dB,J_HT1_44_5db.wav,99,yes
38,400,japanese,sentence,SpeechBoxHINTList,1,46,小さい頃の写真を見つけた,4,yes,SNR05dB,J_HT1_46_5db.wav,99,yes
38,400,japanese,sentence,SpeechBoxHINTList,1,55,洗濯物が乾いたので取り入れた,3,yes,SNR05dB,J_HT1_55_5db.wav,99,yes
38,400,japanese,sentence,SpeechBoxHINTList,1,57,編み物をしたら肩が凝った,4,yes,SNR05dB,J_HT1_57_5db.wav,99,yes
38,400,japanese,sentence,SpeechBoxHINTList,1,58,足元に注意しながら歩きます,4,yes,SNR05dB,J_HT1_58_5db.wav,99,yes
38,400,japanese,sentence,SpeechBoxHINTList,1,59,眼鏡をかけて新聞を読んだ,4,yes,SNR05dB,J_HT1_59_5db.wav,99,yes
38,400,japanese,sentence,SpeechBoxHINTList,2,1,私は田舎で生まれ育った,4,yes,SNR05dB,J_HT2_1_5db.wav,99,yes
38,400,japanese,sentence,SpeechBoxHINTList,2,4,電車や飛行機で旅行します,3,yes,SNR05dB,J_HT2_4_5db.wav,99,yes
38,400,japanese,sentence,SpeechBoxHINTList,2,6,道に迷って交番で尋ねた,4,yes,SNR05dB,J_HT2_6_5db.wav,99,yes
38,400,japanese,sentence,SpeechBoxHINTList,2,7,大学受験はとても難しい,4,yes,SNR10dB,J_HT2_7_10db.wav,99,yes
38,400,japanese,sentence,SpeechBoxHINTList,2,9,出かける前には戸締りをします,4,yes,SNR10dB,J_HT2_9_10db.wav,99,yes
38,400,japanese,sentence,SpeechBoxHINTList,2,11,悩みを友達によく相談した,4,yes,SNR10dB,J_HT2_11_10db.wav,99,yes
38,400,japanese,sentence,SpeechBoxHINTList,2,13,銀行が近くにあって便利です,4,yes,SNR10dB,J_HT2_13_10db.wav,99,yes
38,400,japanese,sentence,SpeechBoxHINTList,2,15,昔話を聞きながら眠った,3,yes,SNR10dB,J_HT2_15_10db.wav,99,yes
38,400,japanese,sentence,SpeechBoxHINTList,2,20,仕事で帰りが遅くなりました,4,yes,SNR10dB,J_HT2_20_10db.wav,67,yes
38,400,japanese,sentence,SpeechBoxHINTList,2,22,お年寄りには座席を譲ります,3,yes,SNR10dB,J_HT2_22_10db.wav,99,yes
38,400,japanese,sentence,SpeechBoxHINTList,2,23,やかんをひっくり返してやけどした,4,yes,SNR10dB,J_HT2_23_10db.wav,99,yes
38,400,japanese,sentence,SpeechBoxHINTList,2,32,知らない人に親切にされた,4,yes,SNR10dB,J_HT2_32_10db.wav,99,yes
38,400,japanese,sentence,SpeechBoxHINTList,2,34,牧場に黒い羊がいました,4,yes,SNR10dB,J_HT2_34_10db.wav,99,yes
38,400,japanese,sentence,SpeechBoxHINTList,2,36,鉛筆と消しゴムを用意する,3,yes,SNR10dB,J_HT2_36_10db.wav,99,yes
38,400,japanese,sentence,SpeechBoxHINTList,2,38,電車とバスに乗って帰ります,4,yes,SNR10dB,J_HT2_38_10db.wav,99,yes
38,400,japanese,sentence,SpeechBoxHINTList,2,40,道路の真ん中を歩くのは危ない,4,yes,SNR10dB,J_HT2_40_10db.wav,99,yes
38,400,japanese,sentence,SpeechBoxHINTList,2,41,天気が良いので布団を干した,4,yes,SNR10dB,J_HT2_41_10db.wav,99,yes
38,400,japanese,sentence,SpeechBoxHINTList,2,47,隅々まで丁寧に掃除する,4,yes,SNR10dB,J_HT2_47_10db.wav,99,yes
38,400,japanese,sentence,SpeechBoxHINTList,2,48,貰ったおこづかいを全部使った,4,no,quiet,J_HT2_48.wav,99,yes
38,400,japanese,sentence,SpeechBoxHINTList,2,50,郵便局で電気代を振り込む,3,no,quiet,J_HT2_50.wav,99,yes
38,400,japanese,sentence,SpeechBoxHINTList,2,53,病気の原因を詳しく調べた,4,no,quiet,J_HT2_53.wav,99,yes
38,400,japanese,sentence,SpeechBoxHINTList,2,57,みかんの花は白くてかわいい,4,no,quiet,J_HT2_57.wav,99,yes
38,400,japanese,sentence,SpeechBoxHINTList,2,58,泥棒が夜中に忍び込んだ,3,no,quiet,J_HT2_58.wav,99,yes
39,615,japanese,sentence,SpeechBoxHINTList,1,1,朝ご飯を食べて元気に出かけた,4,yes,SNR00dB,J_HT1_1_0db.wav,75,yes
39,615,japanese,sentence,SpeechBoxHINTList,1,3,音楽に合わせて楽しく踊る,4,yes,SNR00dB,J_HT1_3_0db.wav,99,yes
39,615,japanese,sentence,SpeechBoxHINTList,1,5,歯磨きを忘れると虫歯になる,4,yes,SNR00dB,J_HT1_5_0db.wav,99,yes
39,615,japanese,sentence,SpeechBoxHINTList,1,6,やっと町の明かりが見えてきた,4,yes,SNR00dB,J_HT1_6_0db.wav,99,yes
39,615,japanese,sentence,SpeechBoxHINTList,1,9,窓からぼんやり景色を眺めた,4,yes,SNR00dB,J_HT1_9_0db.wav,75,yes
39,615,japanese,sentence,SpeechBoxHINTList,1,15,お母さんが作るご飯はおいしい,4,yes,SNR00dB,J_HT1_15_0db.wav,99,yes
39,615,japanese,sentence,SpeechBoxHINTList,1,18,子供が悪戯して酷く怒られた,4,yes,SNR00dB,J_HT1_18_0db.wav,99,yes
39,615,japanese,sentence,SpeechBoxHINTList,1,20,汚れた洋服を洗濯しました,3,yes,SNR00dB,J_HT1_20_0db.wav,99,yes
39,615,japanese,sentence,SpeechBoxHINTList,1,21,手紙をもらって返事を書いた,4,yes,SNR00dB,J_HT1_21_0db.wav,99,yes
39,615,japanese,sentence,SpeechBoxHINTList,1,26,おじいちゃんは昔から厳しい人だ,4,yes,SNR00dB,J_HT1_26_0db.wav,99,yes
39,615,japanese,sentence,SpeechBoxHINTList,1,27,苦い薬は今でも嫌いです,4,yes,SNR00dB,J_HT1_27_0db.wav,99,yes
39,615,japanese,sentence,SpeechBoxHINTList,1,29,新しいおもちゃを見せて自慢する,4,yes,SNR00dB,J_HT1_29_0db.wav,99,yes
39,615,japanese,sentence,SpeechBoxHINTList,1,30,突然話題が途切れて困った,4,yes,SNR00dB,J_HT1_30_0db.wav,75,yes
39,615,japanese,sentence,SpeechBoxHINTList,1,32,帰りが遅いと心配になります,4,yes,SNR00dB,J_HT1_32_0db.wav,99,yes
39,615,japanese,sentence,SpeechBoxHINTList,1,33,病院で名前を何度も呼ばれた,4,yes,SNR00dB,J_HT1_33_0db.wav,99,yes
39,615,japanese,sentence,SpeechBoxHINTList,1,35,居眠り運転は大変危険だ,4,yes,SNR05dB,J_HT1_35_5db.wav,75,yes
39,615,japanese,sentence,SpeechBoxHINTList,1,36,枕が高いと首が疲れます,4,yes,SNR05dB,J_HT1_36_5db.wav,99,yes
39,615,japanese,sentence,SpeechBoxHINTList,1,37,険しい山に一人で登った,4,yes,SNR05dB,J_HT1_37_5db.wav,99,yes
39,615,japanese,sentence,SpeechBoxHINTList,1,41,天気予報を聞いてから出かけます,3,yes,SNR05dB,J_HT1_41_5db.wav,99,yes
39,615,japanese,sentence,SpeechBoxHINTList,1,42,映画館の前で待ち合わせする,4,yes,SNR05dB,J_HT1_42_5db.wav,99,yes
39,615,japanese,sentence,SpeechBoxHINTList,1,43,今日は珍しく早く起きました,4,yes,SNR05dB,J_HT1_43_5db.wav,99,yes
39,615,japanese,sentence,SpeechBoxHINTList,1,44,母親の看病で寝不足です,3,yes,SNR05dB,J_HT1_44_5db.wav,99,yes
39,615,japanese,sentence,SpeechBoxHINTList,1,46,小さい頃の写真を見つけた,4,yes,SNR05dB,J_HT1_46_5db.wav,99,yes
39,615,japanese,sentence,SpeechBoxHINTList,1,55,洗濯物が乾いたので取り入れた,3,yes,SNR05dB,J_HT1_55_5db.wav,99,yes
39,615,japanese,sentence,SpeechBoxHINTList,1,57,編み物をしたら肩が凝った,4,yes,SNR05dB,J_HT1_57_5db.wav,99,yes
39,615,japanese,sentence,SpeechBoxHINTList,1,58,足元に注意しながら歩きます,4,yes,SNR05dB,J_HT1_58_5db.wav,99,yes
39,615,japanese,sentence,SpeechBoxHINTList,1,59,眼鏡をかけて新聞を読んだ,4,yes,SNR05dB,J_HT1_59_5db.wav,99,yes
39,615,japanese,sentence,SpeechBoxHINTList,2,1,私は田舎で生まれ育った,4,yes,SNR05dB,J_HT2_1_5db.wav,99,yes
39,615,japanese,sentence,SpeechBoxHINTList,2,4,電車や飛行機で旅行します,3,yes,SNR05dB,J_HT2_4_5db.wav,99,yes
39,615,japanese,sentence,SpeechBoxHINTList,2,6,道に迷って交番で尋ねた,4,yes,SNR05dB,J_HT2_6_5db.wav,99,yes
39,615,japanese,sentence,SpeechBoxHINTList,2,7,大学受験はとても難しい,4,yes,SNR10dB,J_HT2_7_10db.wav,99,yes
39,615,japanese,sentence,SpeechBoxHINTList,2,9,出かける前には戸締りをします,4,yes,SNR10dB,J_HT2_9_10db.wav,99,yes
39,615,japanese,sentence,SpeechBoxHINTList,2,11,悩みを友達によく相談した,4,yes,SNR10dB,J_HT2_11_10db.wav,99,yes
39,615,japanese,sentence,SpeechBoxHINTList,2,13,銀行が近くにあって便利です,4,yes,SNR10dB,J_HT2_13_10db.wav,99,yes
39,615,japanese,sentence,SpeechBoxHINTList,2,15,昔話を聞きながら眠った,3,yes,SNR10dB,J_HT2_15_10db.wav,99,yes
39,615,japanese,sentence,SpeechBoxHINTList,2,20,仕事で帰りが遅くなりました,4,yes,SNR10dB,J_HT2_20_10db.wav,99,yes
39,615,japanese,sentence,SpeechBoxHINTList,2,22,お年寄りには座席を譲ります,3,yes,SNR10dB,J_HT2_22_10db.wav,99,yes
39,615,japanese,sentence,SpeechBoxHINTList,2,23,やかんをひっくり返してやけどした,4,yes,SNR10dB,J_HT2_23_10db.wav,99,yes
39,615,japanese,sentence,SpeechBoxHINTList,2,32,知らない人に親切にされた,4,yes,SNR10dB,J_HT2_32_10db.wav,99,yes
39,615,japanese,sentence,SpeechBoxHINTList,2,34,牧場に黒い羊がいました,4,yes,SNR10dB,J_HT2_34_10db.wav,99,yes
39,615,japanese,sentence,SpeechBoxHINTList,2,36,鉛筆と消しゴムを用意する,3,yes,SNR10dB,J_HT2_36_10db.wav,67,yes
39,615,japanese,sentence,SpeechBoxHINTList,2,38,電車とバスに乗って帰ります,4,yes,SNR10dB,J_HT2_38_10db.wav,99,yes
39,615,japanese,sentence,SpeechBoxHINTList,2,40,道路の真ん中を歩くのは危ない,4,yes,SNR10dB,J_HT2_40_10db.wav,99,yes
39,615,japanese,sentence,SpeechBoxHINTList,2,41,天気が良いので布団を干した,4,yes,SNR10dB,J_HT2_41_10db.wav,99,yes
39,615,japanese,sentence,SpeechBoxHINTList,2,47,隅々まで丁寧に掃除する,4,yes,SNR10dB,J_HT2_47_10db.wav,99,yes
39,615,japanese,sentence,SpeechBoxHINTList,2,48,貰ったおこづかいを全部使った,4,no,quiet,J_HT2_48.wav,99,yes
39,615,japanese,sentence,SpeechBoxHINTList,2,50,郵便局で電気代を振り込む,3,no,quiet,J_HT2_50.wav,99,yes
39,615,japanese,sentence,SpeechBoxHINTList,2,53,病気の原因を詳しく調べた,4,no,quiet,J_HT2_53.wav,99,yes
39,615,japanese,sentence,SpeechBoxHINTList,2,57,みかんの花は白くてかわいい,4,no,quiet,J_HT2_57.wav,99,yes
39,615,japanese,sentence,SpeechBoxHINTList,2,58,泥棒が夜中に忍び込んだ,3,no,quiet,J_HT2_58.wav,99,yes
40,735,japanese,sentence,SpeechBoxHINTList,1,1,朝ご飯を食べて元気に出かけた,4,yes,SNR00dB,J_HT1_1_0db.wav,75,yes
40,735,japanese,sentence,SpeechBoxHINTList,1,3,音楽に合わせて楽しく踊る,4,yes,SNR00dB,J_HT1_3_0db.wav,99,yes
40,735,japanese,sentence,SpeechBoxHINTList,1,5,歯磨きを忘れると虫歯になる,4,yes,SNR00dB,J_HT1_5_0db.wav,99,yes
40,735,japanese,sentence,SpeechBoxHINTList,1,6,やっと町の明かりが見えてきた,4,yes,SNR00dB,J_HT1_6_0db.wav,99,yes
40,735,japanese,sentence,SpeechBoxHINTList,1,9,窓からぼんやり景色を眺めた,4,yes,SNR00dB,J_HT1_9_0db.wav,75,yes
40,735,japanese,sentence,SpeechBoxHINTList,1,15,お母さんが作るご飯はおいしい,4,yes,SNR00dB,J_HT1_15_0db.wav,99,yes
40,735,japanese,sentence,SpeechBoxHINTList,1,18,子供が悪戯して酷く怒られた,4,yes,SNR00dB,J_HT1_18_0db.wav,99,yes
40,735,japanese,sentence,SpeechBoxHINTList,1,20,汚れた洋服を洗濯しました,3,yes,SNR00dB,J_HT1_20_0db.wav,99,yes
40,735,japanese,sentence,SpeechBoxHINTList,1,21,手紙をもらって返事を書いた,4,yes,SNR00dB,J_HT1_21_0db.wav,75,yes
40,735,japanese,sentence,SpeechBoxHINTList,1,26,おじいちゃんは昔から厳しい人だ,4,yes,SNR00dB,J_HT1_26_0db.wav,99,yes
40,735,japanese,sentence,SpeechBoxHINTList,1,27,苦い薬は今でも嫌いです,4,yes,SNR00dB,J_HT1_27_0db.wav,99,yes
40,735,japanese,sentence,SpeechBoxHINTList,1,29,新しいおもちゃを見せて自慢する,4,yes,SNR00dB,J_HT1_29_0db.wav,99,yes
40,735,japanese,sentence,SpeechBoxHINTList,1,30,突然話題が途切れて困った,4,yes,SNR00dB,J_HT1_30_0db.wav,75,yes
40,735,japanese,sentence,SpeechBoxHINTList,1,32,帰りが遅いと心配になります,4,yes,SNR00dB,J_HT1_32_0db.wav,99,yes
40,735,japanese,sentence,SpeechBoxHINTList,1,33,病院で名前を何度も呼ばれた,4,yes,SNR00dB,J_HT1_33_0db.wav,99,yes
40,735,japanese,sentence,SpeechBoxHINTList,1,35,居眠り運転は大変危険だ,4,yes,SNR05dB,J_HT1_35_5db.wav,75,yes
40,735,japanese,sentence,SpeechBoxHINTList,1,36,枕が高いと首が疲れます,4,yes,SNR05dB,J_HT1_36_5db.wav,99,yes
40,735,japanese,sentence,SpeechBoxHINTList,1,37,険しい山に一人で登った,4,yes,SNR05dB,J_HT1_37_5db.wav,99,yes
40,735,japanese,sentence,SpeechBoxHINTList,1,41,天気予報を聞いてから出かけます,3,yes,SNR05dB,J_HT1_41_5db.wav,99,yes
40,735,japanese,sentence,SpeechBoxHINTList,1,42,映画館の前で待ち合わせする,4,yes,SNR05dB,J_HT1_42_5db.wav,99,yes
40,735,japanese,sentence,SpeechBoxHINTList,1,43,今日は珍しく早く起きました,4,yes,SNR05dB,J_HT1_43_5db.wav,99,yes
40,735,japanese,sentence,SpeechBoxHINTList,1,44,母親の看病で寝不足です,3,yes,SNR05dB,J_HT1_44_5db.wav,99,yes
40,735,japanese,sentence,SpeechBoxHINTList,1,46,小さい頃の写真を見つけた,4,yes,SNR05dB,J_HT1_46_5db.wav,99,yes
40,735,japanese,sentence,SpeechBoxHINTList,1,55,洗濯物が乾いたので取り入れた,3,yes,SNR05dB,J_HT1_55_5db.wav,99,yes
40,735,japanese,sentence,SpeechBoxHINTList,1,57,編み物をしたら肩が凝った,4,yes,SNR05dB,J_HT1_57_5db.wav,99,yes
40,735,japanese,sentence,SpeechBoxHINTList,1,58,足元に注意しながら歩きます,4,yes,SNR05dB,J_HT1_58_5db.wav,99,yes
40,735,japanese,sentence,SpeechBoxHINTList,1,59,眼鏡をかけて新聞を読んだ,4,yes,SNR05dB,J_HT1_59_5db.wav,99,yes
40,735,japanese,sentence,SpeechBoxHINTList,2,1,私は田舎で生まれ育った,4,yes,SNR05dB,J_HT2_1_5db.wav,99,yes
40,735,japanese,sentence,SpeechBoxHINTList,2,4,電車や飛行機で旅行します,3,yes,SNR05dB,J_HT2_4_5db.wav,99,yes
40,735,japanese,sentence,SpeechBoxHINTList,2,6,道に迷って交番で尋ねた,4,yes,SNR05dB,J_HT2_6_5db.wav,99,yes
40,735,japanese,sentence,SpeechBoxHINTList,2,7,大学受験はとても難しい,4,yes,SNR10dB,J_HT2_7_10db.wav,99,yes
40,735,japanese,sentence,SpeechBoxHINTList,2,9,出かける前には戸締りをします,4,yes,SNR10dB,J_HT2_9_10db.wav,99,yes
40,735,japanese,sentence,SpeechBoxHINTList,2,11,悩みを友達によく相談した,4,yes,SNR10dB,J_HT2_11_10db.wav,99,yes
40,735,japanese,sentence,SpeechBoxHINTList,2,13,銀行が近くにあって便利です,4,yes,SNR10dB,J_HT2_13_10db.wav,99,yes
40,735,japanese,sentence,SpeechBoxHINTList,2,15,昔話を聞きながら眠った,3,yes,SNR10dB,J_HT2_15_10db.wav,99,yes
40,735,japanese,sentence,SpeechBoxHINTList,2,20,仕事で帰りが遅くなりました,4,yes,SNR10dB,J_HT2_20_10db.wav,99,yes
40,735,japanese,sentence,SpeechBoxHINTList,2,22,お年寄りには座席を譲ります,3,yes,SNR10dB,J_HT2_22_10db.wav,99,yes
40,735,japanese,sentence,SpeechBoxHINTList,2,23,やかんをひっくり返してやけどした,4,yes,SNR10dB,J_HT2_23_10db.wav,99,yes
40,735,japanese,sentence,SpeechBoxHINTList,2,32,知らない人に親切にされた,4,yes,SNR10dB,J_HT2_32_10db.wav,99,yes
40,735,japanese,sentence,SpeechBoxHINTList,2,34,牧場に黒い羊がいました,4,yes,SNR10dB,J_HT2_34_10db.wav,99,yes
40,735,japanese,sentence,SpeechBoxHINTList,2,36,鉛筆と消しゴムを用意する,3,yes,SNR10dB,J_HT2_36_10db.wav,99,yes
40,735,japanese,sentence,SpeechBoxHINTList,2,38,電車とバスに乗って帰ります,4,yes,SNR10dB,J_HT2_38_10db.wav,99,yes
40,735,japanese,sentence,SpeechBoxHINTList,2,40,道路の真ん中を歩くのは危ない,4,yes,SNR10dB,J_HT2_40_10db.wav,99,yes
40,735,japanese,sentence,SpeechBoxHINTList,2,41,天気が良いので布団を干した,4,yes,SNR10dB,J_HT2_41_10db.wav,99,yes
40,735,japanese,sentence,SpeechBoxHINTList,2,47,隅々まで丁寧に掃除する,4,yes,SNR10dB,J_HT2_47_10db.wav,99,yes
40,735,japanese,sentence,SpeechBoxHINTList,2,48,貰ったおこづかいを全部使った,4,no,quiet,J_HT2_48.wav,99,yes
40,735,japanese,sentence,SpeechBoxHINTList,2,50,郵便局で電気代を振り込む,3,no,quiet,J_HT2_50.wav,99,yes
40,735,japanese,sentence,SpeechBoxHINTList,2,53,病気の原因を詳しく調べた,4,no,quiet,J_HT2_53.wav,99,yes
40,735,japanese,sentence,SpeechBoxHINTList,2,57,みかんの花は白くてかわいい,4,no,quiet,J_HT2_57.wav,99,yes
40,735,japanese,sentence,SpeechBoxHINTList,2,58,泥棒が夜中に忍び込んだ,3,no,quiet,J_HT2_58.wav,99,yes
1,500,english,sentence,SpeechBoxHINTList,1,1,a boy fell from the window,4,yes,SNR00dB,E_HT1_1_0db.wav,34,yes
1,500,english,sentence,SpeechBoxHINTList,1,2,the wife helped her husband,4,yes,SNR00dB,E_HT1_2_0db.wav,0,yes
1,500,english,sentence,SpeechBoxHINTList,1,3,big dogs can be dangerous,4,yes,SNR00dB,E_HT1_3_0db.wav,67,yes
1,500,english,sentence,SpeechBoxHINTList,1,4,the shoes were very dirty,4,yes,SNR00dB,E_HT1_4_0db.wav,0,yes
1,500,english,sentence,SpeechBoxHINTList,1,5,the player lost a shoe,3,yes,SNR00dB,E_HT1_5_0db.wav,67,yes
1,500,english,sentence,SpeechBoxHINTList,1,6,somebody stole the money,3,yes,SNR00dB,E_HT1_6_0db.wav,34,yes
1,500,english,sentence,SpeechBoxHINTList,1,7,the fire was very hot,4,yes,SNR00dB,E_HT1_7_0db.wav,34,yes
1,500,english,sentence,SpeechBoxHINTList,1,9,the picture came from a book,4,yes,SNR00dB,E_HT1_9_0db.wav,67,yes
1,500,english,sentence,SpeechBoxHINTList,1,10,the car is going too fast,5,yes,SNR00dB,E_HT1_10_0db.wav,0,yes
1,500,english,sentence,SpeechBoxHINTList,1,13,the family likes fish,3,yes,SNR00dB,E_HT1_13_0db.wav,0,yes
1,500,english,sentence,SpeechBoxHINTList,1,16,she argues with her sister,5,yes,SNR00dB,E_HT1_16_0db.wav,67,yes
1,500,english,sentence,SpeechBoxHINTList,1,17,the kitchen window was clean,4,yes,SNR00dB,E_HT1_17_0db.wav,99,yes
1,500,english,sentence,SpeechBoxHINTList,1,22,the table has three legs,4,yes,SNR00dB,E_HT1_22_0db.wav,25,yes
1,500,english,sentence,SpeechBoxHINTList,1,28,the dog is eating some meat,5,yes,SNR00dB,E_HT1_28_0db.wav,25,yes
1,500,english,sentence,SpeechBoxHINTList,1,29,father forgot the bread,3,yes,SNR00dB,E_HT1_29_0db.wav,0,yes
1,500,english,sentence,SpeechBoxHINTList,1,30,the road goes up a hill,4,yes,SNR05dB,E_HT1_30_5db.wav,0,yes
1,500,english,sentence,SpeechBoxHINTList,1,31,the painter uses a brush,3,yes,SNR05dB,E_HT1_31_5db.wav,67,yes
1,500,english,sentence,SpeechBoxHINTList,1,32,the family bought a house,3,yes,SNR05dB,E_HT1_32_5db.wav,0,yes
1,500,english,sentence,SpeechBoxHINTList,1,33,swimmers can hold their breath,5,yes,SNR05dB,E_HT1_33_5db.wav,0,yes
1,500,english,sentence,SpeechBoxHINTList,1,36,the food is expensive,3,yes,SNR05dB,E_HT1_36_5db.wav,50,yes
1,500,english,sentence,SpeechBoxHINTList,1,37,the children are walking home,4,yes,SNR05dB,E_HT1_37_5db.wav,34,yes
1,500,english,sentence,SpeechBoxHINTList,1,44,rain is good for trees,5,yes,SNR05dB,E_HT1_44_5db.wav,34,yes
1,500,english,sentence,SpeechBoxHINTList,1,47,the baby slept all night,4,yes,SNR05dB,E_HT1_47_5db.wav,75,yes
1,500,english,sentence,SpeechBoxHINTList,1,53,flowers can grow in the pot,5,yes,SNR05dB,E_HT1_53_5db.wav,0,yes
1,500,english,sentence,SpeechBoxHINTList,1,58,the match boxes are empty,4,yes,SNR05dB,E_HT1_58_5db.wav,34,yes
1,500,english,sentence,SpeechBoxHINTList,1,60,the dog came home at last,5,yes,SNR05dB,E_HT1_60_5db.wav,75,yes
1,500,english,sentence,SpeechBoxHINTList,2,2,they found his brother hiding,5,yes,SNR05dB,E_HT2_2_5db.wav,0,yes
1,500,english,sentence,SpeechBoxHINTList,2,4,the book tells a story,3,yes,SNR05dB,E_HT2_4_5db.wav,50,yes
1,500,english,sentence,SpeechBoxHINTList,2,6,the milk was by the front door,5,yes,SNR05dB,E_HT2_6_5db.wav,34,yes
1,500,english,sentence,SpeechBoxHINTList,2,8,the new road is on the map,5,yes,SNR05dB,E_HT2_8_5db.wav,99,yes
1,500,english,sentence,SpeechBoxHINTList,2,9,she lost her credit card,5,yes,SNR10dB,E_HT2_9_10db.wav,99,yes
1,500,english,sentence,SpeechBoxHINTList,2,10,the team is playing well,4,yes,SNR10dB,E_HT2_10_10db.wav,67,yes
1,500,english,sentence,SpeechBoxHINTList,2,13,the young people are dancing,4,yes,SNR10dB,E_HT2_13_10db.wav,67,yes
1,500,english,sentence,SpeechBoxHINTList,2,15,the shirts are in the closet,4,yes,SNR10dB,E_HT2_15_10db.wav,50,yes
1,500,english,sentence,SpeechBoxHINTList,2,18,the truck drove up the road,4,yes,SNR10dB,E_HT2_18_10db.wav,0,yes
1,500,english,sentence,SpeechBoxHINTList,2,20,a letter fell on the floor,4,yes,SNR10dB,E_HT2_20_10db.wav,0,yes
1,500,english,sentence,SpeechBoxHINTList,2,23,the football game is over,4,yes,SNR10dB,E_HT2_23_10db.wav,67,yes
1,500,english,sentence,SpeechBoxHINTList,2,26,the children helped their teacher,4,yes,SNR10dB,E_HT2_26_10db.wav,99,yes
1,500,english,sentence,SpeechBoxHINTList,2,27,they carried some shopping bags,5,yes,SNR10dB,E_HT2_27_10db.wav,25,yes
1,500,english,sentence,SpeechBoxHINTList,2,29,she uses her spoon to eat,6,yes,SNR10dB,E_HT2_29_10db.wav,50,yes
1,500,english,sentence,SpeechBoxHINTList,2,33,the dog is chasing the cat,4,yes,SNR10dB,E_HT2_33_10db.wav,67,yes
1,500,english,sentence,SpeechBoxHINTList,2,35,the bus leaves before the train,4,yes,SNR10dB,E_HT2_35_10db.wav,25,yes
1,500,english,sentence,SpeechBoxHINTList,2,37,the bag fell off the shelf,4,yes,SNR10dB,E_HT2_37_10db.wav,34,yes
1,500,english,sentence,SpeechBoxHINTList,2,38,they are coming for dinner,5,yes,SNR10dB,E_HT2_38_10db.wav,99,yes
1,500,english,sentence,SpeechBoxHINTList,2,44,sugar is very sweet,4,yes,SNR10dB,E_HT2_44_10db.wav,67,yes
1,500,english,sentence,SpeechBoxHINTList,2,51,the waiter brought the cream,3,no,quiet,E_HT2_51.wav,0,yes
1,500,english,sentence,SpeechBoxHINTList,2,53,the apple pie is good,4,no,quiet,E_HT2_53.wav,99,yes
1,500,english,sentence,SpeechBoxHINTList,2,55,the girl is washing her hair,5,no,quiet,E_HT2_55.wav,99,yes
1,500,english,sentence,SpeechBoxHINTList,2,58,they called an ambulance,3,no,quiet,E_HT2_58.wav,0,yes
1,500,english,sentence,SpeechBoxHINTList,2,60,he climbed up the ladder,4,no,quiet,E_HT2_60.wav,25,yes
2,615,english,sentence,SpeechBoxHINTList,1,1,a boy fell from the window,4,yes,SNR00dB,E_HT1_1_0db.wav,67,yes
2,615,english,sentence,SpeechBoxHINTList,1,2,the wife helped her husband,4,yes,SNR00dB,E_HT1_2_0db.wav,67,yes
2,615,english,sentence,SpeechBoxHINTList,1,3,big dogs can be dangerous,4,yes,SNR00dB,E_HT1_3_0db.wav,67,yes
2,615,english,sentence,SpeechBoxHINTList,1,4,the shoes were very dirty,4,yes,SNR00dB,E_HT1_4_0db.wav,67,yes
2,615,english,sentence,SpeechBoxHINTList,1,5,the player lost a shoe,3,yes,SNR00dB,E_HT1_5_0db.wav,99,yes
2,615,english,sentence,SpeechBoxHINTList,1,6,somebody stole the money,3,yes,SNR00dB,E_HT1_6_0db.wav,67,yes
2,615,english,sentence,SpeechBoxHINTList,1,7,the fire was very hot,4,yes,SNR00dB,E_HT1_7_0db.wav,34,yes
2,615,english,sentence,SpeechBoxHINTList,1,9,the picture came from a book,4,yes,SNR00dB,E_HT1_9_0db.wav,99,yes
2,615,english,sentence,SpeechBoxHINTList,1,10,the car is going too fast,5,yes,SNR00dB,E_HT1_10_0db.wav,75,yes
2,615,english,sentence,SpeechBoxHINTList,1,13,the family likes fish,3,yes,SNR00dB,E_HT1_13_0db.wav,99,yes
2,615,english,sentence,SpeechBoxHINTList,1,16,she argues with her sister,5,yes,SNR00dB,E_HT1_16_0db.wav,99,yes
2,615,english,sentence,SpeechBoxHINTList,1,17,the kitchen window was clean,4,yes,SNR00dB,E_HT1_17_0db.wav,99,yes
2,615,english,sentence,SpeechBoxHINTList,1,22,the table has three legs,4,yes,SNR00dB,E_HT1_22_0db.wav,75,yes
2,615,english,sentence,SpeechBoxHINTList,1,28,the dog is eating some meat,5,yes,SNR00dB,E_HT1_28_0db.wav,75,yes
2,615,english,sentence,SpeechBoxHINTList,1,29,father forgot the bread,3,yes,SNR00dB,E_HT1_29_0db.wav,67,yes
2,615,english,sentence,SpeechBoxHINTList,1,30,the road goes up a hill,4,yes,SNR05dB,E_HT1_30_5db.wav,25,yes
2,615,english,sentence,SpeechBoxHINTList,1,31,the painter uses a brush,3,yes,SNR05dB,E_HT1_31_5db.wav,99,yes
2,615,english,sentence,SpeechBoxHINTList,1,32,the family bought a house,3,yes,SNR05dB,E_HT1_32_5db.wav,99,yes
2,615,english,sentence,SpeechBoxHINTList,1,33,swimmers can hold their breath,5,yes,SNR05dB,E_HT1_33_5db.wav,34,yes
2,615,english,sentence,SpeechBoxHINTList,1,36,the food is expensive,3,yes,SNR05dB,E_HT1_36_5db.wav,99,yes
2,615,english,sentence,SpeechBoxHINTList,1,37,the children are walking home,4,yes,SNR05dB,E_HT1_37_5db.wav,34,yes
2,615,english,sentence,SpeechBoxHINTList,1,44,rain is good for trees,5,yes,SNR05dB,E_HT1_44_5db.wav,67,yes
2,615,english,sentence,SpeechBoxHINTList,1,47,the baby slept all night,4,yes,SNR05dB,E_HT1_47_5db.wav,75,yes
2,615,english,sentence,SpeechBoxHINTList,1,53,flowers can grow in the pot,5,yes,SNR05dB,E_HT1_53_5db.wav,67,yes
2,615,english,sentence,SpeechBoxHINTList,1,58,the match boxes are empty,4,yes,SNR05dB,E_HT1_58_5db.wav,67,yes
2,615,english,sentence,SpeechBoxHINTList,1,60,the dog came home at last,5,yes,SNR05dB,E_HT1_60_5db.wav,75,yes
2,615,english,sentence,SpeechBoxHINTList,2,2,they found his brother hiding,5,yes,SNR05dB,E_HT2_2_5db.wav,67,yes
2,615,english,sentence,SpeechBoxHINTList,2,4,the book tells a story,3,yes,SNR05dB,E_HT2_4_5db.wav,75,yes
2,615,english,sentence,SpeechBoxHINTList,2,6,the milk was by the front door,5,yes,SNR05dB,E_HT2_6_5db.wav,67,yes
2,615,english,sentence,SpeechBoxHINTList,2,8,the new road is on the map,5,yes,SNR05dB,E_HT2_8_5db.wav,99,yes
2,615,english,sentence,SpeechBoxHINTList,2,9,she lost her credit card,5,yes,SNR10dB,E_HT2_9_10db.wav,99,yes
2,615,english,sentence,SpeechBoxHINTList,2,10,the team is playing well,4,yes,SNR10dB,E_HT2_10_10db.wav,99,yes
2,615,english,sentence,SpeechBoxHINTList,2,13,the young people are dancing,4,yes,SNR10dB,E_HT2_13_10db.wav,99,yes
2,615,english,sentence,SpeechBoxHINTList,2,15,the shirts are in the closet,4,yes,SNR10dB,E_HT2_15_10db.wav,99,yes
2,615,english,sentence,SpeechBoxHINTList,2,18,the truck drove up the road,4,yes,SNR10dB,E_HT2_18_10db.wav,50,yes
2,615,english,sentence,SpeechBoxHINTList,2,20,a letter fell on the floor,4,yes,SNR10dB,E_HT2_20_10db.wav,34,yes
2,615,english,sentence,SpeechBoxHINTList,2,23,the football game is over,4,yes,SNR10dB,E_HT2_23_10db.wav,99,yes
2,615,english,sentence,SpeechBoxHINTList,2,26,the children helped their teacher,4,yes,SNR10dB,E_HT2_26_10db.wav,99,yes
2,615,english,sentence,SpeechBoxHINTList,2,27,they carried some shopping bags,5,yes,SNR10dB,E_HT2_27_10db.wav,25,yes
2,615,english,sentence,SpeechBoxHINTList,2,29,she uses her spoon to eat,6,yes,SNR10dB,E_HT2_29_10db.wav,99,yes
2,615,english,sentence,SpeechBoxHINTList,2,33,the dog is chasing the cat,4,yes,SNR10dB,E_HT2_33_10db.wav,99,yes
2,615,english,sentence,SpeechBoxHINTList,2,35,the bus leaves before the train,4,yes,SNR10dB,E_HT2_35_10db.wav,25,yes
2,615,english,sentence,SpeechBoxHINTList,2,37,the bag fell off the shelf,4,yes,SNR10dB,E_HT2_37_10db.wav,34,yes
2,615,english,sentence,SpeechBoxHINTList,2,38,they are coming for dinner,5,yes,SNR10dB,E_HT2_38_10db.wav,99,yes
2,615,english,sentence,SpeechBoxHINTList,2,44,sugar is very sweet,4,yes,SNR10dB,E_HT2_44_10db.wav,99,yes
2,615,english,sentence,SpeechBoxHINTList,2,51,the waiter brought the cream,3,no,quiet,E_HT2_51.wav,67,yes
2,615,english,sentence,SpeechBoxHINTList,2,53,the apple pie is good,4,no,quiet,E_HT2_53.wav,99,yes
2,615,english,sentence,SpeechBoxHINTList,2,55,the girl is washing her hair,5,no,quiet,E_HT2_55.wav,99,yes
2,615,english,sentence,SpeechBoxHINTList,2,58,they called an ambulance,3,no,quiet,E_HT2_58.wav,0,yes
2,615,english,sentence,SpeechBoxHINTList,2,60,he climbed up the ladder,4,no,quiet,E_HT2_60.wav,25,yes
3,835,english,sentence,SpeechBoxHINTList,1,1,a boy fell from the window,4,yes,SNR00dB,E_HT1_1_0db.wav,34,yes
3,835,english,sentence,SpeechBoxHINTList,1,2,the wife helped her husband,4,yes,SNR00dB,E_HT1_2_0db.wav,0,yes
3,835,english,sentence,SpeechBoxHINTList,1,3,big dogs can be dangerous,4,yes,SNR00dB,E_HT1_3_0db.wav,99,yes
3,835,english,sentence,SpeechBoxHINTList,1,4,the shoes were very dirty,4,yes,SNR00dB,E_HT1_4_0db.wav,67,yes
3,835,english,sentence,SpeechBoxHINTList,1,5,the player lost a shoe,3,yes,SNR00dB,E_HT1_5_0db.wav,67,yes
3,835,english,sentence,SpeechBoxHINTList,1,6,somebody stole the money,3,yes,SNR00dB,E_HT1_6_0db.wav,99,yes
3,835,english,sentence,SpeechBoxHINTList,1,7,the fire was very hot,4,yes,SNR00dB,E_HT1_7_0db.wav,67,yes
3,835,english,sentence,SpeechBoxHINTList,1,9,the picture came from a book,4,yes,SNR00dB,E_HT1_9_0db.wav,99,yes
3,835,english,sentence,SpeechBoxHINTList,1,10,the car is going too fast,5,yes,SNR00dB,E_HT1_10_0db.wav,99,yes
3,835,english,sentence,SpeechBoxHINTList,1,13,the family likes fish,3,yes,SNR00dB,E_HT1_13_0db.wav,99,yes
3,835,english,sentence,SpeechBoxHINTList,1,16,she argues with her sister,5,yes,SNR00dB,E_HT1_16_0db.wav,99,yes
3,835,english,sentence,SpeechBoxHINTList,1,17,the kitchen window was clean,4,yes,SNR00dB,E_HT1_17_0db.wav,99,yes
3,835,english,sentence,SpeechBoxHINTList,1,22,the table has three legs,4,yes,SNR00dB,E_HT1_22_0db.wav,99,yes
3,835,english,sentence,SpeechBoxHINTList,1,28,the dog is eating some meat,5,yes,SNR00dB,E_HT1_28_0db.wav,50,yes
3,835,english,sentence,SpeechBoxHINTList,1,29,father forgot the bread,3,yes,SNR00dB,E_HT1_29_0db.wav,67,yes
3,835,english,sentence,SpeechBoxHINTList,1,30,the road goes up a hill,4,yes,SNR05dB,E_HT1_30_5db.wav,99,yes
3,835,english,sentence,SpeechBoxHINTList,1,31,the painter uses a brush,3,yes,SNR05dB,E_HT1_31_5db.wav,99,yes
3,835,english,sentence,SpeechBoxHINTList,1,32,the family bought a house,3,yes,SNR05dB,E_HT1_32_5db.wav,99,yes
3,835,english,sentence,SpeechBoxHINTList,1,33,swimmers can hold their breath,5,yes,SNR05dB,E_HT1_33_5db.wav,0,yes
3,835,english,sentence,SpeechBoxHINTList,1,36,the food is expensive,3,yes,SNR05dB,E_HT1_36_5db.wav,99,yes
3,835,english,sentence,SpeechBoxHINTList,1,37,the children are walking home,4,yes,SNR05dB,E_HT1_37_5db.wav,99,yes
3,835,english,sentence,SpeechBoxHINTList,1,44,rain is good for trees,5,yes,SNR05dB,E_HT1_44_5db.wav,99,yes
3,835,english,sentence,SpeechBoxHINTList,1,47,the baby slept all night,4,yes,SNR05dB,E_HT1_47_5db.wav,75,yes
3,835,english,sentence,SpeechBoxHINTList,1,53,flowers can grow in the pot,5,yes,SNR05dB,E_HT1_53_5db.wav,67,yes
3,835,english,sentence,SpeechBoxHINTList,1,58,the match boxes are empty,4,yes,SNR05dB,E_HT1_58_5db.wav,99,yes
3,835,english,sentence,SpeechBoxHINTList,1,60,the dog came home at last,5,yes,SNR05dB,E_HT1_60_5db.wav,99,yes
3,835,english,sentence,SpeechBoxHINTList,2,2,they found his brother hiding,5,yes,SNR05dB,E_HT2_2_5db.wav,99,yes
3,835,english,sentence,SpeechBoxHINTList,2,4,the book tells a story,3,yes,SNR05dB,E_HT2_4_5db.wav,75,yes
3,835,english,sentence,SpeechBoxHINTList,2,6,the milk was by the front door,5,yes,SNR05dB,E_HT2_6_5db.wav,34,yes
3,835,english,sentence,SpeechBoxHINTList,2,8,the new road is on the map,5,yes,SNR05dB,E_HT2_8_5db.wav,99,yes
3,835,english,sentence,SpeechBoxHINTList,2,9,she lost her credit card,5,yes,SNR10dB,E_HT2_9_10db.wav,99,yes
3,835,english,sentence,SpeechBoxHINTList,2,10,the team is playing well,4,yes,SNR10dB,E_HT2_10_10db.wav,99,yes
3,835,english,sentence,SpeechBoxHINTList,2,13,the young people are dancing,4,yes,SNR10dB,E_HT2_13_10db.wav,99,yes
3,835,english,sentence,SpeechBoxHINTList,2,15,the shirts are in the closet,4,yes,SNR10dB,E_HT2_15_10db.wav,99,yes
3,835,english,sentence,SpeechBoxHINTList,2,18,the truck drove up the road,4,yes,SNR10dB,E_HT2_18_10db.wav,25,yes
3,835,english,sentence,SpeechBoxHINTList,2,20,a letter fell on the floor,4,yes,SNR10dB,E_HT2_20_10db.wav,99,yes
3,835,english,sentence,SpeechBoxHINTList,2,23,the football game is over,4,yes,SNR10dB,E_HT2_23_10db.wav,99,yes
3,835,english,sentence,SpeechBoxHINTList,2,26,the children helped their teacher,4,yes,SNR10dB,E_HT2_26_10db.wav,99,yes
3,835,english,sentence,SpeechBoxHINTList,2,27,they carried some shopping bags,5,yes,SNR10dB,E_HT2_27_10db.wav,99,yes
3,835,english,sentence,SpeechBoxHINTList,2,29,she uses her spoon to eat,6,yes,SNR10dB,E_HT2_29_10db.wav,99,yes
3,835,english,sentence,SpeechBoxHINTList,2,33,the dog is chasing the cat,4,yes,SNR10dB,E_HT2_33_10db.wav,99,yes
3,835,english,sentence,SpeechBoxHINTList,2,35,the bus leaves before the train,4,yes,SNR10dB,E_HT2_35_10db.wav,99,yes
3,835,english,sentence,SpeechBoxHINTList,2,37,the bag fell off the shelf,4,yes,SNR10dB,E_HT2_37_10db.wav,67,yes
3,835,english,sentence,SpeechBoxHINTList,2,38,they are coming for dinner,5,yes,SNR10dB,E_HT2_38_10db.wav,99,yes
3,835,english,sentence,SpeechBoxHINTList,2,44,sugar is very sweet,4,yes,SNR10dB,E_HT2_44_10db.wav,34,yes
3,835,english,sentence,SpeechBoxHINTList,2,51,the waiter brought the cream,3,no,quiet,E_HT2_51.wav,99,yes
3,835,english,sentence,SpeechBoxHINTList,2,53,the apple pie is good,4,no,quiet,E_HT2_53.wav,99,yes
3,835,english,sentence,SpeechBoxHINTList,2,55,the girl is washing her hair,5,no,quiet,E_HT2_55.wav,99,yes
3,835,english,sentence,SpeechBoxHINTList,2,58,they called an ambulance,3,no,quiet,E_HT2_58.wav,99,yes
3,835,english,sentence,SpeechBoxHINTList,2,60,he climbed up the ladder,4,no,quiet,E_HT2_60.wav,75,yes
4,905,english,sentence,SpeechBoxHINTList,1,1,a boy fell from the window,4,yes,SNR00dB,E_HT1_1_0db.wav,67,yes
4,905,english,sentence,SpeechBoxHINTList,1,2,the wife helped her husband,4,yes,SNR00dB,E_HT1_2_0db.wav,0,yes
4,905,english,sentence,SpeechBoxHINTList,1,3,big dogs can be dangerous,4,yes,SNR00dB,E_HT1_3_0db.wav,67,yes
4,905,english,sentence,SpeechBoxHINTList,1,4,the shoes were very dirty,4,yes,SNR00dB,E_HT1_4_0db.wav,99,yes
4,905,english,sentence,SpeechBoxHINTList,1,5,the player lost a shoe,3,yes,SNR00dB,E_HT1_5_0db.wav,67,yes
4,905,english,sentence,SpeechBoxHINTList,1,6,somebody stole the money,3,yes,SNR00dB,E_HT1_6_0db.wav,34,yes
4,905,english,sentence,SpeechBoxHINTList,1,7,the fire was very hot,4,yes,SNR00dB,E_HT1_7_0db.wav,34,yes
4,905,english,sentence,SpeechBoxHINTList,1,9,the picture came from a book,4,yes,SNR00dB,E_HT1_9_0db.wav,0,yes
4,905,english,sentence,SpeechBoxHINTList,1,10,the car is going too fast,5,yes,SNR00dB,E_HT1_10_0db.wav,99,yes
4,905,english,sentence,SpeechBoxHINTList,1,13,the family likes fish,3,yes,SNR00dB,E_HT1_13_0db.wav,99,yes
4,905,english,sentence,SpeechBoxHINTList,1,16,she argues with her sister,5,yes,SNR00dB,E_HT1_16_0db.wav,99,yes
4,905,english,sentence,SpeechBoxHINTList,1,17,the kitchen window was clean,4,yes,SNR00dB,E_HT1_17_0db.wav,67,yes
4,905,english,sentence,SpeechBoxHINTList,1,22,the table has three legs,4,yes,SNR00dB,E_HT1_22_0db.wav,99,yes
4,905,english,sentence,SpeechBoxHINTList,1,28,the dog is eating some meat,5,yes,SNR00dB,E_HT1_28_0db.wav,25,yes
4,905,english,sentence,SpeechBoxHINTList,1,29,father forgot the bread,3,yes,SNR00dB,E_HT1_29_0db.wav,67,yes
4,905,english,sentence,SpeechBoxHINTList,1,30,the road goes up a hill,4,yes,SNR05dB,E_HT1_30_5db.wav,99,yes
4,905,english,sentence,SpeechBoxHINTList,1,31,the painter uses a brush,3,yes,SNR05dB,E_HT1_31_5db.wav,99,yes
4,905,english,sentence,SpeechBoxHINTList,1,32,the family bought a house,3,yes,SNR05dB,E_HT1_32_5db.wav,99,yes
4,905,english,sentence,SpeechBoxHINTList,1,33,swimmers can hold their breath,5,yes,SNR05dB,E_HT1_33_5db.wav,99,yes
4,905,english,sentence,SpeechBoxHINTList,1,36,the food is expensive,3,yes,SNR05dB,E_HT1_36_5db.wav,99,yes
4,905,english,sentence,SpeechBoxHINTList,1,37,the children are walking home,4,yes,SNR05dB,E_HT1_37_5db.wav,99,yes
4,905,english,sentence,SpeechBoxHINTList,1,44,rain is good for trees,5,yes,SNR05dB,E_HT1_44_5db.wav,99,yes
4,905,english,sentence,SpeechBoxHINTList,1,47,the baby slept all night,4,yes,SNR05dB,E_HT1_47_5db.wav,99,yes
4,905,english,sentence,SpeechBoxHINTList,1,53,flowers can grow in the pot,5,yes,SNR05dB,E_HT1_53_5db.wav,99,yes
4,905,english,sentence,SpeechBoxHINTList,1,58,the match boxes are empty,4,yes,SNR05dB,E_HT1_58_5db.wav,99,yes
4,905,english,sentence,SpeechBoxHINTList,1,60,the dog came home at last,5,yes,SNR05dB,E_HT1_60_5db.wav,99,yes
4,905,english,sentence,SpeechBoxHINTList,2,2,they found his brother hiding,5,yes,SNR05dB,E_HT2_2_5db.wav,99,yes
4,905,english,sentence,SpeechBoxHINTList,2,4,the book tells a story,3,yes,SNR05dB,E_HT2_4_5db.wav,75,yes
4,905,english,sentence,SpeechBoxHINTList,2,6,the milk was by the front door,5,yes,SNR05dB,E_HT2_6_5db.wav,99,yes
4,905,english,sentence,SpeechBoxHINTList,2,8,the new road is on the map,5,yes,SNR05dB,E_HT2_8_5db.wav,99,yes
4,905,english,sentence,SpeechBoxHINTList,2,9,she lost her credit card,5,yes,SNR10dB,E_HT2_9_10db.wav,99,yes
4,905,english,sentence,SpeechBoxHINTList,2,10,the team is playing well,4,yes,SNR10dB,E_HT2_10_10db.wav,99,yes
4,905,english,sentence,SpeechBoxHINTList,2,13,the young people are dancing,4,yes,SNR10dB,E_HT2_13_10db.wav,99,yes
4,905,english,sentence,SpeechBoxHINTList,2,15,the shirts are in the closet,4,yes,SNR10dB,E_HT2_15_10db.wav,99,yes
4,905,english,sentence,SpeechBoxHINTList,2,18,the truck drove up the road,4,yes,SNR10dB,E_HT2_18_10db.wav,25,yes
4,905,english,sentence,SpeechBoxHINTList,2,20,a letter fell on the floor,4,yes,SNR10dB,E_HT2_20_10db.wav,67,yes
4,905,english,sentence,SpeechBoxHINTList,2,23,the football game is over,4,yes,SNR10dB,E_HT2_23_10db.wav,99,yes
4,905,english,sentence,SpeechBoxHINTList,2,26,the children helped their teacher,4,yes,SNR10dB,E_HT2_26_10db.wav,99,yes
4,905,english,sentence,SpeechBoxHINTList,2,27,they carried some shopping bags,5,yes,SNR10dB,E_HT2_27_10db.wav,99,yes
4,905,english,sentence,SpeechBoxHINTList,2,29,she uses her spoon to eat,6,yes,SNR10dB,E_HT2_29_10db.wav,99,yes
4,905,english,sentence,SpeechBoxHINTList,2,33,the dog is chasing the cat,4,yes,SNR10dB,E_HT2_33_10db.wav,99,yes
4,905,english,sentence,SpeechBoxHINTList,2,35,the bus leaves before the train,4,yes,SNR10dB,E_HT2_35_10db.wav,99,yes
4,905,english,sentence,SpeechBoxHINTList,2,37,the bag fell off the shelf,4,yes,SNR10dB,E_HT2_37_10db.wav,99,yes
4,905,english,sentence,SpeechBoxHINTList,2,38,they are coming for dinner,5,yes,SNR10dB,E_HT2_38_10db.wav,99,yes
4,905,english,sentence,SpeechBoxHINTList,2,44,sugar is very sweet,4,yes,SNR10dB,E_HT2_44_10db.wav,99,yes
4,905,english,sentence,SpeechBoxHINTList,2,51,the waiter brought the cream,3,no,quiet,E_HT2_51.wav,99,yes
4,905,english,sentence,SpeechBoxHINTList,2,53,the apple pie is good,4,no,quiet,E_HT2_53.wav,99,yes
4,905,english,sentence,SpeechBoxHINTList,2,55,the girl is washing her hair,5,no,quiet,E_HT2_55.wav,99,yes
4,905,english,sentence,SpeechBoxHINTList,2,58,they called an ambulance,3,no,quiet,E_HT2_58.wav,99,yes
4,905,english,sentence,SpeechBoxHINTList,2,60,he climbed up the ladder,4,no,quiet,E_HT2_60.wav,99,yes
5,405,english,sentence,SpeechBoxHINTList,1,1,a boy fell from the window,4,yes,SNR00dB,E_HT1_1_0db.wav,34,yes
5,405,english,sentence,SpeechBoxHINTList,1,2,the wife helped her husband,4,yes,SNR00dB,E_HT1_2_0db.wav,0,yes
5,405,english,sentence,SpeechBoxHINTList,1,3,big dogs can be dangerous,4,yes,SNR00dB,E_HT1_3_0db.wav,67,yes
5,405,english,sentence,SpeechBoxHINTList,1,4,the shoes were very dirty,4,yes,SNR00dB,E_HT1_4_0db.wav,67,yes
5,405,english,sentence,SpeechBoxHINTList,1,5,the player lost a shoe,3,yes,SNR00dB,E_HT1_5_0db.wav,34,yes
5,405,english,sentence,SpeechBoxHINTList,1,6,somebody stole the money,3,yes,SNR00dB,E_HT1_6_0db.wav,34,yes
5,405,english,sentence,SpeechBoxHINTList,1,7,the fire was very hot,4,yes,SNR00dB,E_HT1_7_0db.wav,34,yes
5,405,english,sentence,SpeechBoxHINTList,1,9,the picture came from a book,4,yes,SNR00dB,E_HT1_9_0db.wav,34,yes
5,405,english,sentence,SpeechBoxHINTList,1,10,the car is going too fast,5,yes,SNR00dB,E_HT1_10_0db.wav,50,yes
5,405,english,sentence,SpeechBoxHINTList,1,13,the family likes fish,3,yes,SNR00dB,E_HT1_13_0db.wav,99,yes
5,405,english,sentence,SpeechBoxHINTList,1,16,she argues with her sister,5,yes,SNR00dB,E_HT1_16_0db.wav,67,yes
5,405,english,sentence,SpeechBoxHINTList,1,17,the kitchen window was clean,4,yes,SNR00dB,E_HT1_17_0db.wav,67,yes
5,405,english,sentence,SpeechBoxHINTList,1,22,the table has three legs,4,yes,SNR00dB,E_HT1_22_0db.wav,75,yes
5,405,english,sentence,SpeechBoxHINTList,1,28,the dog is eating some meat,5,yes,SNR00dB,E_HT1_28_0db.wav,25,yes
5,405,english,sentence,SpeechBoxHINTList,1,29,father forgot the bread,3,yes,SNR00dB,E_HT1_29_0db.wav,0,yes
5,405,english,sentence,SpeechBoxHINTList,1,30,the road goes up a hill,4,yes,SNR05dB,E_HT1_30_5db.wav,0,yes
5,405,english,sentence,SpeechBoxHINTList,1,31,the painter uses a brush,3,yes,SNR05dB,E_HT1_31_5db.wav,67,yes
5,405,english,sentence,SpeechBoxHINTList,1,32,the family bought a house,3,yes,SNR05dB,E_HT1_32_5db.wav,34,yes
5,405,english,sentence,SpeechBoxHINTList,1,33,swimmers can hold their breath,5,yes,SNR05dB,E_HT1_33_5db.wav,0,yes
5,405,english,sentence,SpeechBoxHINTList,1,36,the food is expensive,3,yes,SNR05dB,E_HT1_36_5db.wav,50,yes
5,405,english,sentence,SpeechBoxHINTList,1,37,the children are walking home,4,yes,SNR05dB,E_HT1_37_5db.wav,34,yes
5,405,english,sentence,SpeechBoxHINTList,1,44,rain is good for trees,5,yes,SNR05dB,E_HT1_44_5db.wav,67,yes
5,405,english,sentence,SpeechBoxHINTList,1,47,the baby slept all night,4,yes,SNR05dB,E_HT1_47_5db.wav,25,yes
5,405,english,sentence,SpeechBoxHINTList,1,53,flowers can grow in the pot,5,yes,SNR05dB,E_HT1_53_5db.wav,0,yes
5,405,english,sentence,SpeechBoxHINTList,1,58,the match boxes are empty,4,yes,SNR05dB,E_HT1_58_5db.wav,67,yes
5,405,english,sentence,SpeechBoxHINTList,1,60,the dog came home at last,5,yes,SNR05dB,E_HT1_60_5db.wav,75,yes
5,405,english,sentence,SpeechBoxHINTList,2,2,they found his brother hiding,5,yes,SNR05dB,E_HT2_2_5db.wav,34,yes
5,405,english,sentence,SpeechBoxHINTList,2,4,the book tells a story,3,yes,SNR05dB,E_HT2_4_5db.wav,25,yes
5,405,english,sentence,SpeechBoxHINTList,2,6,the milk was by the front door,5,yes,SNR05dB,E_HT2_6_5db.wav,67,yes
5,405,english,sentence,SpeechBoxHINTList,2,8,the new road is on the map,5,yes,SNR05dB,E_HT2_8_5db.wav,34,yes
5,405,english,sentence,SpeechBoxHINTList,2,9,she lost her credit card,5,yes,SNR10dB,E_HT2_9_10db.wav,25,yes
5,405,english,sentence,SpeechBoxHINTList,2,10,the team is playing well,4,yes,SNR10dB,E_HT2_10_10db.wav,99,yes
5,405,english,sentence,SpeechBoxHINTList,2,13,the young people are dancing,4,yes,SNR10dB,E_HT2_13_10db.wav,34,yes
5,405,english,sentence,SpeechBoxHINTList,2,15,the shirts are in the closet,4,yes,SNR10dB,E_HT2_15_10db.wav,50,yes
5,405,english,sentence,SpeechBoxHINTList,2,18,the truck drove up the road,4,yes,SNR10dB,E_HT2_18_10db.wav,50,yes
5,405,english,sentence,SpeechBoxHINTList,2,20,a letter fell on the floor,4,yes,SNR10dB,E_HT2_20_10db.wav,34,yes
5,405,english,sentence,SpeechBoxHINTList,2,23,the football game is over,4,yes,SNR10dB,E_HT2_23_10db.wav,34,yes
5,405,english,sentence,SpeechBoxHINTList,2,26,the children helped their teacher,4,yes,SNR10dB,E_HT2_26_10db.wav,67,yes
5,405,english,sentence,SpeechBoxHINTList,2,27,they carried some shopping bags,5,yes,SNR10dB,E_HT2_27_10db.wav,25,yes
5,405,english,sentence,SpeechBoxHINTList,2,29,she uses her spoon to eat,6,yes,SNR10dB,E_HT2_29_10db.wav,50,yes
5,405,english,sentence,SpeechBoxHINTList,2,33,the dog is chasing the cat,4,yes,SNR10dB,E_HT2_33_10db.wav,99,yes
5,405,english,sentence,SpeechBoxHINTList,2,35,the bus leaves before the train,4,yes,SNR10dB,E_HT2_35_10db.wav,50,yes
5,405,english,sentence,SpeechBoxHINTList,2,37,the bag fell off the shelf,4,yes,SNR10dB,E_HT2_37_10db.wav,34,yes
5,405,english,sentence,SpeechBoxHINTList,2,38,they are coming for dinner,5,yes,SNR10dB,E_HT2_38_10db.wav,67,yes
5,405,english,sentence,SpeechBoxHINTList,2,44,sugar is very sweet,4,yes,SNR10dB,E_HT2_44_10db.wav,67,yes
5,405,english,sentence,SpeechBoxHINTList,2,51,the waiter brought the cream,3,no,quiet,E_HT2_51.wav,0,yes
5,405,english,sentence,SpeechBoxHINTList,2,53,the apple pie is good,4,no,quiet,E_HT2_53.wav,99,yes
5,405,english,sentence,SpeechBoxHINTList,2,55,the girl is washing her hair,5,no,quiet,E_HT2_55.wav,34,yes
5,405,english,sentence,SpeechBoxHINTList,2,58,they called an ambulance,3,no,quiet,E_HT2_58.wav,0,yes
5,405,english,sentence,SpeechBoxHINTList,2,60,he climbed up the ladder,4,no,quiet,E_HT2_60.wav,25,yes
6,500,english,sentence,SpeechBoxHINTList,1,1,a boy fell from the window,4,yes,SNR00dB,E_HT1_1_0db.wav,67,yes
6,500,english,sentence,SpeechBoxHINTList,1,2,the wife helped her husband,4,yes,SNR00dB,E_HT1_2_0db.wav,0,yes
6,500,english,sentence,SpeechBoxHINTList,1,3,big dogs can be dangerous,4,yes,SNR00dB,E_HT1_3_0db.wav,67,yes
6,500,english,sentence,SpeechBoxHINTList,1,4,the shoes were very dirty,4,yes,SNR00dB,E_HT1_4_0db.wav,34,yes
6,500,english,sentence,SpeechBoxHINTList,1,5,the player lost a shoe,3,yes,SNR00dB,E_HT1_5_0db.wav,34,yes
6,500,english,sentence,SpeechBoxHINTList,1,6,somebody stole the money,3,yes,SNR00dB,E_HT1_6_0db.wav,67,yes
6,500,english,sentence,SpeechBoxHINTList,1,7,the fire was very hot,4,yes,SNR00dB,E_HT1_7_0db.wav,0,yes
6,500,english,sentence,SpeechBoxHINTList,1,9,the picture came from a book,4,yes,SNR00dB,E_HT1_9_0db.wav,34,yes
6,500,english,sentence,SpeechBoxHINTList,1,10,the car is going too fast,5,yes,SNR00dB,E_HT1_10_0db.wav,75,yes
6,500,english,sentence,SpeechBoxHINTList,1,13,the family likes fish,3,yes,SNR00dB,E_HT1_13_0db.wav,0,yes
6,500,english,sentence,SpeechBoxHINTList,1,16,she argues with her sister,5,yes,SNR00dB,E_HT1_16_0db.wav,67,yes
6,500,english,sentence,SpeechBoxHINTList,1,17,the kitchen window was clean,4,yes,SNR00dB,E_HT1_17_0db.wav,99,yes
6,500,english,sentence,SpeechBoxHINTList,1,22,the table has three legs,4,yes,SNR00dB,E_HT1_22_0db.wav,50,yes
6,500,english,sentence,SpeechBoxHINTList,1,28,the dog is eating some meat,5,yes,SNR00dB,E_HT1_28_0db.wav,0,yes
6,500,english,sentence,SpeechBoxHINTList,1,29,father forgot the bread,3,yes,SNR00dB,E_HT1_29_0db.wav,67,yes
6,500,english,sentence,SpeechBoxHINTList,1,30,the road goes up a hill,4,yes,SNR05dB,E_HT1_30_5db.wav,0,yes
6,500,english,sentence,SpeechBoxHINTList,1,31,the painter uses a brush,3,yes,SNR05dB,E_HT1_31_5db.wav,34,yes
6,500,english,sentence,SpeechBoxHINTList,1,32,the family bought a house,3,yes,SNR05dB,E_HT1_32_5db.wav,67,yes
6,500,english,sentence,SpeechBoxHINTList,1,33,swimmers can hold their breath,5,yes,SNR05dB,E_HT1_33_5db.wav,0,yes
6,500,english,sentence,SpeechBoxHINTList,1,36,the food is expensive,3,yes,SNR05dB,E_HT1_36_5db.wav,99,yes
6,500,english,sentence,SpeechBoxHINTList,1,37,the children are walking home,4,yes,SNR05dB,E_HT1_37_5db.wav,34,yes
6,500,english,sentence,SpeechBoxHINTList,1,44,rain is good for trees,5,yes,SNR05dB,E_HT1_44_5db.wav,99,yes
6,500,english,sentence,SpeechBoxHINTList,1,47,the baby slept all night,4,yes,SNR05dB,E_HT1_47_5db.wav,0,yes
6,500,english,sentence,SpeechBoxHINTList,1,53,flowers can grow in the pot,5,yes,SNR05dB,E_HT1_53_5db.wav,34,yes
6,500,english,sentence,SpeechBoxHINTList,1,58,the match boxes are empty,4,yes,SNR05dB,E_HT1_58_5db.wav,34,yes
6,500,english,sentence,SpeechBoxHINTList,1,60,the dog came home at last,5,yes,SNR05dB,E_HT1_60_5db.wav,75,yes
6,500,english,sentence,SpeechBoxHINTList,2,2,they found his brother hiding,5,yes,SNR05dB,E_HT2_2_5db.wav,34,yes
6,500,english,sentence,SpeechBoxHINTList,2,4,the book tells a story,3,yes,SNR05dB,E_HT2_4_5db.wav,75,yes
6,500,english,sentence,SpeechBoxHINTList,2,6,the milk was by the front door,5,yes,SNR05dB,E_HT2_6_5db.wav,67,yes
6,500,english,sentence,SpeechBoxHINTList,2,8,the new road is on the map,5,yes,SNR05dB,E_HT2_8_5db.wav,99,yes
6,500,english,sentence,SpeechBoxHINTList,2,9,she lost her credit card,5,yes,SNR10dB,E_HT2_9_10db.wav,99,yes
6,500,english,sentence,SpeechBoxHINTList,2,10,the team is playing well,4,yes,SNR10dB,E_HT2_10_10db.wav,99,yes
6,500,english,sentence,SpeechBoxHINTList,2,13,the young people are dancing,4,yes,SNR10dB,E_HT2_13_10db.wav,99,yes
6,500,english,sentence,SpeechBoxHINTList,2,15,the shirts are in the closet,4,yes,SNR10dB,E_HT2_15_10db.wav,0,yes
6,500,english,sentence,SpeechBoxHINTList,2,18,the truck drove up the road,4,yes,SNR10dB,E_HT2_18_10db.wav,0,yes
6,500,english,sentence,SpeechBoxHINTList,2,20,a letter fell on the floor,4,yes,SNR10dB,E_HT2_20_10db.wav,0,yes
6,500,english,sentence,SpeechBoxHINTList,2,23,the football game is over,4,yes,SNR10dB,E_HT2_23_10db.wav,99,yes
6,500,english,sentence,SpeechBoxHINTList,2,26,the children helped their teacher,4,yes,SNR10dB,E_HT2_26_10db.wav,99,yes
6,500,english,sentence,SpeechBoxHINTList,2,27,they carried some shopping bags,5,yes,SNR10dB,E_HT2_27_10db.wav,50,yes
6,500,english,sentence,SpeechBoxHINTList,2,29,she uses her spoon to eat,6,yes,SNR10dB,E_HT2_29_10db.wav,75,yes
6,500,english,sentence,SpeechBoxHINTList,2,33,the dog is chasing the cat,4,yes,SNR10dB,E_HT2_33_10db.wav,99,yes
6,500,english,sentence,SpeechBoxHINTList,2,35,the bus leaves before the train,4,yes,SNR10dB,E_HT2_35_10db.wav,50,yes
6,500,english,sentence,SpeechBoxHINTList,2,37,the bag fell off the shelf,4,yes,SNR10dB,E_HT2_37_10db.wav,0,yes
6,500,english,sentence,SpeechBoxHINTList,2,38,they are coming for dinner,5,yes,SNR10dB,E_HT2_38_10db.wav,99,yes
6,500,english,sentence,SpeechBoxHINTList,2,44,sugar is very sweet,4,yes,SNR10dB,E_HT2_44_10db.wav,67,yes
6,500,english,sentence,SpeechBoxHINTList,2,51,the waiter brought the cream,3,no,quiet,E_HT2_51.wav,0,yes
6,500,english,sentence,SpeechBoxHINTList,2,53,the apple pie is good,4,no,quiet,E_HT2_53.wav,99,yes
6,500,english,sentence,SpeechBoxHINTList,2,55,the girl is washing her hair,5,no,quiet,E_HT2_55.wav,99,yes
6,500,english,sentence,SpeechBoxHINTList,2,58,they called an ambulance,3,no,quiet,E_HT2_58.wav,0,yes
6,500,english,sentence,SpeechBoxHINTList,2,60,he climbed up the ladder,4,no,quiet,E_HT2_60.wav,25,yes
7,770,english,sentence,SpeechBoxHINTList,1,1,a boy fell from the window,4,yes,SNR00dB,E_HT1_1_0db.wav,67,yes
7,770,english,sentence,SpeechBoxHINTList,1,2,the wife helped her husband,4,yes,SNR00dB,E_HT1_2_0db.wav,0,yes
7,770,english,sentence,SpeechBoxHINTList,1,3,big dogs can be dangerous,4,yes,SNR00dB,E_HT1_3_0db.wav,67,yes
7,770,english,sentence,SpeechBoxHINTList,1,4,the shoes were very dirty,4,yes,SNR00dB,E_HT1_4_0db.wav,34,yes
7,770,english,sentence,SpeechBoxHINTList,1,5,the player lost a shoe,3,yes,SNR00dB,E_HT1_5_0db.wav,0,yes
7,770,english,sentence,SpeechBoxHINTList,1,6,somebody stole the money,3,yes,SNR00dB,E_HT1_6_0db.wav,34,yes
7,770,english,sentence,SpeechBoxHINTList,1,7,the fire was very hot,4,yes,SNR00dB,E_HT1_7_0db.wav,0,yes
7,770,english,sentence,SpeechBoxHINTList,1,9,the picture came from a book,4,yes,SNR00dB,E_HT1_9_0db.wav,34,yes
7,770,english,sentence,SpeechBoxHINTList,1,10,the car is going too fast,5,yes,SNR00dB,E_HT1_10_0db.wav,50,yes
7,770,english,sentence,SpeechBoxHINTList,1,13,the family likes fish,3,yes,SNR00dB,E_HT1_13_0db.wav,67,yes
7,770,english,sentence,SpeechBoxHINTList,1,16,she argues with her sister,5,yes,SNR00dB,E_HT1_16_0db.wav,99,yes
7,770,english,sentence,SpeechBoxHINTList,1,17,the kitchen window was clean,4,yes,SNR00dB,E_HT1_17_0db.wav,99,yes
7,770,english,sentence,SpeechBoxHINTList,1,22,the table has three legs,4,yes,SNR00dB,E_HT1_22_0db.wav,50,yes
7,770,english,sentence,SpeechBoxHINTList,1,28,the dog is eating some meat,5,yes,SNR00dB,E_HT1_28_0db.wav,25,yes
7,770,english,sentence,SpeechBoxHINTList,1,29,father forgot the bread,3,yes,SNR00dB,E_HT1_29_0db.wav,34,yes
7,770,english,sentence,SpeechBoxHINTList,1,30,the road goes up a hill,4,yes,SNR05dB,E_HT1_30_5db.wav,0,yes
7,770,english,sentence,SpeechBoxHINTList,1,31,the painter uses a brush,3,yes,SNR05dB,E_HT1_31_5db.wav,67,yes
7,770,english,sentence,SpeechBoxHINTList,1,32,the family bought a house,3,yes,SNR05dB,E_HT1_32_5db.wav,67,yes
7,770,english,sentence,SpeechBoxHINTList,1,33,swimmers can hold their breath,5,yes,SNR05dB,E_HT1_33_5db.wav,0,yes
7,770,english,sentence,SpeechBoxHINTList,1,36,the food is expensive,3,yes,SNR05dB,E_HT1_36_5db.wav,99,yes
7,770,english,sentence,SpeechBoxHINTList,1,37,the children are walking home,4,yes,SNR05dB,E_HT1_37_5db.wav,67,yes
7,770,english,sentence,SpeechBoxHINTList,1,44,rain is good for trees,5,yes,SNR05dB,E_HT1_44_5db.wav,99,yes
7,770,english,sentence,SpeechBoxHINTList,1,47,the baby slept all night,4,yes,SNR05dB,E_HT1_47_5db.wav,25,yes
7,770,english,sentence,SpeechBoxHINTList,1,53,flowers can grow in the pot,5,yes,SNR05dB,E_HT1_53_5db.wav,0,yes
7,770,english,sentence,SpeechBoxHINTList,1,58,the match boxes are empty,4,yes,SNR05dB,E_HT1_58_5db.wav,99,yes
7,770,english,sentence,SpeechBoxHINTList,1,60,the dog came home at last,5,yes,SNR05dB,E_HT1_60_5db.wav,25,yes
7,770,english,sentence,SpeechBoxHINTList,2,2,they found his brother hiding,5,yes,SNR05dB,E_HT2_2_5db.wav,34,yes
7,770,english,sentence,SpeechBoxHINTList,2,4,the book tells a story,3,yes,SNR05dB,E_HT2_4_5db.wav,25,yes
7,770,english,sentence,SpeechBoxHINTList,2,6,the milk was by the front door,5,yes,SNR05dB,E_HT2_6_5db.wav,34,yes
7,770,english,sentence,SpeechBoxHINTList,2,8,the new road is on the map,5,yes,SNR05dB,E_HT2_8_5db.wav,99,yes
7,770,english,sentence,SpeechBoxHINTList,2,9,she lost her credit card,5,yes,SNR10dB,E_HT2_9_10db.wav,99,yes
7,770,english,sentence,SpeechBoxHINTList,2,10,the team is playing well,4,yes,SNR10dB,E_HT2_10_10db.wav,67,yes
7,770,english,sentence,SpeechBoxHINTList,2,13,the young people are dancing,4,yes,SNR10dB,E_HT2_13_10db.wav,34,yes
7,770,english,sentence,SpeechBoxHINTList,2,15,the shirts are in the closet,4,yes,SNR10dB,E_HT2_15_10db.wav,99,yes
7,770,english,sentence,SpeechBoxHINTList,2,18,the truck drove up the road,4,yes,SNR10dB,E_HT2_18_10db.wav,0,yes
7,770,english,sentence,SpeechBoxHINTList,2,20,a letter fell on the floor,4,yes,SNR10dB,E_HT2_20_10db.wav,0,yes
7,770,english,sentence,SpeechBoxHINTList,2,23,the football game is over,4,yes,SNR10dB,E_HT2_23_10db.wav,67,yes
7,770,english,sentence,SpeechBoxHINTList,2,26,the children helped their teacher,4,yes,SNR10dB,E_HT2_26_10db.wav,67,yes
7,770,english,sentence,SpeechBoxHINTList,2,27,they carried some shopping bags,5,yes,SNR10dB,E_HT2_27_10db.wav,25,yes
7,770,english,sentence,SpeechBoxHINTList,2,29,she uses her spoon to eat,6,yes,SNR10dB,E_HT2_29_10db.wav,99,yes
7,770,english,sentence,SpeechBoxHINTList,2,33,the dog is chasing the cat,4,yes,SNR10dB,E_HT2_33_10db.wav,67,yes
7,770,english,sentence,SpeechBoxHINTList,2,35,the bus leaves before the train,4,yes,SNR10dB,E_HT2_35_10db.wav,75,yes
7,770,english,sentence,SpeechBoxHINTList,2,37,the bag fell off the shelf,4,yes,SNR10dB,E_HT2_37_10db.wav,0,yes
7,770,english,sentence,SpeechBoxHINTList,2,38,they are coming for dinner,5,yes,SNR10dB,E_HT2_38_10db.wav,67,yes
7,770,english,sentence,SpeechBoxHINTList,2,44,sugar is very sweet,4,yes,SNR10dB,E_HT2_44_10db.wav,67,yes
7,770,english,sentence,SpeechBoxHINTList,2,51,the waiter brought the cream,3,no,quiet,E_HT2_51.wav,0,yes
7,770,english,sentence,SpeechBoxHINTList,2,53,the apple pie is good,4,no,quiet,E_HT2_53.wav,99,yes
7,770,english,sentence,SpeechBoxHINTList,2,55,the girl is washing her hair,5,no,quiet,E_HT2_55.wav,99,yes
7,770,english,sentence,SpeechBoxHINTList,2,58,they called an ambulance,3,no,quiet,E_HT2_58.wav,99,yes
7,770,english,sentence,SpeechBoxHINTList,2,60,he climbed up the ladder,4,no,quiet,E_HT2_60.wav,25,yes
8,450,english,sentence,SpeechBoxHINTList,1,1,a boy fell from the window,4,yes,SNR00dB,E_HT1_1_0db.wav,67,yes
8,450,english,sentence,SpeechBoxHINTList,1,2,the wife helped her husband,4,yes,SNR00dB,E_HT1_2_0db.wav,34,yes
8,450,english,sentence,SpeechBoxHINTList,1,3,big dogs can be dangerous,4,yes,SNR00dB,E_HT1_3_0db.wav,34,yes
8,450,english,sentence,SpeechBoxHINTList,1,4,the shoes were very dirty,4,yes,SNR00dB,E_HT1_4_0db.wav,67,yes
8,450,english,sentence,SpeechBoxHINTList,1,5,the player lost a shoe,3,yes,SNR00dB,E_HT1_5_0db.wav,67,yes
8,450,english,sentence,SpeechBoxHINTList,1,6,somebody stole the money,3,yes,SNR00dB,E_HT1_6_0db.wav,34,yes
8,450,english,sentence,SpeechBoxHINTList,1,7,the fire was very hot,4,yes,SNR00dB,E_HT1_7_0db.wav,67,yes
8,450,english,sentence,SpeechBoxHINTList,1,9,the picture came from a book,4,yes,SNR00dB,E_HT1_9_0db.wav,67,yes
8,450,english,sentence,SpeechBoxHINTList,1,10,the car is going too fast,5,yes,SNR00dB,E_HT1_10_0db.wav,50,yes
8,450,english,sentence,SpeechBoxHINTList,1,13,the family likes fish,3,yes,SNR00dB,E_HT1_13_0db.wav,99,yes
8,450,english,sentence,SpeechBoxHINTList,1,16,she argues with her sister,5,yes,SNR00dB,E_HT1_16_0db.wav,0,yes
8,450,english,sentence,SpeechBoxHINTList,1,17,the kitchen window was clean,4,yes,SNR00dB,E_HT1_17_0db.wav,99,yes
8,450,english,sentence,SpeechBoxHINTList,1,22,the table has three legs,4,yes,SNR00dB,E_HT1_22_0db.wav,50,yes
8,450,english,sentence,SpeechBoxHINTList,1,28,the dog is eating some meat,5,yes,SNR00dB,E_HT1_28_0db.wav,25,yes
8,450,english,sentence,SpeechBoxHINTList,1,29,father forgot the bread,3,yes,SNR00dB,E_HT1_29_0db.wav,67,yes
8,450,english,sentence,SpeechBoxHINTList,1,30,the road goes up a hill,4,yes,SNR05dB,E_HT1_30_5db.wav,0,yes
8,450,english,sentence,SpeechBoxHINTList,1,31,the painter uses a brush,3,yes,SNR05dB,E_HT1_31_5db.wav,99,yes
8,450,english,sentence,SpeechBoxHINTList,1,32,the family bought a house,3,yes,SNR05dB,E_HT1_32_5db.wav,99,yes
8,450,english,sentence,SpeechBoxHINTList,1,33,swimmers can hold their breath,5,yes,SNR05dB,E_HT1_33_5db.wav,0,yes
8,450,english,sentence,SpeechBoxHINTList,1,36,the food is expensive,3,yes,SNR05dB,E_HT1_36_5db.wav,50,yes
8,450,english,sentence,SpeechBoxHINTList,1,37,the children are walking home,4,yes,SNR05dB,E_HT1_37_5db.wav,34,yes
8,450,english,sentence,SpeechBoxHINTList,1,44,rain is good for trees,5,yes,SNR05dB,E_HT1_44_5db.wav,34,yes
8,450,english,sentence,SpeechBoxHINTList,1,47,the baby slept all night,4,yes,SNR05dB,E_HT1_47_5db.wav,75,yes
8,450,english,sentence,SpeechBoxHINTList,1,53,flowers can grow in the pot,5,yes,SNR05dB,E_HT1_53_5db.wav,34,yes
8,450,english,sentence,SpeechBoxHINTList,1,58,the match boxes are empty,4,yes,SNR05dB,E_HT1_58_5db.wav,34,yes
8,450,english,sentence,SpeechBoxHINTList,1,60,the dog came home at last,5,yes,SNR05dB,E_HT1_60_5db.wav,99,yes
8,450,english,sentence,SpeechBoxHINTList,2,2,they found his brother hiding,5,yes,SNR05dB,E_HT2_2_5db.wav,0,yes
8,450,english,sentence,SpeechBoxHINTList,2,4,the book tells a story,3,yes,SNR05dB,E_HT2_4_5db.wav,75,yes
8,450,english,sentence,SpeechBoxHINTList,2,6,the milk was by the front door,5,yes,SNR05dB,E_HT2_6_5db.wav,0,yes
8,450,english,sentence,SpeechBoxHINTList,2,8,the new road is on the map,5,yes,SNR05dB,E_HT2_8_5db.wav,99,yes
8,450,english,sentence,SpeechBoxHINTList,2,9,she lost her credit card,5,yes,SNR10dB,E_HT2_9_10db.wav,25,yes
8,450,english,sentence,SpeechBoxHINTList,2,10,the team is playing well,4,yes,SNR10dB,E_HT2_10_10db.wav,99,yes
8,450,english,sentence,SpeechBoxHINTList,2,13,the young people are dancing,4,yes,SNR10dB,E_HT2_13_10db.wav,67,yes
8,450,english,sentence,SpeechBoxHINTList,2,15,the shirts are in the closet,4,yes,SNR10dB,E_HT2_15_10db.wav,99,yes
8,450,english,sentence,SpeechBoxHINTList,2,18,the truck drove up the road,4,yes,SNR10dB,E_HT2_18_10db.wav,25,yes
8,450,english,sentence,SpeechBoxHINTList,2,20,a letter fell on the floor,4,yes,SNR10dB,E_HT2_20_10db.wav,0,yes
8,450,english,sentence,SpeechBoxHINTList,2,23,the football game is over,4,yes,SNR10dB,E_HT2_23_10db.wav,67,yes
8,450,english,sentence,SpeechBoxHINTList,2,26,the children helped their teacher,4,yes,SNR10dB,E_HT2_26_10db.wav,67,yes
8,450,english,sentence,SpeechBoxHINTList,2,27,they carried some shopping bags,5,yes,SNR10dB,E_HT2_27_10db.wav,25,yes
8,450,english,sentence,SpeechBoxHINTList,2,29,she uses her spoon to eat,6,yes,SNR10dB,E_HT2_29_10db.wav,50,yes
8,450,english,sentence,SpeechBoxHINTList,2,33,the dog is chasing the cat,4,yes,SNR10dB,E_HT2_33_10db.wav,99,yes
8,450,english,sentence,SpeechBoxHINTList,2,35,the bus leaves before the train,4,yes,SNR10dB,E_HT2_35_10db.wav,50,yes
8,450,english,sentence,SpeechBoxHINTList,2,37,the bag fell off the shelf,4,yes,SNR10dB,E_HT2_37_10db.wav,0,yes
8,450,english,sentence,SpeechBoxHINTList,2,38,they are coming for dinner,5,yes,SNR10dB,E_HT2_38_10db.wav,0,yes
8,450,english,sentence,SpeechBoxHINTList,2,44,sugar is very sweet,4,yes,SNR10dB,E_HT2_44_10db.wav,67,yes
8,450,english,sentence,SpeechBoxHINTList,2,51,the waiter brought the cream,3,no,quiet,E_HT2_51.wav,34,yes
8,450,english,sentence,SpeechBoxHINTList,2,53,the apple pie is good,4,no,quiet,E_HT2_53.wav,99,yes
8,450,english,sentence,SpeechBoxHINTList,2,55,the girl is washing her hair,5,no,quiet,E_HT2_55.wav,99,yes
8,450,english,sentence,SpeechBoxHINTList,2,58,they called an ambulance,3,no,quiet,E_HT2_58.wav,67,yes
8,450,english,sentence,SpeechBoxHINTList,2,60,he climbed up the ladder,4,no,quiet,E_HT2_60.wav,50,yes
9,655,english,sentence,SpeechBoxHINTList,1,1,a boy fell from the window,4,yes,SNR00dB,E_HT1_1_0db.wav,34,yes
9,655,english,sentence,SpeechBoxHINTList,1,2,the wife helped her husband,4,yes,SNR00dB,E_HT1_2_0db.wav,0,yes
9,655,english,sentence,SpeechBoxHINTList,1,3,big dogs can be dangerous,4,yes,SNR00dB,E_HT1_3_0db.wav,67,yes
9,655,english,sentence,SpeechBoxHINTList,1,4,the shoes were very dirty,4,yes,SNR00dB,E_HT1_4_0db.wav,67,yes
9,655,english,sentence,SpeechBoxHINTList,1,5,the player lost a shoe,3,yes,SNR00dB,E_HT1_5_0db.wav,67,yes
9,655,english,sentence,SpeechBoxHINTList,1,6,somebody stole the money,3,yes,SNR00dB,E_HT1_6_0db.wav,34,yes
9,655,english,sentence,SpeechBoxHINTList,1,7,the fire was very hot,4,yes,SNR00dB,E_HT1_7_0db.wav,34,yes
9,655,english,sentence,SpeechBoxHINTList,1,9,the picture came from a book,4,yes,SNR00dB,E_HT1_9_0db.wav,34,yes
9,655,english,sentence,SpeechBoxHINTList,1,10,the car is going too fast,5,yes,SNR00dB,E_HT1_10_0db.wav,75,yes
9,655,english,sentence,SpeechBoxHINTList,1,13,the family likes fish,3,yes,SNR00dB,E_HT1_13_0db.wav,34,yes
9,655,english,sentence,SpeechBoxHINTList,1,16,she argues with her sister,5,yes,SNR00dB,E_HT1_16_0db.wav,67,yes
9,655,english,sentence,SpeechBoxHINTList,1,17,the kitchen window was clean,4,yes,SNR00dB,E_HT1_17_0db.wav,67,yes
9,655,english,sentence,SpeechBoxHINTList,1,22,the table has three legs,4,yes,SNR00dB,E_HT1_22_0db.wav,25,yes
9,655,english,sentence,SpeechBoxHINTList,1,28,the dog is eating some meat,5,yes,SNR00dB,E_HT1_28_0db.wav,0,yes
9,655,english,sentence,SpeechBoxHINTList,1,29,father forgot the bread,3,yes,SNR00dB,E_HT1_29_0db.wav,67,yes
9,655,english,sentence,SpeechBoxHINTList,1,30,the road goes up a hill,4,yes,SNR05dB,E_HT1_30_5db.wav,0,yes
9,655,english,sentence,SpeechBoxHINTList,1,31,the painter uses a brush,3,yes,SNR05dB,E_HT1_31_5db.wav,99,yes
9,655,english,sentence,SpeechBoxHINTList,1,32,the family bought a house,3,yes,SNR05dB,E_HT1_32_5db.wav,99,yes
9,655,english,sentence,SpeechBoxHINTList,1,33,swimmers can hold their breath,5,yes,SNR05dB,E_HT1_33_5db.wav,0,yes
9,655,english,sentence,SpeechBoxHINTList,1,36,the food is expensive,3,yes,SNR05dB,E_HT1_36_5db.wav,50,yes
9,655,english,sentence,SpeechBoxHINTList,1,37,the children are walking home,4,yes,SNR05dB,E_HT1_37_5db.wav,67,yes
9,655,english,sentence,SpeechBoxHINTList,1,44,rain is good for trees,5,yes,SNR05dB,E_HT1_44_5db.wav,34,yes
9,655,english,sentence,SpeechBoxHINTList,1,47,the baby slept all night,4,yes,SNR05dB,E_HT1_47_5db.wav,25,yes
9,655,english,sentence,SpeechBoxHINTList,1,53,flowers can grow in the pot,5,yes,SNR05dB,E_HT1_53_5db.wav,0,yes
9,655,english,sentence,SpeechBoxHINTList,1,58,the match boxes are empty,4,yes,SNR05dB,E_HT1_58_5db.wav,67,yes
9,655,english,sentence,SpeechBoxHINTList,1,60,the dog came home at last,5,yes,SNR05dB,E_HT1_60_5db.wav,25,yes
9,655,english,sentence,SpeechBoxHINTList,2,2,they found his brother hiding,5,yes,SNR05dB,E_HT2_2_5db.wav,34,yes
9,655,english,sentence,SpeechBoxHINTList,2,4,the book tells a story,3,yes,SNR05dB,E_HT2_4_5db.wav,75,yes
9,655,english,sentence,SpeechBoxHINTList,2,6,the milk was by the front door,5,yes,SNR05dB,E_HT2_6_5db.wav,34,yes
9,655,english,sentence,SpeechBoxHINTList,2,8,the new road is on the map,5,yes,SNR05dB,E_HT2_8_5db.wav,0,yes
9,655,english,sentence,SpeechBoxHINTList,2,9,she lost her credit card,5,yes,SNR10dB,E_HT2_9_10db.wav,75,yes
9,655,english,sentence,SpeechBoxHINTList,2,10,the team is playing well,4,yes,SNR10dB,E_HT2_10_10db.wav,99,yes
9,655,english,sentence,SpeechBoxHINTList,2,13,the young people are dancing,4,yes,SNR10dB,E_HT2_13_10db.wav,99,yes
9,655,english,sentence,SpeechBoxHINTList,2,15,the shirts are in the closet,4,yes,SNR10dB,E_HT2_15_10db.wav,0,yes
9,655,english,sentence,SpeechBoxHINTList,2,18,the truck drove up the road,4,yes,SNR10dB,E_HT2_18_10db.wav,25,yes
9,655,english,sentence,SpeechBoxHINTList,2,20,a letter fell on the floor,4,yes,SNR10dB,E_HT2_20_10db.wav,99,yes
9,655,english,sentence,SpeechBoxHINTList,2,23,the football game is over,4,yes,SNR10dB,E_HT2_23_10db.wav,99,yes
9,655,english,sentence,SpeechBoxHINTList,2,26,the children helped their teacher,4,yes,SNR10dB,E_HT2_26_10db.wav,99,yes
9,655,english,sentence,SpeechBoxHINTList,2,27,they carried some shopping bags,5,yes,SNR10dB,E_HT2_27_10db.wav,50,yes
9,655,english,sentence,SpeechBoxHINTList,2,29,she uses her spoon to eat,6,yes,SNR10dB,E_HT2_29_10db.wav,75,yes
9,655,english,sentence,SpeechBoxHINTList,2,33,the dog is chasing the cat,4,yes,SNR10dB,E_HT2_33_10db.wav,99,yes
9,655,english,sentence,SpeechBoxHINTList,2,35,the bus leaves before the train,4,yes,SNR10dB,E_HT2_35_10db.wav,75,yes
9,655,english,sentence,SpeechBoxHINTList,2,37,the bag fell off the shelf,4,yes,SNR10dB,E_HT2_37_10db.wav,34,yes
9,655,english,sentence,SpeechBoxHINTList,2,38,they are coming for dinner,5,yes,SNR10dB,E_HT2_38_10db.wav,99,yes
9,655,english,sentence,SpeechBoxHINTList,2,44,sugar is very sweet,4,yes,SNR10dB,E_HT2_44_10db.wav,67,yes
9,655,english,sentence,SpeechBoxHINTList,2,51,the waiter brought the cream,3,no,quiet,E_HT2_51.wav,67,yes
9,655,english,sentence,SpeechBoxHINTList,2,53,the apple pie is good,4,no,quiet,E_HT2_53.wav,99,yes
9,655,english,sentence,SpeechBoxHINTList,2,55,the girl is washing her hair,5,no,quiet,E_HT2_55.wav,34,yes
9,655,english,sentence,SpeechBoxHINTList,2,58,they called an ambulance,3,no,quiet,E_HT2_58.wav,99,yes
9,655,english,sentence,SpeechBoxHINTList,2,60,he climbed up the ladder,4,no,quiet,E_HT2_60.wav,25,yes
10,500,english,sentence,SpeechBoxHINTList,1,1,a boy fell from the window,4,yes,SNR00dB,E_HT1_1_0db.wav,67,yes
10,500,english,sentence,SpeechBoxHINTList,1,2,the wife helped her husband,4,yes,SNR00dB,E_HT1_2_0db.wav,0,yes
10,500,english,sentence,SpeechBoxHINTList,1,3,big dogs can be dangerous,4,yes,SNR00dB,E_HT1_3_0db.wav,67,yes
10,500,english,sentence,SpeechBoxHINTList,1,4,the shoes were very dirty,4,yes,SNR00dB,E_HT1_4_0db.wav,34,yes
10,500,english,sentence,SpeechBoxHINTList,1,5,the player lost a shoe,3,yes,SNR00dB,E_HT1_5_0db.wav,34,yes
10,500,english,sentence,SpeechBoxHINTList,1,6,somebody stole the money,3,yes,SNR00dB,E_HT1_6_0db.wav,34,yes
10,500,english,sentence,SpeechBoxHINTList,1,7,the fire was very hot,4,yes,SNR00dB,E_HT1_7_0db.wav,34,yes
10,500,english,sentence,SpeechBoxHINTList,1,9,the picture came from a book,4,yes,SNR00dB,E_HT1_9_0db.wav,67,yes
10,500,english,sentence,SpeechBoxHINTList,1,10,the car is going too fast,5,yes,SNR00dB,E_HT1_10_0db.wav,75,yes
10,500,english,sentence,SpeechBoxHINTList,1,13,the family likes fish,3,yes,SNR00dB,E_HT1_13_0db.wav,34,yes
10,500,english,sentence,SpeechBoxHINTList,1,16,she argues with her sister,5,yes,SNR00dB,E_HT1_16_0db.wav,67,yes
10,500,english,sentence,SpeechBoxHINTList,1,17,the kitchen window was clean,4,yes,SNR00dB,E_HT1_17_0db.wav,34,yes
10,500,english,sentence,SpeechBoxHINTList,1,22,the table has three legs,4,yes,SNR00dB,E_HT1_22_0db.wav,25,yes
10,500,english,sentence,SpeechBoxHINTList,1,28,the dog is eating some meat,5,yes,SNR00dB,E_HT1_28_0db.wav,25,yes
10,500,english,sentence,SpeechBoxHINTList,1,29,father forgot the bread,3,yes,SNR00dB,E_HT1_29_0db.wav,34,yes
10,500,english,sentence,SpeechBoxHINTList,1,30,the road goes up a hill,4,yes,SNR05dB,E_HT1_30_5db.wav,25,yes
10,500,english,sentence,SpeechBoxHINTList,1,31,the painter uses a brush,3,yes,SNR05dB,E_HT1_31_5db.wav,0,yes
10,500,english,sentence,SpeechBoxHINTList,1,32,the family bought a house,3,yes,SNR05dB,E_HT1_32_5db.wav,67,yes
10,500,english,sentence,SpeechBoxHINTList,1,33,swimmers can hold their breath,5,yes,SNR05dB,E_HT1_33_5db.wav,0,yes
10,500,english,sentence,SpeechBoxHINTList,1,36,the food is expensive,3,yes,SNR05dB,E_HT1_36_5db.wav,99,yes
10,500,english,sentence,SpeechBoxHINTList,1,37,the children are walking home,4,yes,SNR05dB,E_HT1_37_5db.wav,34,yes
10,500,english,sentence,SpeechBoxHINTList,1,44,rain is good for trees,5,yes,SNR05dB,E_HT1_44_5db.wav,34,yes
10,500,english,sentence,SpeechBoxHINTList,1,47,the baby slept all night,4,yes,SNR05dB,E_HT1_47_5db.wav,25,yes
10,500,english,sentence,SpeechBoxHINTList,1,53,flowers can grow in the pot,5,yes,SNR05dB,E_HT1_53_5db.wav,0,yes
10,500,english,sentence,SpeechBoxHINTList,1,58,the match boxes are empty,4,yes,SNR05dB,E_HT1_58_5db.wav,34,yes
10,500,english,sentence,SpeechBoxHINTList,1,60,the dog came home at last,5,yes,SNR05dB,E_HT1_60_5db.wav,25,yes
10,500,english,sentence,SpeechBoxHINTList,2,2,they found his brother hiding,5,yes,SNR05dB,E_HT2_2_5db.wav,34,yes
10,500,english,sentence,SpeechBoxHINTList,2,4,the book tells a story,3,yes,SNR05dB,E_HT2_4_5db.wav,75,yes
10,500,english,sentence,SpeechBoxHINTList,2,6,the milk was by the front door,5,yes,SNR05dB,E_HT2_6_5db.wav,34,yes
10,500,english,sentence,SpeechBoxHINTList,2,8,the new road is on the map,5,yes,SNR05dB,E_HT2_8_5db.wav,34,yes
10,500,english,sentence,SpeechBoxHINTList,2,9,she lost her credit card,5,yes,SNR10dB,E_HT2_9_10db.wav,0,yes
10,500,english,sentence,SpeechBoxHINTList,2,10,the team is playing well,4,yes,SNR10dB,E_HT2_10_10db.wav,99,yes
10,500,english,sentence,SpeechBoxHINTList,2,13,the young people are dancing,4,yes,SNR10dB,E_HT2_13_10db.wav,67,yes
10,500,english,sentence,SpeechBoxHINTList,2,15,the shirts are in the closet,4,yes,SNR10dB,E_HT2_15_10db.wav,0,yes
10,500,english,sentence,SpeechBoxHINTList,2,18,the truck drove up the road,4,yes,SNR10dB,E_HT2_18_10db.wav,0,yes
10,500,english,sentence,SpeechBoxHINTList,2,20,a letter fell on the floor,4,yes,SNR10dB,E_HT2_20_10db.wav,34,yes
10,500,english,sentence,SpeechBoxHINTList,2,23,the football game is over,4,yes,SNR10dB,E_HT2_23_10db.wav,67,yes
10,500,english,sentence,SpeechBoxHINTList,2,26,the children helped their teacher,4,yes,SNR10dB,E_HT2_26_10db.wav,67,yes
10,500,english,sentence,SpeechBoxHINTList,2,27,they carried some shopping bags,5,yes,SNR10dB,E_HT2_27_10db.wav,25,yes
10,500,english,sentence,SpeechBoxHINTList,2,29,she uses her spoon to eat,6,yes,SNR10dB,E_HT2_29_10db.wav,50,yes
10,500,english,sentence,SpeechBoxHINTList,2,33,the dog is chasing the cat,4,yes,SNR10dB,E_HT2_33_10db.wav,67,yes
10,500,english,sentence,SpeechBoxHINTList,2,35,the bus leaves before the train,4,yes,SNR10dB,E_HT2_35_10db.wav,75,yes
10,500,english,sentence,SpeechBoxHINTList,2,37,the bag fell off the shelf,4,yes,SNR10dB,E_HT2_37_10db.wav,67,yes
10,500,english,sentence,SpeechBoxHINTList,2,38,they are coming for dinner,5,yes,SNR10dB,E_HT2_38_10db.wav,67,yes
10,500,english,sentence,SpeechBoxHINTList,2,44,sugar is very sweet,4,yes,SNR10dB,E_HT2_44_10db.wav,67,yes
10,500,english,sentence,SpeechBoxHINTList,2,51,the waiter brought the cream,3,no,quiet,E_HT2_51.wav,0,yes
10,500,english,sentence,SpeechBoxHINTList,2,53,the apple pie is good,4,no,quiet,E_HT2_53.wav,99,yes
10,500,english,sentence,SpeechBoxHINTList,2,55,the girl is washing her hair,5,no,quiet,E_HT2_55.wav,99,yes
10,500,english,sentence,SpeechBoxHINTList,2,58,they called an ambulance,3,no,quiet,E_HT2_58.wav,0,yes
10,500,english,sentence,SpeechBoxHINTList,2,60,he climbed up the ladder,4,no,quiet,E_HT2_60.wav,25,yes
11,690,english,sentence,SpeechBoxHINTList,1,1,a boy fell from the window,4,yes,SNR00dB,E_HT1_1_0db.wav,34,yes
11,690,english,sentence,SpeechBoxHINTList,1,2,the wife helped her husband,4,yes,SNR00dB,E_HT1_2_0db.wav,0,yes
11,690,english,sentence,SpeechBoxHINTList,1,3,big dogs can be dangerous,4,yes,SNR00dB,E_HT1_3_0db.wav,67,yes
11,690,english,sentence,SpeechBoxHINTList,1,4,the shoes were very dirty,4,yes,SNR00dB,E_HT1_4_0db.wav,34,yes
11,690,english,sentence,SpeechBoxHINTList,1,5,the player lost a shoe,3,yes,SNR00dB,E_HT1_5_0db.wav,34,yes
11,690,english,sentence,SpeechBoxHINTList,1,6,somebody stole the money,3,yes,SNR00dB,E_HT1_6_0db.wav,0,yes
11,690,english,sentence,SpeechBoxHINTList,1,7,the fire was very hot,4,yes,SNR00dB,E_HT1_7_0db.wav,34,yes
11,690,english,sentence,SpeechBoxHINTList,1,9,the picture came from a book,4,yes,SNR00dB,E_HT1_9_0db.wav,34,yes
11,690,english,sentence,SpeechBoxHINTList,1,10,the car is going too fast,5,yes,SNR00dB,E_HT1_10_0db.wav,75,yes
11,690,english,sentence,SpeechBoxHINTList,1,13,the family likes fish,3,yes,SNR00dB,E_HT1_13_0db.wav,67,yes
11,690,english,sentence,SpeechBoxHINTList,1,16,she argues with her sister,5,yes,SNR00dB,E_HT1_16_0db.wav,34,yes
11,690,english,sentence,SpeechBoxHINTList,1,17,the kitchen window was clean,4,yes,SNR00dB,E_HT1_17_0db.wav,67,yes
11,690,english,sentence,SpeechBoxHINTList,1,22,the table has three legs,4,yes,SNR00dB,E_HT1_22_0db.wav,25,yes
11,690,english,sentence,SpeechBoxHINTList,1,28,the dog is eating some meat,5,yes,SNR00dB,E_HT1_28_0db.wav,25,yes
11,690,english,sentence,SpeechBoxHINTList,1,29,father forgot the bread,3,yes,SNR00dB,E_HT1_29_0db.wav,34,yes
11,690,english,sentence,SpeechBoxHINTList,1,30,the road goes up a hill,4,yes,SNR05dB,E_HT1_30_5db.wav,0,yes
11,690,english,sentence,SpeechBoxHINTList,1,31,the painter uses a brush,3,yes,SNR05dB,E_HT1_31_5db.wav,99,yes
11,690,english,sentence,SpeechBoxHINTList,1,32,the family bought a house,3,yes,SNR05dB,E_HT1_32_5db.wav,34,yes
11,690,english,sentence,SpeechBoxHINTList,1,33,swimmers can hold their breath,5,yes,SNR05dB,E_HT1_33_5db.wav,0,yes
11,690,english,sentence,SpeechBoxHINTList,1,36,the food is expensive,3,yes,SNR05dB,E_HT1_36_5db.wav,99,yes
11,690,english,sentence,SpeechBoxHINTList,1,37,the children are walking home,4,yes,SNR05dB,E_HT1_37_5db.wav,67,yes
11,690,english,sentence,SpeechBoxHINTList,1,44,rain is good for trees,5,yes,SNR05dB,E_HT1_44_5db.wav,67,yes
11,690,english,sentence,SpeechBoxHINTList,1,47,the baby slept all night,4,yes,SNR05dB,E_HT1_47_5db.wav,25,yes
11,690,english,sentence,SpeechBoxHINTList,1,53,flowers can grow in the pot,5,yes,SNR05dB,E_HT1_53_5db.wav,0,yes
11,690,english,sentence,SpeechBoxHINTList,1,58,the match boxes are empty,4,yes,SNR05dB,E_HT1_58_5db.wav,67,yes
11,690,english,sentence,SpeechBoxHINTList,1,60,the dog came home at last,5,yes,SNR05dB,E_HT1_60_5db.wav,50,yes
11,690,english,sentence,SpeechBoxHINTList,2,2,they found his brother hiding,5,yes,SNR05dB,E_HT2_2_5db.wav,67,yes
11,690,english,sentence,SpeechBoxHINTList,2,4,the book tells a story,3,yes,SNR05dB,E_HT2_4_5db.wav,50,yes
11,690,english,sentence,SpeechBoxHINTList,2,6,the milk was by the front door,5,yes,SNR05dB,E_HT2_6_5db.wav,67,yes
11,690,english,sentence,SpeechBoxHINTList,2,8,the new road is on the map,5,yes,SNR05dB,E_HT2_8_5db.wav,34,yes
11,690,english,sentence,SpeechBoxHINTList,2,9,she lost her credit card,5,yes,SNR10dB,E_HT2_9_10db.wav,0,yes
11,690,english,sentence,SpeechBoxHINTList,2,10,the team is playing well,4,yes,SNR10dB,E_HT2_10_10db.wav,67,yes
11,690,english,sentence,SpeechBoxHINTList,2,13,the young people are dancing,4,yes,SNR10dB,E_HT2_13_10db.wav,67,yes
11,690,english,sentence,SpeechBoxHINTList,2,15,the shirts are in the closet,4,yes,SNR10dB,E_HT2_15_10db.wav,99,yes
11,690,english,sentence,SpeechBoxHINTList,2,18,the truck drove up the road,4,yes,SNR10dB,E_HT2_18_10db.wav,25,yes
11,690,english,sentence,SpeechBoxHINTList,2,20,a letter fell on the floor,4,yes,SNR10dB,E_HT2_20_10db.wav,0,yes
11,690,english,sentence,SpeechBoxHINTList,2,23,the football game is over,4,yes,SNR10dB,E_HT2_23_10db.wav,34,yes
11,690,english,sentence,SpeechBoxHINTList,2,26,the children helped their teacher,4,yes,SNR10dB,E_HT2_26_10db.wav,67,yes
11,690,english,sentence,SpeechBoxHINTList,2,27,they carried some shopping bags,5,yes,SNR10dB,E_HT2_27_10db.wav,50,yes
11,690,english,sentence,SpeechBoxHINTList,2,29,she uses her spoon to eat,6,yes,SNR10dB,E_HT2_29_10db.wav,50,yes
11,690,english,sentence,SpeechBoxHINTList,2,33,the dog is chasing the cat,4,yes,SNR10dB,E_HT2_33_10db.wav,67,yes
11,690,english,sentence,SpeechBoxHINTList,2,35,the bus leaves before the train,4,yes,SNR10dB,E_HT2_35_10db.wav,75,yes
11,690,english,sentence,SpeechBoxHINTList,2,37,the bag fell off the shelf,4,yes,SNR10dB,E_HT2_37_10db.wav,34,yes
11,690,english,sentence,SpeechBoxHINTList,2,38,they are coming for dinner,5,yes,SNR10dB,E_HT2_38_10db.wav,67,yes
11,690,english,sentence,SpeechBoxHINTList,2,44,sugar is very sweet,4,yes,SNR10dB,E_HT2_44_10db.wav,67,yes
11,690,english,sentence,SpeechBoxHINTList,2,51,the waiter brought the cream,3,no,quiet,E_HT2_51.wav,0,yes
11,690,english,sentence,SpeechBoxHINTList,2,53,the apple pie is good,4,no,quiet,E_HT2_53.wav,99,yes
11,690,english,sentence,SpeechBoxHINTList,2,55,the girl is washing her hair,5,no,quiet,E_HT2_55.wav,67,yes
11,690,english,sentence,SpeechBoxHINTList,2,58,they called an ambulance,3,no,quiet,E_HT2_58.wav,0,yes
11,690,english,sentence,SpeechBoxHINTList,2,60,he climbed up the ladder,4,no,quiet,E_HT2_60.wav,75,yes
12,300,english,sentence,SpeechBoxHINTList,1,1,a boy fell from the window,4,yes,SNR00dB,E_HT1_1_0db.wav,34,yes
12,300,english,sentence,SpeechBoxHINTList,1,2,the wife helped her husband,4,yes,SNR00dB,E_HT1_2_0db.wav,0,yes
12,300,english,sentence,SpeechBoxHINTList,1,3,big dogs can be dangerous,4,yes,SNR00dB,E_HT1_3_0db.wav,67,yes
12,300,english,sentence,SpeechBoxHINTList,1,4,the shoes were very dirty,4,yes,SNR00dB,E_HT1_4_0db.wav,99,yes
12,300,english,sentence,SpeechBoxHINTList,1,5,the player lost a shoe,3,yes,SNR00dB,E_HT1_5_0db.wav,34,yes
12,300,english,sentence,SpeechBoxHINTList,1,6,somebody stole the money,3,yes,SNR00dB,E_HT1_6_0db.wav,34,yes
12,300,english,sentence,SpeechBoxHINTList,1,7,the fire was very hot,4,yes,SNR00dB,E_HT1_7_0db.wav,34,yes
12,300,english,sentence,SpeechBoxHINTList,1,9,the picture came from a book,4,yes,SNR00dB,E_HT1_9_0db.wav,34,yes
12,300,english,sentence,SpeechBoxHINTList,1,10,the car is going too fast,5,yes,SNR00dB,E_HT1_10_0db.wav,25,yes
12,300,english,sentence,SpeechBoxHINTList,1,13,the family likes fish,3,yes,SNR00dB,E_HT1_13_0db.wav,0,yes
12,300,english,sentence,SpeechBoxHINTList,1,16,she argues with her sister,5,yes,SNR00dB,E_HT1_16_0db.wav,34,yes
12,300,english,sentence,SpeechBoxHINTList,1,17,the kitchen window was clean,4,yes,SNR00dB,E_HT1_17_0db.wav,99,yes
12,300,english,sentence,SpeechBoxHINTList,1,22,the table has three legs,4,yes,SNR00dB,E_HT1_22_0db.wav,50,yes
12,300,english,sentence,SpeechBoxHINTList,1,28,the dog is eating some meat,5,yes,SNR00dB,E_HT1_28_0db.wav,25,yes
12,300,english,sentence,SpeechBoxHINTList,1,29,father forgot the bread,3,yes,SNR00dB,E_HT1_29_0db.wav,34,yes
12,300,english,sentence,SpeechBoxHINTList,1,30,the road goes up a hill,4,yes,SNR05dB,E_HT1_30_5db.wav,0,yes
12,300,english,sentence,SpeechBoxHINTList,1,31,the painter uses a brush,3,yes,SNR05dB,E_HT1_31_5db.wav,99,yes
12,300,english,sentence,SpeechBoxHINTList,1,32,the family bought a house,3,yes,SNR05dB,E_HT1_32_5db.wav,0,yes
12,300,english,sentence,SpeechBoxHINTList,1,33,swimmers can hold their breath,5,yes,SNR05dB,E_HT1_33_5db.wav,0,yes
12,300,english,sentence,SpeechBoxHINTList,1,36,the food is expensive,3,yes,SNR05dB,E_HT1_36_5db.wav,99,yes
12,300,english,sentence,SpeechBoxHINTList,1,37,the children are walking home,4,yes,SNR05dB,E_HT1_37_5db.wav,34,yes
12,300,english,sentence,SpeechBoxHINTList,1,44,rain is good for trees,5,yes,SNR05dB,E_HT1_44_5db.wav,34,yes
12,300,english,sentence,SpeechBoxHINTList,1,47,the baby slept all night,4,yes,SNR05dB,E_HT1_47_5db.wav,25,yes
12,300,english,sentence,SpeechBoxHINTList,1,53,flowers can grow in the pot,5,yes,SNR05dB,E_HT1_53_5db.wav,34,yes
12,300,english,sentence,SpeechBoxHINTList,1,58,the match boxes are empty,4,yes,SNR05dB,E_HT1_58_5db.wav,0,yes
12,300,english,sentence,SpeechBoxHINTList,1,60,the dog came home at last,5,yes,SNR05dB,E_HT1_60_5db.wav,25,yes
12,300,english,sentence,SpeechBoxHINTList,2,2,they found his brother hiding,5,yes,SNR05dB,E_HT2_2_5db.wav,0,yes
12,300,english,sentence,SpeechBoxHINTList,2,4,the book tells a story,3,yes,SNR05dB,E_HT2_4_5db.wav,25,yes
12,300,english,sentence,SpeechBoxHINTList,2,6,the milk was by the front door,5,yes,SNR05dB,E_HT2_6_5db.wav,67,yes
12,300,english,sentence,SpeechBoxHINTList,2,8,the new road is on the map,5,yes,SNR05dB,E_HT2_8_5db.wav,67,yes
12,300,english,sentence,SpeechBoxHINTList,2,9,she lost her credit card,5,yes,SNR10dB,E_HT2_9_10db.wav,25,yes
12,300,english,sentence,SpeechBoxHINTList,2,10,the team is playing well,4,yes,SNR10dB,E_HT2_10_10db.wav,34,yes
12,300,english,sentence,SpeechBoxHINTList,2,13,the young people are dancing,4,yes,SNR10dB,E_HT2_13_10db.wav,34,yes
12,300,english,sentence,SpeechBoxHINTList,2,15,the shirts are in the closet,4,yes,SNR10dB,E_HT2_15_10db.wav,50,yes
12,300,english,sentence,SpeechBoxHINTList,2,18,the truck drove up the road,4,yes,SNR10dB,E_HT2_18_10db.wav,25,yes
12,300,english,sentence,SpeechBoxHINTList,2,20,a letter fell on the floor,4,yes,SNR10dB,E_HT2_20_10db.wav,0,yes
12,300,english,sentence,SpeechBoxHINTList,2,23,the football game is over,4,yes,SNR10dB,E_HT2_23_10db.wav,99,yes
12,300,english,sentence,SpeechBoxHINTList,2,26,the children helped their teacher,4,yes,SNR10dB,E_HT2_26_10db.wav,99,yes
12,300,english,sentence,SpeechBoxHINTList,2,27,they carried some shopping bags,5,yes,SNR10dB,E_HT2_27_10db.wav,25,yes
12,300,english,sentence,SpeechBoxHINTList,2,29,she uses her spoon to eat,6,yes,SNR10dB,E_HT2_29_10db.wav,75,yes
12,300,english,sentence,SpeechBoxHINTList,2,33,the dog is chasing the cat,4,yes,SNR10dB,E_HT2_33_10db.wav,99,yes
12,300,english,sentence,SpeechBoxHINTList,2,35,the bus leaves before the train,4,yes,SNR10dB,E_HT2_35_10db.wav,25,yes
12,300,english,sentence,SpeechBoxHINTList,2,37,the bag fell off the shelf,4,yes,SNR10dB,E_HT2_37_10db.wav,34,yes
12,300,english,sentence,SpeechBoxHINTList,2,38,they are coming for dinner,5,yes,SNR10dB,E_HT2_38_10db.wav,67,yes
12,300,english,sentence,SpeechBoxHINTList,2,44,sugar is very sweet,4,yes,SNR10dB,E_HT2_44_10db.wav,99,yes
12,300,english,sentence,SpeechBoxHINTList,2,51,the waiter brought the cream,3,no,quiet,E_HT2_51.wav,0,yes
12,300,english,sentence,SpeechBoxHINTList,2,53,the apple pie is good,4,no,quiet,E_HT2_53.wav,99,yes
12,300,english,sentence,SpeechBoxHINTList,2,55,the girl is washing her hair,5,no,quiet,E_HT2_55.wav,99,yes
12,300,english,sentence,SpeechBoxHINTList,2,58,they called an ambulance,3,no,quiet,E_HT2_58.wav,34,yes
12,300,english,sentence,SpeechBoxHINTList,2,60,he climbed up the ladder,4,no,quiet,E_HT2_60.wav,50,yes
13,695,english,sentence,SpeechBoxHINTList,1,1,a boy fell from the window,4,yes,SNR00dB,E_HT1_1_0db.wav,67,yes
13,695,english,sentence,SpeechBoxHINTList,1,2,the wife helped her husband,4,yes,SNR00dB,E_HT1_2_0db.wav,34,yes
13,695,english,sentence,SpeechBoxHINTList,1,3,big dogs can be dangerous,4,yes,SNR00dB,E_HT1_3_0db.wav,67,yes
13,695,english,sentence,SpeechBoxHINTList,1,4,the shoes were very dirty,4,yes,SNR00dB,E_HT1_4_0db.wav,34,yes
13,695,english,sentence,SpeechBoxHINTList,1,5,the player lost a shoe,3,yes,SNR00dB,E_HT1_5_0db.wav,0,yes
13,695,english,sentence,SpeechBoxHINTList,1,6,somebody stole the money,3,yes,SNR00dB,E_HT1_6_0db.wav,34,yes
13,695,english,sentence,SpeechBoxHINTList,1,7,the fire was very hot,4,yes,SNR00dB,E_HT1_7_0db.wav,0,yes
13,695,english,sentence,SpeechBoxHINTList,1,9,the picture came from a book,4,yes,SNR00dB,E_HT1_9_0db.wav,34,yes
13,695,english,sentence,SpeechBoxHINTList,1,10,the car is going too fast,5,yes,SNR00dB,E_HT1_10_0db.wav,25,yes
13,695,english,sentence,SpeechBoxHINTList,1,13,the family likes fish,3,yes,SNR00dB,E_HT1_13_0db.wav,67,yes
13,695,english,sentence,SpeechBoxHINTList,1,16,she argues with her sister,5,yes,SNR00dB,E_HT1_16_0db.wav,99,yes
13,695,english,sentence,SpeechBoxHINTList,1,17,the kitchen window was clean,4,yes,SNR00dB,E_HT1_17_0db.wav,67,yes
13,695,english,sentence,SpeechBoxHINTList,1,22,the table has three legs,4,yes,SNR00dB,E_HT1_22_0db.wav,25,yes
13,695,english,sentence,SpeechBoxHINTList,1,28,the dog is eating some meat,5,yes,SNR00dB,E_HT1_28_0db.wav,25,yes
13,695,english,sentence,SpeechBoxHINTList,1,29,father forgot the bread,3,yes,SNR00dB,E_HT1_29_0db.wav,34,yes
13,695,english,sentence,SpeechBoxHINTList,1,30,the road goes up a hill,4,yes,SNR05dB,E_HT1_30_5db.wav,0,yes
13,695,english,sentence,SpeechBoxHINTList,1,31,the painter uses a brush,3,yes,SNR05dB,E_HT1_31_5db.wav,67,yes
13,695,english,sentence,SpeechBoxHINTList,1,32,the family bought a house,3,yes,SNR05dB,E_HT1_32_5db.wav,34,yes
13,695,english,sentence,SpeechBoxHINTList,1,33,swimmers can hold their breath,5,yes,SNR05dB,E_HT1_33_5db.wav,0,yes
13,695,english,sentence,SpeechBoxHINTList,1,36,the food is expensive,3,yes,SNR05dB,E_HT1_36_5db.wav,99,yes
13,695,english,sentence,SpeechBoxHINTList,1,37,the children are walking home,4,yes,SNR05dB,E_HT1_37_5db.wav,67,yes
13,695,english,sentence,SpeechBoxHINTList,1,44,rain is good for trees,5,yes,SNR05dB,E_HT1_44_5db.wav,67,yes
13,695,english,sentence,SpeechBoxHINTList,1,47,the baby slept all night,4,yes,SNR05dB,E_HT1_47_5db.wav,50,yes
13,695,english,sentence,SpeechBoxHINTList,1,53,flowers can grow in the pot,5,yes,SNR05dB,E_HT1_53_5db.wav,67,yes
13,695,english,sentence,SpeechBoxHINTList,1,58,the match boxes are empty,4,yes,SNR05dB,E_HT1_58_5db.wav,67,yes
13,695,english,sentence,SpeechBoxHINTList,1,60,the dog came home at last,5,yes,SNR05dB,E_HT1_60_5db.wav,25,yes
13,695,english,sentence,SpeechBoxHINTList,2,2,they found his brother hiding,5,yes,SNR05dB,E_HT2_2_5db.wav,0,yes
13,695,english,sentence,SpeechBoxHINTList,2,4,the book tells a story,3,yes,SNR05dB,E_HT2_4_5db.wav,25,yes
13,695,english,sentence,SpeechBoxHINTList,2,6,the milk was by the front door,5,yes,SNR05dB,E_HT2_6_5db.wav,34,yes
13,695,english,sentence,SpeechBoxHINTList,2,8,the new road is on the map,5,yes,SNR05dB,E_HT2_8_5db.wav,67,yes
13,695,english,sentence,SpeechBoxHINTList,2,9,she lost her credit card,5,yes,SNR10dB,E_HT2_9_10db.wav,99,yes
13,695,english,sentence,SpeechBoxHINTList,2,10,the team is playing well,4,yes,SNR10dB,E_HT2_10_10db.wav,67,yes
13,695,english,sentence,SpeechBoxHINTList,2,13,the young people are dancing,4,yes,SNR10dB,E_HT2_13_10db.wav,34,yes
13,695,english,sentence,SpeechBoxHINTList,2,15,the shirts are in the closet,4,yes,SNR10dB,E_HT2_15_10db.wav,50,yes
13,695,english,sentence,SpeechBoxHINTList,2,18,the truck drove up the road,4,yes,SNR10dB,E_HT2_18_10db.wav,25,yes
13,695,english,sentence,SpeechBoxHINTList,2,20,a letter fell on the floor,4,yes,SNR10dB,E_HT2_20_10db.wav,34,yes
13,695,english,sentence,SpeechBoxHINTList,2,23,the football game is over,4,yes,SNR10dB,E_HT2_23_10db.wav,99,yes
13,695,english,sentence,SpeechBoxHINTList,2,26,the children helped their teacher,4,yes,SNR10dB,E_HT2_26_10db.wav,99,yes
13,695,english,sentence,SpeechBoxHINTList,2,27,they carried some shopping bags,5,yes,SNR10dB,E_HT2_27_10db.wav,25,yes
13,695,english,sentence,SpeechBoxHINTList,2,29,she uses her spoon to eat,6,yes,SNR10dB,E_HT2_29_10db.wav,99,yes
13,695,english,sentence,SpeechBoxHINTList,2,33,the dog is chasing the cat,4,yes,SNR10dB,E_HT2_33_10db.wav,67,yes
13,695,english,sentence,SpeechBoxHINTList,2,35,the bus leaves before the train,4,yes,SNR10dB,E_HT2_35_10db.wav,75,yes
13,695,english,sentence,SpeechBoxHINTList,2,37,the bag fell off the shelf,4,yes,SNR10dB,E_HT2_37_10db.wav,34,yes
13,695,english,sentence,SpeechBoxHINTList,2,38,they are coming for dinner,5,yes,SNR10dB,E_HT2_38_10db.wav,99,yes
13,695,english,sentence,SpeechBoxHINTList,2,44,sugar is very sweet,4,yes,SNR10dB,E_HT2_44_10db.wav,99,yes
13,695,english,sentence,SpeechBoxHINTList,2,51,the waiter brought the cream,3,no,quiet,E_HT2_51.wav,34,yes
13,695,english,sentence,SpeechBoxHINTList,2,53,the apple pie is good,4,no,quiet,E_HT2_53.wav,99,yes
13,695,english,sentence,SpeechBoxHINTList,2,55,the girl is washing her hair,5,no,quiet,E_HT2_55.wav,99,yes
13,695,english,sentence,SpeechBoxHINTList,2,58,they called an ambulance,3,no,quiet,E_HT2_58.wav,67,yes
13,695,english,sentence,SpeechBoxHINTList,2,60,he climbed up the ladder,4,no,quiet,E_HT2_60.wav,25,yes
14,895,english,sentence,SpeechBoxHINTList,1,1,a boy fell from the window,4,yes,SNR00dB,E_HT1_1_0db.wav,99,yes
14,895,english,sentence,SpeechBoxHINTList,1,2,the wife helped her husband,4,yes,SNR00dB,E_HT1_2_0db.wav,34,yes
14,895,english,sentence,SpeechBoxHINTList,1,3,big dogs can be dangerous,4,yes,SNR00dB,E_HT1_3_0db.wav,67,yes
14,895,english,sentence,SpeechBoxHINTList,1,4,the shoes were very dirty,4,yes,SNR00dB,E_HT1_4_0db.wav,99,yes
14,895,english,sentence,SpeechBoxHINTList,1,5,the player lost a shoe,3,yes,SNR00dB,E_HT1_5_0db.wav,99,yes
14,895,english,sentence,SpeechBoxHINTList,1,6,somebody stole the money,3,yes,SNR00dB,E_HT1_6_0db.wav,99,yes
14,895,english,sentence,SpeechBoxHINTList,1,7,the fire was very hot,4,yes,SNR00dB,E_HT1_7_0db.wav,67,yes
14,895,english,sentence,SpeechBoxHINTList,1,9,the picture came from a book,4,yes,SNR00dB,E_HT1_9_0db.wav,99,yes
14,895,english,sentence,SpeechBoxHINTList,1,10,the car is going too fast,5,yes,SNR00dB,E_HT1_10_0db.wav,99,yes
14,895,english,sentence,SpeechBoxHINTList,1,13,the family likes fish,3,yes,SNR00dB,E_HT1_13_0db.wav,99,yes
14,895,english,sentence,SpeechBoxHINTList,1,16,she argues with her sister,5,yes,SNR00dB,E_HT1_16_0db.wav,99,yes
14,895,english,sentence,SpeechBoxHINTList,1,17,the kitchen window was clean,4,yes,SNR00dB,E_HT1_17_0db.wav,99,yes
14,895,english,sentence,SpeechBoxHINTList,1,22,the table has three legs,4,yes,SNR00dB,E_HT1_22_0db.wav,99,yes
14,895,english,sentence,SpeechBoxHINTList,1,28,the dog is eating some meat,5,yes,SNR00dB,E_HT1_28_0db.wav,25,yes
14,895,english,sentence,SpeechBoxHINTList,1,29,father forgot the bread,3,yes,SNR00dB,E_HT1_29_0db.wav,67,yes
14,895,english,sentence,SpeechBoxHINTList,1,30,the road goes up a hill,4,yes,SNR05dB,E_HT1_30_5db.wav,99,yes
14,895,english,sentence,SpeechBoxHINTList,1,31,the painter uses a brush,3,yes,SNR05dB,E_HT1_31_5db.wav,99,yes
14,895,english,sentence,SpeechBoxHINTList,1,32,the family bought a house,3,yes,SNR05dB,E_HT1_32_5db.wav,99,yes
14,895,english,sentence,SpeechBoxHINTList,1,33,swimmers can hold their breath,5,yes,SNR05dB,E_HT1_33_5db.wav,67,yes
14,895,english,sentence,SpeechBoxHINTList,1,36,the food is expensive,3,yes,SNR05dB,E_HT1_36_5db.wav,99,yes
14,895,english,sentence,SpeechBoxHINTList,1,37,the children are walking home,4,yes,SNR05dB,E_HT1_37_5db.wav,99,yes
14,895,english,sentence,SpeechBoxHINTList,1,44,rain is good for trees,5,yes,SNR05dB,E_HT1_44_5db.wav,99,yes
14,895,english,sentence,SpeechBoxHINTList,1,47,the baby slept all night,4,yes,SNR05dB,E_HT1_47_5db.wav,75,yes
14,895,english,sentence,SpeechBoxHINTList,1,53,flowers can grow in the pot,5,yes,SNR05dB,E_HT1_53_5db.wav,99,yes
14,895,english,sentence,SpeechBoxHINTList,1,58,the match boxes are empty,4,yes,SNR05dB,E_HT1_58_5db.wav,99,yes
14,895,english,sentence,SpeechBoxHINTList,1,60,the dog came home at last,5,yes,SNR05dB,E_HT1_60_5db.wav,99,yes
14,895,english,sentence,SpeechBoxHINTList,2,2,they found his brother hiding,5,yes,SNR05dB,E_HT2_2_5db.wav,99,yes
14,895,english,sentence,SpeechBoxHINTList,2,4,the book tells a story,3,yes,SNR05dB,E_HT2_4_5db.wav,75,yes
14,895,english,sentence,SpeechBoxHINTList,2,6,the milk was by the front door,5,yes,SNR05dB,E_HT2_6_5db.wav,67,yes
14,895,english,sentence,SpeechBoxHINTList,2,8,the new road is on the map,5,yes,SNR05dB,E_HT2_8_5db.wav,99,yes
14,895,english,sentence,SpeechBoxHINTList,2,9,she lost her credit card,5,yes,SNR10dB,E_HT2_9_10db.wav,99,yes
14,895,english,sentence,SpeechBoxHINTList,2,10,the team is playing well,4,yes,SNR10dB,E_HT2_10_10db.wav,99,yes
14,895,english,sentence,SpeechBoxHINTList,2,13,the young people are dancing,4,yes,SNR10dB,E_HT2_13_10db.wav,99,yes
14,895,english,sentence,SpeechBoxHINTList,2,15,the shirts are in the closet,4,yes,SNR10dB,E_HT2_15_10db.wav,99,yes
14,895,english,sentence,SpeechBoxHINTList,2,18,the truck drove up the road,4,yes,SNR10dB,E_HT2_18_10db.wav,25,yes
14,895,english,sentence,SpeechBoxHINTList,2,20,a letter fell on the floor,4,yes,SNR10dB,E_HT2_20_10db.wav,99,yes
14,895,english,sentence,SpeechBoxHINTList,2,23,the football game is over,4,yes,SNR10dB,E_HT2_23_10db.wav,99,yes
14,895,english,sentence,SpeechBoxHINTList,2,26,the children helped their teacher,4,yes,SNR10dB,E_HT2_26_10db.wav,99,yes
14,895,english,sentence,SpeechBoxHINTList,2,27,they carried some shopping bags,5,yes,SNR10dB,E_HT2_27_10db.wav,99,yes
14,895,english,sentence,SpeechBoxHINTList,2,29,she uses her spoon to eat,6,yes,SNR10dB,E_HT2_29_10db.wav,99,yes
14,895,english,sentence,SpeechBoxHINTList,2,33,the dog is chasing the cat,4,yes,SNR10dB,E_HT2_33_10db.wav,99,yes
14,895,english,sentence,SpeechBoxHINTList,2,35,the bus leaves before the train,4,yes,SNR10dB,E_HT2_35_10db.wav,99,yes
14,895,english,sentence,SpeechBoxHINTList,2,37,the bag fell off the shelf,4,yes,SNR10dB,E_HT2_37_10db.wav,99,yes
14,895,english,sentence,SpeechBoxHINTList,2,38,they are coming for dinner,5,yes,SNR10dB,E_HT2_38_10db.wav,99,yes
14,895,english,sentence,SpeechBoxHINTList,2,44,sugar is very sweet,4,yes,SNR10dB,E_HT2_44_10db.wav,67,yes
14,895,english,sentence,SpeechBoxHINTList,2,51,the waiter brought the cream,3,no,quiet,E_HT2_51.wav,99,yes
14,895,english,sentence,SpeechBoxHINTList,2,53,the apple pie is good,4,no,quiet,E_HT2_53.wav,99,yes
14,895,english,sentence,SpeechBoxHINTList,2,55,the girl is washing her hair,5,no,quiet,E_HT2_55.wav,99,yes
14,895,english,sentence,SpeechBoxHINTList,2,58,they called an ambulance,3,no,quiet,E_HT2_58.wav,67,yes
14,895,english,sentence,SpeechBoxHINTList,2,60,he climbed up the ladder,4,no,quiet,E_HT2_60.wav,99,yes
15,615,english,sentence,SpeechBoxHINTList,1,1,a boy fell from the window,4,yes,SNR00dB,E_HT1_1_0db.wav,67,yes
15,615,english,sentence,SpeechBoxHINTList,1,2,the wife helped her husband,4,yes,SNR00dB,E_HT1_2_0db.wav,0,yes
15,615,english,sentence,SpeechBoxHINTList,1,3,big dogs can be dangerous,4,yes,SNR00dB,E_HT1_3_0db.wav,67,yes
15,615,english,sentence,SpeechBoxHINTList,1,4,the shoes were very dirty,4,yes,SNR00dB,E_HT1_4_0db.wav,99,yes
15,615,english,sentence,SpeechBoxHINTList,1,5,the player lost a shoe,3,yes,SNR00dB,E_HT1_5_0db.wav,0,yes
15,615,english,sentence,SpeechBoxHINTList,1,6,somebody stole the money,3,yes,SNR00dB,E_HT1_6_0db.wav,34,yes
15,615,english,sentence,SpeechBoxHINTList,1,7,the fire was very hot,4,yes,SNR00dB,E_HT1_7_0db.wav,34,yes
15,615,english,sentence,SpeechBoxHINTList,1,9,the picture came from a book,4,yes,SNR00dB,E_HT1_9_0db.wav,67,yes
15,615,english,sentence,SpeechBoxHINTList,1,10,the car is going too fast,5,yes,SNR00dB,E_HT1_10_0db.wav,75,yes
15,615,english,sentence,SpeechBoxHINTList,1,13,the family likes fish,3,yes,SNR00dB,E_HT1_13_0db.wav,67,yes
15,615,english,sentence,SpeechBoxHINTList,1,16,she argues with her sister,5,yes,SNR00dB,E_HT1_16_0db.wav,99,yes
15,615,english,sentence,SpeechBoxHINTList,1,17,the kitchen window was clean,4,yes,SNR00dB,E_HT1_17_0db.wav,67,yes
15,615,english,sentence,SpeechBoxHINTList,1,22,the table has three legs,4,yes,SNR00dB,E_HT1_22_0db.wav,25,yes
15,615,english,sentence,SpeechBoxHINTList,1,28,the dog is eating some meat,5,yes,SNR00dB,E_HT1_28_0db.wav,25,yes
15,615,english,sentence,SpeechBoxHINTList,1,29,father forgot the bread,3,yes,SNR00dB,E_HT1_29_0db.wav,0,yes
15,615,english,sentence,SpeechBoxHINTList,1,30,the road goes up a hill,4,yes,SNR05dB,E_HT1_30_5db.wav,25,yes
15,615,english,sentence,SpeechBoxHINTList,1,31,the painter uses a brush,3,yes,SNR05dB,E_HT1_31_5db.wav,34,yes
15,615,english,sentence,SpeechBoxHINTList,1,32,the family bought a house,3,yes,SNR05dB,E_HT1_32_5db.wav,67,yes
15,615,english,sentence,SpeechBoxHINTList,1,33,swimmers can hold their breath,5,yes,SNR05dB,E_HT1_33_5db.wav,0,yes
15,615,english,sentence,SpeechBoxHINTList,1,36,the food is expensive,3,yes,SNR05dB,E_HT1_36_5db.wav,99,yes
15,615,english,sentence,SpeechBoxHINTList,1,37,the children are walking home,4,yes,SNR05dB,E_HT1_37_5db.wav,34,yes
15,615,english,sentence,SpeechBoxHINTList,1,44,rain is good for trees,5,yes,SNR05dB,E_HT1_44_5db.wav,67,yes
15,615,english,sentence,SpeechBoxHINTList,1,47,the baby slept all night,4,yes,SNR05dB,E_HT1_47_5db.wav,25,yes
15,615,english,sentence,SpeechBoxHINTList,1,53,flowers can grow in the pot,5,yes,SNR05dB,E_HT1_53_5db.wav,0,yes
15,615,english,sentence,SpeechBoxHINTList,1,58,the match boxes are empty,4,yes,SNR05dB,E_HT1_58_5db.wav,0,yes
15,615,english,sentence,SpeechBoxHINTList,1,60,the dog came home at last,5,yes,SNR05dB,E_HT1_60_5db.wav,50,yes
15,615,english,sentence,SpeechBoxHINTList,2,2,they found his brother hiding,5,yes,SNR05dB,E_HT2_2_5db.wav,0,yes
15,615,english,sentence,SpeechBoxHINTList,2,4,the book tells a story,3,yes,SNR05dB,E_HT2_4_5db.wav,75,yes
15,615,english,sentence,SpeechBoxHINTList,2,6,the milk was by the front door,5,yes,SNR05dB,E_HT2_6_5db.wav,34,yes
15,615,english,sentence,SpeechBoxHINTList,2,8,the new road is on the map,5,yes,SNR05dB,E_HT2_8_5db.wav,99,yes
15,615,english,sentence,SpeechBoxHINTList,2,9,she lost her credit card,5,yes,SNR10dB,E_HT2_9_10db.wav,50,yes
15,615,english,sentence,SpeechBoxHINTList,2,10,the team is playing well,4,yes,SNR10dB,E_HT2_10_10db.wav,99,yes
15,615,english,sentence,SpeechBoxHINTList,2,13,the young people are dancing,4,yes,SNR10dB,E_HT2_13_10db.wav,99,yes
15,615,english,sentence,SpeechBoxHINTList,2,15,the shirts are in the closet,4,yes,SNR10dB,E_HT2_15_10db.wav,0,yes
15,615,english,sentence,SpeechBoxHINTList,2,18,the truck drove up the road,4,yes,SNR10dB,E_HT2_18_10db.wav,50,yes
15,615,english,sentence,SpeechBoxHINTList,2,20,a letter fell on the floor,4,yes,SNR10dB,E_HT2_20_10db.wav,0,yes
15,615,english,sentence,SpeechBoxHINTList,2,23,the football game is over,4,yes,SNR10dB,E_HT2_23_10db.wav,34,yes
15,615,english,sentence,SpeechBoxHINTList,2,26,the children helped their teacher,4,yes,SNR10dB,E_HT2_26_10db.wav,99,yes
15,615,english,sentence,SpeechBoxHINTList,2,27,they carried some shopping bags,5,yes,SNR10dB,E_HT2_27_10db.wav,50,yes
15,615,english,sentence,SpeechBoxHINTList,2,29,she uses her spoon to eat,6,yes,SNR10dB,E_HT2_29_10db.wav,99,yes
15,615,english,sentence,SpeechBoxHINTList,2,33,the dog is chasing the cat,4,yes,SNR10dB,E_HT2_33_10db.wav,67,yes
15,615,english,sentence,SpeechBoxHINTList,2,35,the bus leaves before the train,4,yes,SNR10dB,E_HT2_35_10db.wav,25,yes
15,615,english,sentence,SpeechBoxHINTList,2,37,the bag fell off the shelf,4,yes,SNR10dB,E_HT2_37_10db.wav,0,yes
15,615,english,sentence,SpeechBoxHINTList,2,38,they are coming for dinner,5,yes,SNR10dB,E_HT2_38_10db.wav,0,yes
15,615,english,sentence,SpeechBoxHINTList,2,44,sugar is very sweet,4,yes,SNR10dB,E_HT2_44_10db.wav,0,yes
15,615,english,sentence,SpeechBoxHINTList,2,51,the waiter brought the cream,3,no,quiet,E_HT2_51.wav,0,yes
15,615,english,sentence,SpeechBoxHINTList,2,53,the apple pie is good,4,no,quiet,E_HT2_53.wav,99,yes
15,615,english,sentence,SpeechBoxHINTList,2,55,the girl is washing her hair,5,no,quiet,E_HT2_55.wav,99,yes
15,615,english,sentence,SpeechBoxHINTList,2,58,they called an ambulance,3,no,quiet,E_HT2_58.wav,0,yes
15,615,english,sentence,SpeechBoxHINTList,2,60,he climbed up the ladder,4,no,quiet,E_HT2_60.wav,75,yes
16,400,english,sentence,SpeechBoxHINTList,1,1,a boy fell from the window,4,yes,SNR00dB,E_HT1_1_0db.wav,67,yes
16,400,english,sentence,SpeechBoxHINTList,1,2,the wife helped her husband,4,yes,SNR00dB,E_HT1_2_0db.wav,0,yes
16,400,english,sentence,SpeechBoxHINTList,1,3,big dogs can be dangerous,4,yes,SNR00dB,E_HT1_3_0db.wav,67,yes
16,400,english,sentence,SpeechBoxHINTList,1,4,the shoes were very dirty,4,yes,SNR00dB,E_HT1_4_0db.wav,34,yes
16,400,english,sentence,SpeechBoxHINTList,1,5,the player lost a shoe,3,yes,SNR00dB,E_HT1_5_0db.wav,99,yes
16,400,english,sentence,SpeechBoxHINTList,1,6,somebody stole the money,3,yes,SNR00dB,E_HT1_6_0db.wav,34,yes
16,400,english,sentence,SpeechBoxHINTList,1,7,the fire was very hot,4,yes,SNR00dB,E_HT1_7_0db.wav,34,yes
16,400,english,sentence,SpeechBoxHINTList,1,9,the picture came from a book,4,yes,SNR00dB,E_HT1_9_0db.wav,99,yes
16,400,english,sentence,SpeechBoxHINTList,1,10,the car is going too fast,5,yes,SNR00dB,E_HT1_10_0db.wav,25,yes
16,400,english,sentence,SpeechBoxHINTList,1,13,the family likes fish,3,yes,SNR00dB,E_HT1_13_0db.wav,34,yes
16,400,english,sentence,SpeechBoxHINTList,1,16,she argues with her sister,5,yes,SNR00dB,E_HT1_16_0db.wav,99,yes
16,400,english,sentence,SpeechBoxHINTList,1,17,the kitchen window was clean,4,yes,SNR00dB,E_HT1_17_0db.wav,67,yes
16,400,english,sentence,SpeechBoxHINTList,1,22,the table has three legs,4,yes,SNR00dB,E_HT1_22_0db.wav,99,yes
16,400,english,sentence,SpeechBoxHINTList,1,28,the dog is eating some meat,5,yes,SNR00dB,E_HT1_28_0db.wav,25,yes
16,400,english,sentence,SpeechBoxHINTList,1,29,father forgot the bread,3,yes,SNR00dB,E_HT1_29_0db.wav,0,yes
16,400,english,sentence,SpeechBoxHINTList,1,30,the road goes up a hill,4,yes,SNR05dB,E_HT1_30_5db.wav,25,yes
16,400,english,sentence,SpeechBoxHINTList,1,31,the painter uses a brush,3,yes,SNR05dB,E_HT1_31_5db.wav,67,yes
16,400,english,sentence,SpeechBoxHINTList,1,32,the family bought a house,3,yes,SNR05dB,E_HT1_32_5db.wav,99,yes
16,400,english,sentence,SpeechBoxHINTList,1,33,swimmers can hold their breath,5,yes,SNR05dB,E_HT1_33_5db.wav,0,yes
16,400,english,sentence,SpeechBoxHINTList,1,36,the food is expensive,3,yes,SNR05dB,E_HT1_36_5db.wav,99,yes
16,400,english,sentence,SpeechBoxHINTList,1,37,the children are walking home,4,yes,SNR05dB,E_HT1_37_5db.wav,67,yes
16,400,english,sentence,SpeechBoxHINTList,1,44,rain is good for trees,5,yes,SNR05dB,E_HT1_44_5db.wav,34,yes
16,400,english,sentence,SpeechBoxHINTList,1,47,the baby slept all night,4,yes,SNR05dB,E_HT1_47_5db.wav,25,yes
16,400,english,sentence,SpeechBoxHINTList,1,53,flowers can grow in the pot,5,yes,SNR05dB,E_HT1_53_5db.wav,0,yes
16,400,english,sentence,SpeechBoxHINTList,1,58,the match boxes are empty,4,yes,SNR05dB,E_HT1_58_5db.wav,99,yes
16,400,english,sentence,SpeechBoxHINTList,1,60,the dog came home at last,5,yes,SNR05dB,E_HT1_60_5db.wav,75,yes
16,400,english,sentence,SpeechBoxHINTList,2,2,they found his brother hiding,5,yes,SNR05dB,E_HT2_2_5db.wav,34,yes
16,400,english,sentence,SpeechBoxHINTList,2,4,the book tells a story,3,yes,SNR05dB,E_HT2_4_5db.wav,50,yes
16,400,english,sentence,SpeechBoxHINTList,2,6,the milk was by the front door,5,yes,SNR05dB,E_HT2_6_5db.wav,34,yes
16,400,english,sentence,SpeechBoxHINTList,2,8,the new road is on the map,5,yes,SNR05dB,E_HT2_8_5db.wav,67,yes
16,400,english,sentence,SpeechBoxHINTList,2,9,she lost her credit card,5,yes,SNR10dB,E_HT2_9_10db.wav,50,yes
16,400,english,sentence,SpeechBoxHINTList,2,10,the team is playing well,4,yes,SNR10dB,E_HT2_10_10db.wav,99,yes
16,400,english,sentence,SpeechBoxHINTList,2,13,the young people are dancing,4,yes,SNR10dB,E_HT2_13_10db.wav,99,yes
16,400,english,sentence,SpeechBoxHINTList,2,15,the shirts are in the closet,4,yes,SNR10dB,E_HT2_15_10db.wav,50,yes
16,400,english,sentence,SpeechBoxHINTList,2,18,the truck drove up the road,4,yes,SNR10dB,E_HT2_18_10db.wav,25,yes
16,400,english,sentence,SpeechBoxHINTList,2,20,a letter fell on the floor,4,yes,SNR10dB,E_HT2_20_10db.wav,34,yes
16,400,english,sentence,SpeechBoxHINTList,2,23,the football game is over,4,yes,SNR10dB,E_HT2_23_10db.wav,34,yes
16,400,english,sentence,SpeechBoxHINTList,2,26,the children helped their teacher,4,yes,SNR10dB,E_HT2_26_10db.wav,99,yes
16,400,english,sentence,SpeechBoxHINTList,2,27,they carried some shopping bags,5,yes,SNR10dB,E_HT2_27_10db.wav,25,yes
16,400,english,sentence,SpeechBoxHINTList,2,29,she uses her spoon to eat,6,yes,SNR10dB,E_HT2_29_10db.wav,99,yes
16,400,english,sentence,SpeechBoxHINTList,2,33,the dog is chasing the cat,4,yes,SNR10dB,E_HT2_33_10db.wav,34,yes
16,400,english,sentence,SpeechBoxHINTList,2,35,the bus leaves before the train,4,yes,SNR10dB,E_HT2_35_10db.wav,75,yes
16,400,english,sentence,SpeechBoxHINTList,2,37,the bag fell off the shelf,4,yes,SNR10dB,E_HT2_37_10db.wav,0,yes
16,400,english,sentence,SpeechBoxHINTList,2,38,they are coming for dinner,5,yes,SNR10dB,E_HT2_38_10db.wav,99,yes
16,400,english,sentence,SpeechBoxHINTList,2,44,sugar is very sweet,4,yes,SNR10dB,E_HT2_44_10db.wav,99,yes
16,400,english,sentence,SpeechBoxHINTList,2,51,the waiter brought the cream,3,no,quiet,E_HT2_51.wav,0,yes
16,400,english,sentence,SpeechBoxHINTList,2,53,the apple pie is good,4,no,quiet,E_HT2_53.wav,99,yes
16,400,english,sentence,SpeechBoxHINTList,2,55,the girl is washing her hair,5,no,quiet,E_HT2_55.wav,99,yes
16,400,english,sentence,SpeechBoxHINTList,2,58,they called an ambulance,3,no,quiet,E_HT2_58.wav,0,yes
16,400,english,sentence,SpeechBoxHINTList,2,60,he climbed up the ladder,4,no,quiet,E_HT2_60.wav,50,yes
17,605,english,sentence,SpeechBoxHINTList,1,1,a boy fell from the window,4,yes,SNR00dB,E_HT1_1_0db.wav,34,yes
17,605,english,sentence,SpeechBoxHINTList,1,2,the wife helped her husband,4,yes,SNR00dB,E_HT1_2_0db.wav,0,yes
17,605,english,sentence,SpeechBoxHINTList,1,3,big dogs can be dangerous,4,yes,SNR00dB,E_HT1_3_0db.wav,34,yes
17,605,english,sentence,SpeechBoxHINTList,1,4,the shoes were very dirty,4,yes,SNR00dB,E_HT1_4_0db.wav,67,yes
17,605,english,sentence,SpeechBoxHINTList,1,5,the player lost a shoe,3,yes,SNR00dB,E_HT1_5_0db.wav,0,yes
17,605,english,sentence,SpeechBoxHINTList,1,6,somebody stole the money,3,yes,SNR00dB,E_HT1_6_0db.wav,0,yes
17,605,english,sentence,SpeechBoxHINTList,1,7,the fire was very hot,4,yes,SNR00dB,E_HT1_7_0db.wav,34,yes
17,605,english,sentence,SpeechBoxHINTList,1,9,the picture came from a book,4,yes,SNR00dB,E_HT1_9_0db.wav,34,yes
17,605,english,sentence,SpeechBoxHINTList,1,10,the car is going too fast,5,yes,SNR00dB,E_HT1_10_0db.wav,0,yes
17,605,english,sentence,SpeechBoxHINTList,1,13,the family likes fish,3,yes,SNR00dB,E_HT1_13_0db.wav,0,yes
17,605,english,sentence,SpeechBoxHINTList,1,16,she argues with her sister,5,yes,SNR00dB,E_HT1_16_0db.wav,34,yes
17,605,english,sentence,SpeechBoxHINTList,1,17,the kitchen window was clean,4,yes,SNR00dB,E_HT1_17_0db.wav,67,yes
17,605,english,sentence,SpeechBoxHINTList,1,22,the table has three legs,4,yes,SNR00dB,E_HT1_22_0db.wav,50,yes
17,605,english,sentence,SpeechBoxHINTList,1,28,the dog is eating some meat,5,yes,SNR00dB,E_HT1_28_0db.wav,25,yes
17,605,english,sentence,SpeechBoxHINTList,1,29,father forgot the bread,3,yes,SNR00dB,E_HT1_29_0db.wav,0,yes
17,605,english,sentence,SpeechBoxHINTList,1,30,the road goes up a hill,4,yes,SNR05dB,E_HT1_30_5db.wav,25,yes
17,605,english,sentence,SpeechBoxHINTList,1,31,the painter uses a brush,3,yes,SNR05dB,E_HT1_31_5db.wav,67,yes
17,605,english,sentence,SpeechBoxHINTList,1,32,the family bought a house,3,yes,SNR05dB,E_HT1_32_5db.wav,34,yes
17,605,english,sentence,SpeechBoxHINTList,1,33,swimmers can hold their breath,5,yes,SNR05dB,E_HT1_33_5db.wav,0,yes
17,605,english,sentence,SpeechBoxHINTList,1,36,the food is expensive,3,yes,SNR05dB,E_HT1_36_5db.wav,99,yes
17,605,english,sentence,SpeechBoxHINTList,1,37,the children are walking home,4,yes,SNR05dB,E_HT1_37_5db.wav,67,yes
17,605,english,sentence,SpeechBoxHINTList,1,44,rain is good for trees,5,yes,SNR05dB,E_HT1_44_5db.wav,67,yes
17,605,english,sentence,SpeechBoxHINTList,1,47,the baby slept all night,4,yes,SNR05dB,E_HT1_47_5db.wav,25,yes
17,605,english,sentence,SpeechBoxHINTList,1,53,flowers can grow in the pot,5,yes,SNR05dB,E_HT1_53_5db.wav,34,yes
17,605,english,sentence,SpeechBoxHINTList,1,58,the match boxes are empty,4,yes,SNR05dB,E_HT1_58_5db.wav,67,yes
17,605,english,sentence,SpeechBoxHINTList,1,60,the dog came home at last,5,yes,SNR05dB,E_HT1_60_5db.wav,50,yes
17,605,english,sentence,SpeechBoxHINTList,2,2,they found his brother hiding,5,yes,SNR05dB,E_HT2_2_5db.wav,34,yes
17,605,english,sentence,SpeechBoxHINTList,2,4,the book tells a story,3,yes,SNR05dB,E_HT2_4_5db.wav,50,yes
17,605,english,sentence,SpeechBoxHINTList,2,6,the milk was by the front door,5,yes,SNR05dB,E_HT2_6_5db.wav,34,yes
17,605,english,sentence,SpeechBoxHINTList,2,8,the new road is on the map,5,yes,SNR05dB,E_HT2_8_5db.wav,99,yes
17,605,english,sentence,SpeechBoxHINTList,2,9,she lost her credit card,5,yes,SNR10dB,E_HT2_9_10db.wav,25,yes
17,605,english,sentence,SpeechBoxHINTList,2,10,the team is playing well,4,yes,SNR10dB,E_HT2_10_10db.wav,99,yes
17,605,english,sentence,SpeechBoxHINTList,2,13,the young people are dancing,4,yes,SNR10dB,E_HT2_13_10db.wav,34,yes
17,605,english,sentence,SpeechBoxHINTList,2,15,the shirts are in the closet,4,yes,SNR10dB,E_HT2_15_10db.wav,50,yes
17,605,english,sentence,SpeechBoxHINTList,2,18,the truck drove up the road,4,yes,SNR10dB,E_HT2_18_10db.wav,25,yes
17,605,english,sentence,SpeechBoxHINTList,2,20,a letter fell on the floor,4,yes,SNR10dB,E_HT2_20_10db.wav,34,yes
17,605,english,sentence,SpeechBoxHINTList,2,23,the football game is over,4,yes,SNR10dB,E_HT2_23_10db.wav,34,yes
17,605,english,sentence,SpeechBoxHINTList,2,26,the children helped their teacher,4,yes,SNR10dB,E_HT2_26_10db.wav,99,yes
17,605,english,sentence,SpeechBoxHINTList,2,27,they carried some shopping bags,5,yes,SNR10dB,E_HT2_27_10db.wav,50,yes
17,605,english,sentence,SpeechBoxHINTList,2,29,she uses her spoon to eat,6,yes,SNR10dB,E_HT2_29_10db.wav,50,yes
17,605,english,sentence,SpeechBoxHINTList,2,33,the dog is chasing the cat,4,yes,SNR10dB,E_HT2_33_10db.wav,67,yes
17,605,english,sentence,SpeechBoxHINTList,2,35,the bus leaves before the train,4,yes,SNR10dB,E_HT2_35_10db.wav,75,yes
17,605,english,sentence,SpeechBoxHINTList,2,37,the bag fell off the shelf,4,yes,SNR10dB,E_HT2_37_10db.wav,0,yes
17,605,english,sentence,SpeechBoxHINTList,2,38,they are coming for dinner,5,yes,SNR10dB,E_HT2_38_10db.wav,34,yes
17,605,english,sentence,SpeechBoxHINTList,2,44,sugar is very sweet,4,yes,SNR10dB,E_HT2_44_10db.wav,0,yes
17,605,english,sentence,SpeechBoxHINTList,2,51,the waiter brought the cream,3,no,quiet,E_HT2_51.wav,0,yes
17,605,english,sentence,SpeechBoxHINTList,2,53,the apple pie is good,4,no,quiet,E_HT2_53.wav,99,yes
17,605,english,sentence,SpeechBoxHINTList,2,55,the girl is washing her hair,5,no,quiet,E_HT2_55.wav,67,yes
17,605,english,sentence,SpeechBoxHINTList,2,58,they called an ambulance,3,no,quiet,E_HT2_58.wav,34,yes
17,605,english,sentence,SpeechBoxHINTList,2,60,he climbed up the ladder,4,no,quiet,E_HT2_60.wav,25,yes
18,830,english,sentence,SpeechBoxHINTList,1,1,a boy fell from the window,4,yes,SNR00dB,E_HT1_1_0db.wav,34,yes
18,830,english,sentence,SpeechBoxHINTList,1,2,the wife helped her husband,4,yes,SNR00dB,E_HT1_2_0db.wav,34,yes
18,830,english,sentence,SpeechBoxHINTList,1,3,big dogs can be dangerous,4,yes,SNR00dB,E_HT1_3_0db.wav,67,yes
18,830,english,sentence,SpeechBoxHINTList,1,4,the shoes were very dirty,4,yes,SNR00dB,E_HT1_4_0db.wav,67,yes
18,830,english,sentence,SpeechBoxHINTList,1,5,the player lost a shoe,3,yes,SNR00dB,E_HT1_5_0db.wav,34,yes
18,830,english,sentence,SpeechBoxHINTList,1,6,somebody stole the money,3,yes,SNR00dB,E_HT1_6_0db.wav,34,yes
18,830,english,sentence,SpeechBoxHINTList,1,7,the fire was very hot,4,yes,SNR00dB,E_HT1_7_0db.wav,99,yes
18,830,english,sentence,SpeechBoxHINTList,1,9,the picture came from a book,4,yes,SNR00dB,E_HT1_9_0db.wav,99,yes
18,830,english,sentence,SpeechBoxHINTList,1,10,the car is going too fast,5,yes,SNR00dB,E_HT1_10_0db.wav,75,yes
18,830,english,sentence,SpeechBoxHINTList,1,13,the family likes fish,3,yes,SNR00dB,E_HT1_13_0db.wav,34,yes
18,830,english,sentence,SpeechBoxHINTList,1,16,she argues with her sister,5,yes,SNR00dB,E_HT1_16_0db.wav,99,yes
18,830,english,sentence,SpeechBoxHINTList,1,17,the kitchen window was clean,4,yes,SNR00dB,E_HT1_17_0db.wav,34,yes
18,830,english,sentence,SpeechBoxHINTList,1,22,the table has three legs,4,yes,SNR00dB,E_HT1_22_0db.wav,99,yes
18,830,english,sentence,SpeechBoxHINTList,1,28,the dog is eating some meat,5,yes,SNR00dB,E_HT1_28_0db.wav,25,yes
18,830,english,sentence,SpeechBoxHINTList,1,29,father forgot the bread,3,yes,SNR00dB,E_HT1_29_0db.wav,0,yes
18,830,english,sentence,SpeechBoxHINTList,1,30,the road goes up a hill,4,yes,SNR05dB,E_HT1_30_5db.wav,50,yes
18,830,english,sentence,SpeechBoxHINTList,1,31,the painter uses a brush,3,yes,SNR05dB,E_HT1_31_5db.wav,67,yes
18,830,english,sentence,SpeechBoxHINTList,1,32,the family bought a house,3,yes,SNR05dB,E_HT1_32_5db.wav,67,yes
18,830,english,sentence,SpeechBoxHINTList,1,33,swimmers can hold their breath,5,yes,SNR05dB,E_HT1_33_5db.wav,34,yes
18,830,english,sentence,SpeechBoxHINTList,1,36,the food is expensive,3,yes,SNR05dB,E_HT1_36_5db.wav,99,yes
18,830,english,sentence,SpeechBoxHINTList,1,37,the children are walking home,4,yes,SNR05dB,E_HT1_37_5db.wav,99,yes
18,830,english,sentence,SpeechBoxHINTList,1,44,rain is good for trees,5,yes,SNR05dB,E_HT1_44_5db.wav,34,yes
18,830,english,sentence,SpeechBoxHINTList,1,47,the baby slept all night,4,yes,SNR05dB,E_HT1_47_5db.wav,25,yes
18,830,english,sentence,SpeechBoxHINTList,1,53,flowers can grow in the pot,5,yes,SNR05dB,E_HT1_53_5db.wav,67,yes
18,830,english,sentence,SpeechBoxHINTList,1,58,the match boxes are empty,4,yes,SNR05dB,E_HT1_58_5db.wav,67,yes
18,830,english,sentence,SpeechBoxHINTList,1,60,the dog came home at last,5,yes,SNR05dB,E_HT1_60_5db.wav,75,yes
18,830,english,sentence,SpeechBoxHINTList,2,2,they found his brother hiding,5,yes,SNR05dB,E_HT2_2_5db.wav,67,yes
18,830,english,sentence,SpeechBoxHINTList,2,4,the book tells a story,3,yes,SNR05dB,E_HT2_4_5db.wav,50,yes
18,830,english,sentence,SpeechBoxHINTList,2,6,the milk was by the front door,5,yes,SNR05dB,E_HT2_6_5db.wav,34,yes
18,830,english,sentence,SpeechBoxHINTList,2,8,the new road is on the map,5,yes,SNR05dB,E_HT2_8_5db.wav,99,yes
18,830,english,sentence,SpeechBoxHINTList,2,9,she lost her credit card,5,yes,SNR10dB,E_HT2_9_10db.wav,99,yes
18,830,english,sentence,SpeechBoxHINTList,2,10,the team is playing well,4,yes,SNR10dB,E_HT2_10_10db.wav,99,yes
18,830,english,sentence,SpeechBoxHINTList,2,13,the young people are dancing,4,yes,SNR10dB,E_HT2_13_10db.wav,99,yes
18,830,english,sentence,SpeechBoxHINTList,2,15,the shirts are in the closet,4,yes,SNR10dB,E_HT2_15_10db.wav,0,yes
18,830,english,sentence,SpeechBoxHINTList,2,18,the truck drove up the road,4,yes,SNR10dB,E_HT2_18_10db.wav,25,yes
18,830,english,sentence,SpeechBoxHINTList,2,20,a letter fell on the floor,4,yes,SNR10dB,E_HT2_20_10db.wav,34,yes
18,830,english,sentence,SpeechBoxHINTList,2,23,the football game is over,4,yes,SNR10dB,E_HT2_23_10db.wav,99,yes
18,830,english,sentence,SpeechBoxHINTList,2,26,the children helped their teacher,4,yes,SNR10dB,E_HT2_26_10db.wav,67,yes
18,830,english,sentence,SpeechBoxHINTList,2,27,they carried some shopping bags,5,yes,SNR10dB,E_HT2_27_10db.wav,50,yes
18,830,english,sentence,SpeechBoxHINTList,2,29,she uses her spoon to eat,6,yes,SNR10dB,E_HT2_29_10db.wav,75,yes
18,830,english,sentence,SpeechBoxHINTList,2,33,the dog is chasing the cat,4,yes,SNR10dB,E_HT2_33_10db.wav,99,yes
18,830,english,sentence,SpeechBoxHINTList,2,35,the bus leaves before the train,4,yes,SNR10dB,E_HT2_35_10db.wav,75,yes
18,830,english,sentence,SpeechBoxHINTList,2,37,the bag fell off the shelf,4,yes,SNR10dB,E_HT2_37_10db.wav,34,yes
18,830,english,sentence,SpeechBoxHINTList,2,38,they are coming for dinner,5,yes,SNR10dB,E_HT2_38_10db.wav,67,yes
18,830,english,sentence,SpeechBoxHINTList,2,44,sugar is very sweet,4,yes,SNR10dB,E_HT2_44_10db.wav,99,yes
18,830,english,sentence,SpeechBoxHINTList,2,51,the waiter brought the cream,3,no,quiet,E_HT2_51.wav,67,yes
18,830,english,sentence,SpeechBoxHINTList,2,53,the apple pie is good,4,no,quiet,E_HT2_53.wav,99,yes
18,830,english,sentence,SpeechBoxHINTList,2,55,the girl is washing her hair,5,no,quiet,E_HT2_55.wav,99,yes
18,830,english,sentence,SpeechBoxHINTList,2,58,they called an ambulance,3,no,quiet,E_HT2_58.wav,99,yes
18,830,english,sentence,SpeechBoxHINTList,2,60,he climbed up the ladder,4,no,quiet,E_HT2_60.wav,25,yes
19,450,english,sentence,SpeechBoxHINTList,1,1,a boy fell from the window,4,yes,SNR00dB,E_HT1_1_0db.wav,34,yes
19,450,english,sentence,SpeechBoxHINTList,1,2,the wife helped her husband,4,yes,SNR00dB,E_HT1_2_0db.wav,0,yes
19,450,english,sentence,SpeechBoxHINTList,1,3,big dogs can be dangerous,4,yes,SNR00dB,E_HT1_3_0db.wav,67,yes
19,450,english,sentence,SpeechBoxHINTList,1,4,the shoes were very dirty,4,yes,SNR00dB,E_HT1_4_0db.wav,34,yes
19,450,english,sentence,SpeechBoxHINTList,1,5,the player lost a shoe,3,yes,SNR00dB,E_HT1_5_0db.wav,0,yes
19,450,english,sentence,SpeechBoxHINTList,1,6,somebody stole the money,3,yes,SNR00dB,E_HT1_6_0db.wav,0,yes
19,450,english,sentence,SpeechBoxHINTList,1,7,the fire was very hot,4,yes,SNR00dB,E_HT1_7_0db.wav,34,yes
19,450,english,sentence,SpeechBoxHINTList,1,9,the picture came from a book,4,yes,SNR00dB,E_HT1_9_0db.wav,99,yes
19,450,english,sentence,SpeechBoxHINTList,1,10,the car is going too fast,5,yes,SNR00dB,E_HT1_10_0db.wav,50,yes
19,450,english,sentence,SpeechBoxHINTList,1,13,the family likes fish,3,yes,SNR00dB,E_HT1_13_0db.wav,99,yes
19,450,english,sentence,SpeechBoxHINTList,1,16,she argues with her sister,5,yes,SNR00dB,E_HT1_16_0db.wav,67,yes
19,450,english,sentence,SpeechBoxHINTList,1,17,the kitchen window was clean,4,yes,SNR00dB,E_HT1_17_0db.wav,0,yes
19,450,english,sentence,SpeechBoxHINTList,1,22,the table has three legs,4,yes,SNR00dB,E_HT1_22_0db.wav,50,yes
19,450,english,sentence,SpeechBoxHINTList,1,28,the dog is eating some meat,5,yes,SNR00dB,E_HT1_28_0db.wav,25,yes
19,450,english,sentence,SpeechBoxHINTList,1,29,father forgot the bread,3,yes,SNR00dB,E_HT1_29_0db.wav,34,yes
19,450,english,sentence,SpeechBoxHINTList,1,30,the road goes up a hill,4,yes,SNR05dB,E_HT1_30_5db.wav,25,yes
19,450,english,sentence,SpeechBoxHINTList,1,31,the painter uses a brush,3,yes,SNR05dB,E_HT1_31_5db.wav,99,yes
19,450,english,sentence,SpeechBoxHINTList,1,32,the family bought a house,3,yes,SNR05dB,E_HT1_32_5db.wav,99,yes
19,450,english,sentence,SpeechBoxHINTList,1,33,swimmers can hold their breath,5,yes,SNR05dB,E_HT1_33_5db.wav,0,yes
19,450,english,sentence,SpeechBoxHINTList,1,36,the food is expensive,3,yes,SNR05dB,E_HT1_36_5db.wav,99,yes
19,450,english,sentence,SpeechBoxHINTList,1,37,the children are walking home,4,yes,SNR05dB,E_HT1_37_5db.wav,34,yes
19,450,english,sentence,SpeechBoxHINTList,1,44,rain is good for trees,5,yes,SNR05dB,E_HT1_44_5db.wav,34,yes
19,450,english,sentence,SpeechBoxHINTList,1,47,the baby slept all night,4,yes,SNR05dB,E_HT1_47_5db.wav,25,yes
19,450,english,sentence,SpeechBoxHINTList,1,53,flowers can grow in the pot,5,yes,SNR05dB,E_HT1_53_5db.wav,67,yes
19,450,english,sentence,SpeechBoxHINTList,1,58,the match boxes are empty,4,yes,SNR05dB,E_HT1_58_5db.wav,67,yes
19,450,english,sentence,SpeechBoxHINTList,1,60,the dog came home at last,5,yes,SNR05dB,E_HT1_60_5db.wav,99,yes
19,450,english,sentence,SpeechBoxHINTList,2,2,they found his brother hiding,5,yes,SNR05dB,E_HT2_2_5db.wav,0,yes
19,450,english,sentence,SpeechBoxHINTList,2,4,the book tells a story,3,yes,SNR05dB,E_HT2_4_5db.wav,75,yes
19,450,english,sentence,SpeechBoxHINTList,2,6,the milk was by the front door,5,yes,SNR05dB,E_HT2_6_5db.wav,34,yes
19,450,english,sentence,SpeechBoxHINTList,2,8,the new road is on the map,5,yes,SNR05dB,E_HT2_8_5db.wav,67,yes
19,450,english,sentence,SpeechBoxHINTList,2,9,she lost her credit card,5,yes,SNR10dB,E_HT2_9_10db.wav,25,yes
19,450,english,sentence,SpeechBoxHINTList,2,10,the team is playing well,4,yes,SNR10dB,E_HT2_10_10db.wav,99,yes
19,450,english,sentence,SpeechBoxHINTList,2,13,the young people are dancing,4,yes,SNR10dB,E_HT2_13_10db.wav,67,yes
19,450,english,sentence,SpeechBoxHINTList,2,15,the shirts are in the closet,4,yes,SNR10dB,E_HT2_15_10db.wav,99,yes
19,450,english,sentence,SpeechBoxHINTList,2,18,the truck drove up the road,4,yes,SNR10dB,E_HT2_18_10db.wav,0,yes
19,450,english,sentence,SpeechBoxHINTList,2,20,a letter fell on the floor,4,yes,SNR10dB,E_HT2_20_10db.wav,0,yes
19,450,english,sentence,SpeechBoxHINTList,2,23,the football game is over,4,yes,SNR10dB,E_HT2_23_10db.wav,67,yes
19,450,english,sentence,SpeechBoxHINTList,2,26,the children helped their teacher,4,yes,SNR10dB,E_HT2_26_10db.wav,67,yes
19,450,english,sentence,SpeechBoxHINTList,2,27,they carried some shopping bags,5,yes,SNR10dB,E_HT2_27_10db.wav,50,yes
19,450,english,sentence,SpeechBoxHINTList,2,29,she uses her spoon to eat,6,yes,SNR10dB,E_HT2_29_10db.wav,50,yes
19,450,english,sentence,SpeechBoxHINTList,2,33,the dog is chasing the cat,4,yes,SNR10dB,E_HT2_33_10db.wav,99,yes
19,450,english,sentence,SpeechBoxHINTList,2,35,the bus leaves before the train,4,yes,SNR10dB,E_HT2_35_10db.wav,25,yes
19,450,english,sentence,SpeechBoxHINTList,2,37,the bag fell off the shelf,4,yes,SNR10dB,E_HT2_37_10db.wav,34,yes
19,450,english,sentence,SpeechBoxHINTList,2,38,they are coming for dinner,5,yes,SNR10dB,E_HT2_38_10db.wav,67,yes
19,450,english,sentence,SpeechBoxHINTList,2,44,sugar is very sweet,4,yes,SNR10dB,E_HT2_44_10db.wav,67,yes
19,450,english,sentence,SpeechBoxHINTList,2,51,the waiter brought the cream,3,no,quiet,E_HT2_51.wav,0,yes
19,450,english,sentence,SpeechBoxHINTList,2,53,the apple pie is good,4,no,quiet,E_HT2_53.wav,99,yes
19,450,english,sentence,SpeechBoxHINTList,2,55,the girl is washing her hair,5,no,quiet,E_HT2_55.wav,67,yes
19,450,english,sentence,SpeechBoxHINTList,2,58,they called an ambulance,3,no,quiet,E_HT2_58.wav,0,yes
19,450,english,sentence,SpeechBoxHINTList,2,60,he climbed up the ladder,4,no,quiet,E_HT2_60.wav,25,yes
20,250,english,sentence,SpeechBoxHINTList,1,1,a boy fell from the window,4,yes,SNR00dB,E_HT1_1_0db.wav,67,yes
20,250,english,sentence,SpeechBoxHINTList,1,2,the wife helped her husband,4,yes,SNR00dB,E_HT1_2_0db.wav,0,yes
20,250,english,sentence,SpeechBoxHINTList,1,3,big dogs can be dangerous,4,yes,SNR00dB,E_HT1_3_0db.wav,34,yes
20,250,english,sentence,SpeechBoxHINTList,1,4,the shoes were very dirty,4,yes,SNR00dB,E_HT1_4_0db.wav,34,yes
20,250,english,sentence,SpeechBoxHINTList,1,5,the player lost a shoe,3,yes,SNR00dB,E_HT1_5_0db.wav,0,yes
20,250,english,sentence,SpeechBoxHINTList,1,6,somebody stole the money,3,yes,SNR00dB,E_HT1_6_0db.wav,34,yes
20,250,english,sentence,SpeechBoxHINTList,1,7,the fire was very hot,4,yes,SNR00dB,E_HT1_7_0db.wav,99,yes
20,250,english,sentence,SpeechBoxHINTList,1,9,the picture came from a book,4,yes,SNR00dB,E_HT1_9_0db.wav,67,yes
20,250,english,sentence,SpeechBoxHINTList,1,10,the car is going too fast,5,yes,SNR00dB,E_HT1_10_0db.wav,50,yes
20,250,english,sentence,SpeechBoxHINTList,1,13,the family likes fish,3,yes,SNR00dB,E_HT1_13_0db.wav,34,yes
20,250,english,sentence,SpeechBoxHINTList,1,16,she argues with her sister,5,yes,SNR00dB,E_HT1_16_0db.wav,67,yes
20,250,english,sentence,SpeechBoxHINTList,1,17,the kitchen window was clean,4,yes,SNR00dB,E_HT1_17_0db.wav,67,yes
20,250,english,sentence,SpeechBoxHINTList,1,22,the table has three legs,4,yes,SNR00dB,E_HT1_22_0db.wav,25,yes
20,250,english,sentence,SpeechBoxHINTList,1,28,the dog is eating some meat,5,yes,SNR00dB,E_HT1_28_0db.wav,25,yes
20,250,english,sentence,SpeechBoxHINTList,1,29,father forgot the bread,3,yes,SNR00dB,E_HT1_29_0db.wav,67,yes
20,250,english,sentence,SpeechBoxHINTList,1,30,the road goes up a hill,4,yes,SNR05dB,E_HT1_30_5db.wav,0,yes
20,250,english,sentence,SpeechBoxHINTList,1,31,the painter uses a brush,3,yes,SNR05dB,E_HT1_31_5db.wav,67,yes
20,250,english,sentence,SpeechBoxHINTList,1,32,the family bought a house,3,yes,SNR05dB,E_HT1_32_5db.wav,34,yes
20,250,english,sentence,SpeechBoxHINTList,1,33,swimmers can hold their breath,5,yes,SNR05dB,E_HT1_33_5db.wav,0,yes
20,250,english,sentence,SpeechBoxHINTList,1,36,the food is expensive,3,yes,SNR05dB,E_HT1_36_5db.wav,99,yes
20,250,english,sentence,SpeechBoxHINTList,1,37,the children are walking home,4,yes,SNR05dB,E_HT1_37_5db.wav,34,yes
20,250,english,sentence,SpeechBoxHINTList,1,44,rain is good for trees,5,yes,SNR05dB,E_HT1_44_5db.wav,67,yes
20,250,english,sentence,SpeechBoxHINTList,1,47,the baby slept all night,4,yes,SNR05dB,E_HT1_47_5db.wav,25,yes
20,250,english,sentence,SpeechBoxHINTList,1,53,flowers can grow in the pot,5,yes,SNR05dB,E_HT1_53_5db.wav,0,yes
20,250,english,sentence,SpeechBoxHINTList,1,58,the match boxes are empty,4,yes,SNR05dB,E_HT1_58_5db.wav,34,yes
20,250,english,sentence,SpeechBoxHINTList,1,60,the dog came home at last,5,yes,SNR05dB,E_HT1_60_5db.wav,25,yes
20,250,english,sentence,SpeechBoxHINTList,2,2,they found his brother hiding,5,yes,SNR05dB,E_HT2_2_5db.wav,34,yes
20,250,english,sentence,SpeechBoxHINTList,2,4,the book tells a story,3,yes,SNR05dB,E_HT2_4_5db.wav,50,yes
20,250,english,sentence,SpeechBoxHINTList,2,6,the milk was by the front door,5,yes,SNR05dB,E_HT2_6_5db.wav,34,yes
20,250,english,sentence,SpeechBoxHINTList,2,8,the new road is on the map,5,yes,SNR05dB,E_HT2_8_5db.wav,34,yes
20,250,english,sentence,SpeechBoxHINTList,2,9,she lost her credit card,5,yes,SNR10dB,E_HT2_9_10db.wav,25,yes
20,250,english,sentence,SpeechBoxHINTList,2,10,the team is playing well,4,yes,SNR10dB,E_HT2_10_10db.wav,34,yes
20,250,english,sentence,SpeechBoxHINTList,2,13,the young people are dancing,4,yes,SNR10dB,E_HT2_13_10db.wav,99,yes
20,250,english,sentence,SpeechBoxHINTList,2,15,the shirts are in the closet,4,yes,SNR10dB,E_HT2_15_10db.wav,0,yes
20,250,english,sentence,SpeechBoxHINTList,2,18,the truck drove up the road,4,yes,SNR10dB,E_HT2_18_10db.wav,0,yes
20,250,english,sentence,SpeechBoxHINTList,2,20,a letter fell on the floor,4,yes,SNR10dB,E_HT2_20_10db.wav,34,yes
20,250,english,sentence,SpeechBoxHINTList,2,23,the football game is over,4,yes,SNR10dB,E_HT2_23_10db.wav,0,yes
20,250,english,sentence,SpeechBoxHINTList,2,26,the children helped their teacher,4,yes,SNR10dB,E_HT2_26_10db.wav,67,yes
20,250,english,sentence,SpeechBoxHINTList,2,27,they carried some shopping bags,5,yes,SNR10dB,E_HT2_27_10db.wav,25,yes
20,250,english,sentence,SpeechBoxHINTList,2,29,she uses her spoon to eat,6,yes,SNR10dB,E_HT2_29_10db.wav,25,yes
20,250,english,sentence,SpeechBoxHINTList,2,33,the dog is chasing the cat,4,yes,SNR10dB,E_HT2_33_10db.wav,34,yes
20,250,english,sentence,SpeechBoxHINTList,2,35,the bus leaves before the train,4,yes,SNR10dB,E_HT2_35_10db.wav,75,yes
20,250,english,sentence,SpeechBoxHINTList,2,37,the bag fell off the shelf,4,yes,SNR10dB,E_HT2_37_10db.wav,0,yes
20,250,english,sentence,SpeechBoxHINTList,2,38,they are coming for dinner,5,yes,SNR10dB,E_HT2_38_10db.wav,67,yes
20,250,english,sentence,SpeechBoxHINTList,2,44,sugar is very sweet,4,yes,SNR10dB,E_HT2_44_10db.wav,99,yes
20,250,english,sentence,SpeechBoxHINTList,2,51,the waiter brought the cream,3,no,quiet,E_HT2_51.wav,0,yes
20,250,english,sentence,SpeechBoxHINTList,2,53,the apple pie is good,4,no,quiet,E_HT2_53.wav,67,yes
20,250,english,sentence,SpeechBoxHINTList,2,55,the girl is washing her hair,5,no,quiet,E_HT2_55.wav,99,yes
20,250,english,sentence,SpeechBoxHINTList,2,58,they called an ambulance,3,no,quiet,E_HT2_58.wav,0,yes
20,250,english,sentence,SpeechBoxHINTList,2,60,he climbed up the ladder,4,no,quiet,E_HT2_60.wav,25,yes
21,400,english,sentence,SpeechBoxHINTList,1,1,a boy fell from the window,4,yes,SNR00dB,E_HT1_1_0db.wav,34,yes
21,400,english,sentence,SpeechBoxHINTList,1,2,the wife helped her husband,4,yes,SNR00dB,E_HT1_2_0db.wav,0,yes
21,400,english,sentence,SpeechBoxHINTList,1,3,big dogs can be dangerous,4,yes,SNR00dB,E_HT1_3_0db.wav,34,yes
21,400,english,sentence,SpeechBoxHINTList,1,4,the shoes were very dirty,4,yes,SNR00dB,E_HT1_4_0db.wav,67,yes
21,400,english,sentence,SpeechBoxHINTList,1,5,the player lost a shoe,3,yes,SNR00dB,E_HT1_5_0db.wav,34,yes
21,400,english,sentence,SpeechBoxHINTList,1,6,somebody stole the money,3,yes,SNR00dB,E_HT1_6_0db.wav,0,yes
21,400,english,sentence,SpeechBoxHINTList,1,7,the fire was very hot,4,yes,SNR00dB,E_HT1_7_0db.wav,34,yes
21,400,english,sentence,SpeechBoxHINTList,1,9,the picture came from a book,4,yes,SNR00dB,E_HT1_9_0db.wav,0,yes
21,400,english,sentence,SpeechBoxHINTList,1,10,the car is going too fast,5,yes,SNR00dB,E_HT1_10_0db.wav,50,yes
21,400,english,sentence,SpeechBoxHINTList,1,13,the family likes fish,3,yes,SNR00dB,E_HT1_13_0db.wav,34,yes
21,400,english,sentence,SpeechBoxHINTList,1,16,she argues with her sister,5,yes,SNR00dB,E_HT1_16_0db.wav,67,yes
21,400,english,sentence,SpeechBoxHINTList,1,17,the kitchen window was clean,4,yes,SNR00dB,E_HT1_17_0db.wav,34,yes
21,400,english,sentence,SpeechBoxHINTList,1,22,the table has three legs,4,yes,SNR00dB,E_HT1_22_0db.wav,25,yes
21,400,english,sentence,SpeechBoxHINTList,1,28,the dog is eating some meat,5,yes,SNR00dB,E_HT1_28_0db.wav,75,yes
21,400,english,sentence,SpeechBoxHINTList,1,29,father forgot the bread,3,yes,SNR00dB,E_HT1_29_0db.wav,0,yes
21,400,english,sentence,SpeechBoxHINTList,1,30,the road goes up a hill,4,yes,SNR05dB,E_HT1_30_5db.wav,25,yes
21,400,english,sentence,SpeechBoxHINTList,1,31,the painter uses a brush,3,yes,SNR05dB,E_HT1_31_5db.wav,67,yes
21,400,english,sentence,SpeechBoxHINTList,1,32,the family bought a house,3,yes,SNR05dB,E_HT1_32_5db.wav,34,yes
21,400,english,sentence,SpeechBoxHINTList,1,33,swimmers can hold their breath,5,yes,SNR05dB,E_HT1_33_5db.wav,0,yes
21,400,english,sentence,SpeechBoxHINTList,1,36,the food is expensive,3,yes,SNR05dB,E_HT1_36_5db.wav,50,yes
21,400,english,sentence,SpeechBoxHINTList,1,37,the children are walking home,4,yes,SNR05dB,E_HT1_37_5db.wav,34,yes
21,400,english,sentence,SpeechBoxHINTList,1,44,rain is good for trees,5,yes,SNR05dB,E_HT1_44_5db.wav,67,yes
21,400,english,sentence,SpeechBoxHINTList,1,47,the baby slept all night,4,yes,SNR05dB,E_HT1_47_5db.wav,25,yes
21,400,english,sentence,SpeechBoxHINTList,1,53,flowers can grow in the pot,5,yes,SNR05dB,E_HT1_53_5db.wav,0,yes
21,400,english,sentence,SpeechBoxHINTList,1,58,the match boxes are empty,4,yes,SNR05dB,E_HT1_58_5db.wav,0,yes
21,400,english,sentence,SpeechBoxHINTList,1,60,the dog came home at last,5,yes,SNR05dB,E_HT1_60_5db.wav,25,yes
21,400,english,sentence,SpeechBoxHINTList,2,2,they found his brother hiding,5,yes,SNR05dB,E_HT2_2_5db.wav,34,yes
21,400,english,sentence,SpeechBoxHINTList,2,4,the book tells a story,3,yes,SNR05dB,E_HT2_4_5db.wav,50,yes
21,400,english,sentence,SpeechBoxHINTList,2,6,the milk was by the front door,5,yes,SNR05dB,E_HT2_6_5db.wav,0,yes
21,400,english,sentence,SpeechBoxHINTList,2,8,the new road is on the map,5,yes,SNR05dB,E_HT2_8_5db.wav,34,yes
21,400,english,sentence,SpeechBoxHINTList,2,9,she lost her credit card,5,yes,SNR10dB,E_HT2_9_10db.wav,25,yes
21,400,english,sentence,SpeechBoxHINTList,2,10,the team is playing well,4,yes,SNR10dB,E_HT2_10_10db.wav,67,yes
21,400,english,sentence,SpeechBoxHINTList,2,13,the young people are dancing,4,yes,SNR10dB,E_HT2_13_10db.wav,67,yes
21,400,english,sentence,SpeechBoxHINTList,2,15,the shirts are in the closet,4,yes,SNR10dB,E_HT2_15_10db.wav,0,yes
21,400,english,sentence,SpeechBoxHINTList,2,18,the truck drove up the road,4,yes,SNR10dB,E_HT2_18_10db.wav,50,yes
21,400,english,sentence,SpeechBoxHINTList,2,20,a letter fell on the floor,4,yes,SNR10dB,E_HT2_20_10db.wav,0,yes
21,400,english,sentence,SpeechBoxHINTList,2,23,the football game is over,4,yes,SNR10dB,E_HT2_23_10db.wav,0,yes
21,400,english,sentence,SpeechBoxHINTList,2,26,the children helped their teacher,4,yes,SNR10dB,E_HT2_26_10db.wav,67,yes
21,400,english,sentence,SpeechBoxHINTList,2,27,they carried some shopping bags,5,yes,SNR10dB,E_HT2_27_10db.wav,50,yes
21,400,english,sentence,SpeechBoxHINTList,2,29,she uses her spoon to eat,6,yes,SNR10dB,E_HT2_29_10db.wav,75,yes
21,400,english,sentence,SpeechBoxHINTList,2,33,the dog is chasing the cat,4,yes,SNR10dB,E_HT2_33_10db.wav,67,yes
21,400,english,sentence,SpeechBoxHINTList,2,35,the bus leaves before the train,4,yes,SNR10dB,E_HT2_35_10db.wav,75,yes
21,400,english,sentence,SpeechBoxHINTList,2,37,the bag fell off the shelf,4,yes,SNR10dB,E_HT2_37_10db.wav,0,yes
21,400,english,sentence,SpeechBoxHINTList,2,38,they are coming for dinner,5,yes,SNR10dB,E_HT2_38_10db.wav,0,yes
21,400,english,sentence,SpeechBoxHINTList,2,44,sugar is very sweet,4,yes,SNR10dB,E_HT2_44_10db.wav,67,yes
21,400,english,sentence,SpeechBoxHINTList,2,51,the waiter brought the cream,3,no,quiet,E_HT2_51.wav,0,yes
21,400,english,sentence,SpeechBoxHINTList,2,53,the apple pie is good,4,no,quiet,E_HT2_53.wav,67,yes
21,400,english,sentence,SpeechBoxHINTList,2,55,the girl is washing her hair,5,no,quiet,E_HT2_55.wav,67,yes
21,400,english,sentence,SpeechBoxHINTList,2,58,they called an ambulance,3,no,quiet,E_HT2_58.wav,0,yes
21,400,english,sentence,SpeechBoxHINTList,2,60,he climbed up the ladder,4,no,quiet,E_HT2_60.wav,25,yes
22,685,english,sentence,SpeechBoxHINTList,1,1,a boy fell from the window,4,yes,SNR00dB,E_HT1_1_0db.wav,34,yes
22,685,english,sentence,SpeechBoxHINTList,1,2,the wife helped her husband,4,yes,SNR00dB,E_HT1_2_0db.wav,34,yes
22,685,english,sentence,SpeechBoxHINTList,1,3,big dogs can be dangerous,4,yes,SNR00dB,E_HT1_3_0db.wav,67,yes
22,685,english,sentence,SpeechBoxHINTList,1,4,the shoes were very dirty,4,yes,SNR00dB,E_HT1_4_0db.wav,34,yes
22,685,english,sentence,SpeechBoxHINTList,1,5,the player lost a shoe,3,yes,SNR00dB,E_HT1_5_0db.wav,67,yes
22,685,english,sentence,SpeechBoxHINTList,1,6,somebody stole the money,3,yes,SNR00dB,E_HT1_6_0db.wav,34,yes
22,685,english,sentence,SpeechBoxHINTList,1,7,the fire was very hot,4,yes,SNR00dB,E_HT1_7_0db.wav,67,yes
22,685,english,sentence,SpeechBoxHINTList,1,9,the picture came from a book,4,yes,SNR00dB,E_HT1_9_0db.wav,99,yes
22,685,english,sentence,SpeechBoxHINTList,1,10,the car is going too fast,5,yes,SNR00dB,E_HT1_10_0db.wav,50,yes
22,685,english,sentence,SpeechBoxHINTList,1,13,the family likes fish,3,yes,SNR00dB,E_HT1_13_0db.wav,99,yes
22,685,english,sentence,SpeechBoxHINTList,1,16,she argues with her sister,5,yes,SNR00dB,E_HT1_16_0db.wav,99,yes
22,685,english,sentence,SpeechBoxHINTList,1,17,the kitchen window was clean,4,yes,SNR00dB,E_HT1_17_0db.wav,34,yes
22,685,english,sentence,SpeechBoxHINTList,1,22,the table has three legs,4,yes,SNR00dB,E_HT1_22_0db.wav,75,yes
22,685,english,sentence,SpeechBoxHINTList,1,28,the dog is eating some meat,5,yes,SNR00dB,E_HT1_28_0db.wav,50,yes
22,685,english,sentence,SpeechBoxHINTList,1,29,father forgot the bread,3,yes,SNR00dB,E_HT1_29_0db.wav,0,yes
22,685,english,sentence,SpeechBoxHINTList,1,30,the road goes up a hill,4,yes,SNR05dB,E_HT1_30_5db.wav,25,yes
22,685,english,sentence,SpeechBoxHINTList,1,31,the painter uses a brush,3,yes,SNR05dB,E_HT1_31_5db.wav,99,yes
22,685,english,sentence,SpeechBoxHINTList,1,32,the family bought a house,3,yes,SNR05dB,E_HT1_32_5db.wav,34,yes
22,685,english,sentence,SpeechBoxHINTList,1,33,swimmers can hold their breath,5,yes,SNR05dB,E_HT1_33_5db.wav,0,yes
22,685,english,sentence,SpeechBoxHINTList,1,36,the food is expensive,3,yes,SNR05dB,E_HT1_36_5db.wav,99,yes
22,685,english,sentence,SpeechBoxHINTList,1,37,the children are walking home,4,yes,SNR05dB,E_HT1_37_5db.wav,67,yes
22,685,english,sentence,SpeechBoxHINTList,1,44,rain is good for trees,5,yes,SNR05dB,E_HT1_44_5db.wav,99,yes
22,685,english,sentence,SpeechBoxHINTList,1,47,the baby slept all night,4,yes,SNR05dB,E_HT1_47_5db.wav,99,yes
22,685,english,sentence,SpeechBoxHINTList,1,53,flowers can grow in the pot,5,yes,SNR05dB,E_HT1_53_5db.wav,34,yes
22,685,english,sentence,SpeechBoxHINTList,1,58,the match boxes are empty,4,yes,SNR05dB,E_HT1_58_5db.wav,67,yes
22,685,english,sentence,SpeechBoxHINTList,1,60,the dog came home at last,5,yes,SNR05dB,E_HT1_60_5db.wav,0,yes
22,685,english,sentence,SpeechBoxHINTList,2,2,they found his brother hiding,5,yes,SNR05dB,E_HT2_2_5db.wav,34,yes
22,685,english,sentence,SpeechBoxHINTList,2,4,the book tells a story,3,yes,SNR05dB,E_HT2_4_5db.wav,50,yes
22,685,english,sentence,SpeechBoxHINTList,2,6,the milk was by the front door,5,yes,SNR05dB,E_HT2_6_5db.wav,67,yes
22,685,english,sentence,SpeechBoxHINTList,2,8,the new road is on the map,5,yes,SNR05dB,E_HT2_8_5db.wav,99,yes
22,685,english,sentence,SpeechBoxHINTList,2,9,she lost her credit card,5,yes,SNR10dB,E_HT2_9_10db.wav,75,yes
22,685,english,sentence,SpeechBoxHINTList,2,10,the team is playing well,4,yes,SNR10dB,E_HT2_10_10db.wav,99,yes
22,685,english,sentence,SpeechBoxHINTList,2,13,the young people are dancing,4,yes,SNR10dB,E_HT2_13_10db.wav,34,yes
22,685,english,sentence,SpeechBoxHINTList,2,15,the shirts are in the closet,4,yes,SNR10dB,E_HT2_15_10db.wav,50,yes
22,685,english,sentence,SpeechBoxHINTList,2,18,the truck drove up the road,4,yes,SNR10dB,E_HT2_18_10db.wav,25,yes
22,685,english,sentence,SpeechBoxHINTList,2,20,a letter fell on the floor,4,yes,SNR10dB,E_HT2_20_10db.wav,34,yes
22,685,english,sentence,SpeechBoxHINTList,2,23,the football game is over,4,yes,SNR10dB,E_HT2_23_10db.wav,99,yes
22,685,english,sentence,SpeechBoxHINTList,2,26,the children helped their teacher,4,yes,SNR10dB,E_HT2_26_10db.wav,99,yes
22,685,english,sentence,SpeechBoxHINTList,2,27,they carried some shopping bags,5,yes,SNR10dB,E_HT2_27_10db.wav,50,yes
22,685,english,sentence,SpeechBoxHINTList,2,29,she uses her spoon to eat,6,yes,SNR10dB,E_HT2_29_10db.wav,75,yes
22,685,english,sentence,SpeechBoxHINTList,2,33,the dog is chasing the cat,4,yes,SNR10dB,E_HT2_33_10db.wav,67,yes
22,685,english,sentence,SpeechBoxHINTList,2,35,the bus leaves before the train,4,yes,SNR10dB,E_HT2_35_10db.wav,75,yes
22,685,english,sentence,SpeechBoxHINTList,2,37,the bag fell off the shelf,4,yes,SNR10dB,E_HT2_37_10db.wav,0,yes
22,685,english,sentence,SpeechBoxHINTList,2,38,they are coming for dinner,5,yes,SNR10dB,E_HT2_38_10db.wav,67,yes
22,685,english,sentence,SpeechBoxHINTList,2,44,sugar is very sweet,4,yes,SNR10dB,E_HT2_44_10db.wav,99,yes
22,685,english,sentence,SpeechBoxHINTList,2,51,the waiter brought the cream,3,no,quiet,E_HT2_51.wav,34,yes
22,685,english,sentence,SpeechBoxHINTList,2,53,the apple pie is good,4,no,quiet,E_HT2_53.wav,99,yes
22,685,english,sentence,SpeechBoxHINTList,2,55,the girl is washing her hair,5,no,quiet,E_HT2_55.wav,99,yes
22,685,english,sentence,SpeechBoxHINTList,2,58,they called an ambulance,3,no,quiet,E_HT2_58.wav,0,yes
22,685,english,sentence,SpeechBoxHINTList,2,60,he climbed up the ladder,4,no,quiet,E_HT2_60.wav,25,yes
23,650,english,sentence,SpeechBoxHINTList,1,1,a boy fell from the window,4,yes,SNR00dB,E_HT1_1_0db.wav,67,yes
23,650,english,sentence,SpeechBoxHINTList,1,2,the wife helped her husband,4,yes,SNR00dB,E_HT1_2_0db.wav,0,yes
23,650,english,sentence,SpeechBoxHINTList,1,3,big dogs can be dangerous,4,yes,SNR00dB,E_HT1_3_0db.wav,34,yes
23,650,english,sentence,SpeechBoxHINTList,1,4,the shoes were very dirty,4,yes,SNR00dB,E_HT1_4_0db.wav,67,yes
23,650,english,sentence,SpeechBoxHINTList,1,5,the player lost a shoe,3,yes,SNR00dB,E_HT1_5_0db.wav,34,yes
23,650,english,sentence,SpeechBoxHINTList,1,6,somebody stole the money,3,yes,SNR00dB,E_HT1_6_0db.wav,34,yes
23,650,english,sentence,SpeechBoxHINTList,1,7,the fire was very hot,4,yes,SNR00dB,E_HT1_7_0db.wav,0,yes
23,650,english,sentence,SpeechBoxHINTList,1,9,the picture came from a book,4,yes,SNR00dB,E_HT1_9_0db.wav,99,yes
23,650,english,sentence,SpeechBoxHINTList,1,10,the car is going too fast,5,yes,SNR00dB,E_HT1_10_0db.wav,99,yes
23,650,english,sentence,SpeechBoxHINTList,1,13,the family likes fish,3,yes,SNR00dB,E_HT1_13_0db.wav,99,yes
23,650,english,sentence,SpeechBoxHINTList,1,16,she argues with her sister,5,yes,SNR00dB,E_HT1_16_0db.wav,99,yes
23,650,english,sentence,SpeechBoxHINTList,1,17,the kitchen window was clean,4,yes,SNR00dB,E_HT1_17_0db.wav,0,yes
23,650,english,sentence,SpeechBoxHINTList,1,22,the table has three legs,4,yes,SNR00dB,E_HT1_22_0db.wav,99,yes
23,650,english,sentence,SpeechBoxHINTList,1,28,the dog is eating some meat,5,yes,SNR00dB,E_HT1_28_0db.wav,25,yes
23,650,english,sentence,SpeechBoxHINTList,1,29,father forgot the bread,3,yes,SNR00dB,E_HT1_29_0db.wav,34,yes
23,650,english,sentence,SpeechBoxHINTList,1,30,the road goes up a hill,4,yes,SNR05dB,E_HT1_30_5db.wav,50,yes
23,650,english,sentence,SpeechBoxHINTList,1,31,the painter uses a brush,3,yes,SNR05dB,E_HT1_31_5db.wav,99,yes
23,650,english,sentence,SpeechBoxHINTList,1,32,the family bought a house,3,yes,SNR05dB,E_HT1_32_5db.wav,99,yes
23,650,english,sentence,SpeechBoxHINTList,1,33,swimmers can hold their breath,5,yes,SNR05dB,E_HT1_33_5db.wav,0,yes
23,650,english,sentence,SpeechBoxHINTList,1,36,the food is expensive,3,yes,SNR05dB,E_HT1_36_5db.wav,99,yes
23,650,english,sentence,SpeechBoxHINTList,1,37,the children are walking home,4,yes,SNR05dB,E_HT1_37_5db.wav,67,yes
23,650,english,sentence,SpeechBoxHINTList,1,44,rain is good for trees,5,yes,SNR05dB,E_HT1_44_5db.wav,67,yes
23,650,english,sentence,SpeechBoxHINTList,1,47,the baby slept all night,4,yes,SNR05dB,E_HT1_47_5db.wav,25,yes
23,650,english,sentence,SpeechBoxHINTList,1,53,flowers can grow in the pot,5,yes,SNR05dB,E_HT1_53_5db.wav,0,yes
23,650,english,sentence,SpeechBoxHINTList,1,58,the match boxes are empty,4,yes,SNR05dB,E_HT1_58_5db.wav,99,yes
23,650,english,sentence,SpeechBoxHINTList,1,60,the dog came home at last,5,yes,SNR05dB,E_HT1_60_5db.wav,50,yes
23,650,english,sentence,SpeechBoxHINTList,2,2,they found his brother hiding,5,yes,SNR05dB,E_HT2_2_5db.wav,34,yes
23,650,english,sentence,SpeechBoxHINTList,2,4,the book tells a story,3,yes,SNR05dB,E_HT2_4_5db.wav,75,yes
23,650,english,sentence,SpeechBoxHINTList,2,6,the milk was by the front door,5,yes,SNR05dB,E_HT2_6_5db.wav,34,yes
23,650,english,sentence,SpeechBoxHINTList,2,8,the new road is on the map,5,yes,SNR05dB,E_HT2_8_5db.wav,67,yes
23,650,english,sentence,SpeechBoxHINTList,2,9,she lost her credit card,5,yes,SNR10dB,E_HT2_9_10db.wav,75,yes
23,650,english,sentence,SpeechBoxHINTList,2,10,the team is playing well,4,yes,SNR10dB,E_HT2_10_10db.wav,67,yes
23,650,english,sentence,SpeechBoxHINTList,2,13,the young people are dancing,4,yes,SNR10dB,E_HT2_13_10db.wav,99,yes
23,650,english,sentence,SpeechBoxHINTList,2,15,the shirts are in the closet,4,yes,SNR10dB,E_HT2_15_10db.wav,0,yes
23,650,english,sentence,SpeechBoxHINTList,2,18,the truck drove up the road,4,yes,SNR10dB,E_HT2_18_10db.wav,25,yes
23,650,english,sentence,SpeechBoxHINTList,2,20,a letter fell on the floor,4,yes,SNR10dB,E_HT2_20_10db.wav,34,yes
23,650,english,sentence,SpeechBoxHINTList,2,23,the football game is over,4,yes,SNR10dB,E_HT2_23_10db.wav,99,yes
23,650,english,sentence,SpeechBoxHINTList,2,26,the children helped their teacher,4,yes,SNR10dB,E_HT2_26_10db.wav,34,yes
23,650,english,sentence,SpeechBoxHINTList,2,27,they carried some shopping bags,5,yes,SNR10dB,E_HT2_27_10db.wav,75,yes
23,650,english,sentence,SpeechBoxHINTList,2,29,she uses her spoon to eat,6,yes,SNR10dB,E_HT2_29_10db.wav,75,yes
23,650,english,sentence,SpeechBoxHINTList,2,33,the dog is chasing the cat,4,yes,SNR10dB,E_HT2_33_10db.wav,99,yes
23,650,english,sentence,SpeechBoxHINTList,2,35,the bus leaves before the train,4,yes,SNR10dB,E_HT2_35_10db.wav,75,yes
23,650,english,sentence,SpeechBoxHINTList,2,37,the bag fell off the shelf,4,yes,SNR10dB,E_HT2_37_10db.wav,34,yes
23,650,english,sentence,SpeechBoxHINTList,2,38,they are coming for dinner,5,yes,SNR10dB,E_HT2_38_10db.wav,99,yes
23,650,english,sentence,SpeechBoxHINTList,2,44,sugar is very sweet,4,yes,SNR10dB,E_HT2_44_10db.wav,67,yes
23,650,english,sentence,SpeechBoxHINTList,2,51,the waiter brought the cream,3,no,quiet,E_HT2_51.wav,0,yes
23,650,english,sentence,SpeechBoxHINTList,2,53,the apple pie is good,4,no,quiet,E_HT2_53.wav,99,yes
23,650,english,sentence,SpeechBoxHINTList,2,55,the girl is washing her hair,5,no,quiet,E_HT2_55.wav,99,yes
23,650,english,sentence,SpeechBoxHINTList,2,58,they called an ambulance,3,no,quiet,E_HT2_58.wav,34,yes
23,650,english,sentence,SpeechBoxHINTList,2,60,he climbed up the ladder,4,no,quiet,E_HT2_60.wav,25,yes
24,715,english,sentence,SpeechBoxHINTList,1,1,a boy fell from the window,4,yes,SNR00dB,E_HT1_1_0db.wav,34,yes
24,715,english,sentence,SpeechBoxHINTList,1,2,the wife helped her husband,4,yes,SNR00dB,E_HT1_2_0db.wav,0,yes
24,715,english,sentence,SpeechBoxHINTList,1,3,big dogs can be dangerous,4,yes,SNR00dB,E_HT1_3_0db.wav,67,yes
24,715,english,sentence,SpeechBoxHINTList,1,4,the shoes were very dirty,4,yes,SNR00dB,E_HT1_4_0db.wav,34,yes
24,715,english,sentence,SpeechBoxHINTList,1,5,the player lost a shoe,3,yes,SNR00dB,E_HT1_5_0db.wav,67,yes
24,715,english,sentence,SpeechBoxHINTList,1,6,somebody stole the money,3,yes,SNR00dB,E_HT1_6_0db.wav,34,yes
24,715,english,sentence,SpeechBoxHINTList,1,7,the fire was very hot,4,yes,SNR00dB,E_HT1_7_0db.wav,34,yes
24,715,english,sentence,SpeechBoxHINTList,1,9,the picture came from a book,4,yes,SNR00dB,E_HT1_9_0db.wav,99,yes
24,715,english,sentence,SpeechBoxHINTList,1,10,the car is going too fast,5,yes,SNR00dB,E_HT1_10_0db.wav,75,yes
24,715,english,sentence,SpeechBoxHINTList,1,13,the family likes fish,3,yes,SNR00dB,E_HT1_13_0db.wav,99,yes
24,715,english,sentence,SpeechBoxHINTList,1,16,she argues with her sister,5,yes,SNR00dB,E_HT1_16_0db.wav,99,yes
24,715,english,sentence,SpeechBoxHINTList,1,17,the kitchen window was clean,4,yes,SNR00dB,E_HT1_17_0db.wav,99,yes
24,715,english,sentence,SpeechBoxHINTList,1,22,the table has three legs,4,yes,SNR00dB,E_HT1_22_0db.wav,25,yes
24,715,english,sentence,SpeechBoxHINTList,1,28,the dog is eating some meat,5,yes,SNR00dB,E_HT1_28_0db.wav,25,yes
24,715,english,sentence,SpeechBoxHINTList,1,29,father forgot the bread,3,yes,SNR00dB,E_HT1_29_0db.wav,67,yes
24,715,english,sentence,SpeechBoxHINTList,1,30,the road goes up a hill,4,yes,SNR05dB,E_HT1_30_5db.wav,25,yes
24,715,english,sentence,SpeechBoxHINTList,1,31,the painter uses a brush,3,yes,SNR05dB,E_HT1_31_5db.wav,67,yes
24,715,english,sentence,SpeechBoxHINTList,1,32,the family bought a house,3,yes,SNR05dB,E_HT1_32_5db.wav,34,yes
24,715,english,sentence,SpeechBoxHINTList,1,33,swimmers can hold their breath,5,yes,SNR05dB,E_HT1_33_5db.wav,34,yes
24,715,english,sentence,SpeechBoxHINTList,1,36,the food is expensive,3,yes,SNR05dB,E_HT1_36_5db.wav,99,yes
24,715,english,sentence,SpeechBoxHINTList,1,37,the children are walking home,4,yes,SNR05dB,E_HT1_37_5db.wav,67,yes
24,715,english,sentence,SpeechBoxHINTList,1,44,rain is good for trees,5,yes,SNR05dB,E_HT1_44_5db.wav,67,yes
24,715,english,sentence,SpeechBoxHINTList,1,47,the baby slept all night,4,yes,SNR05dB,E_HT1_47_5db.wav,25,yes
24,715,english,sentence,SpeechBoxHINTList,1,53,flowers can grow in the pot,5,yes,SNR05dB,E_HT1_53_5db.wav,34,yes
24,715,english,sentence,SpeechBoxHINTList,1,58,the match boxes are empty,4,yes,SNR05dB,E_HT1_58_5db.wav,34,yes
24,715,english,sentence,SpeechBoxHINTList,1,60,the dog came home at last,5,yes,SNR05dB,E_HT1_60_5db.wav,75,yes
24,715,english,sentence,SpeechBoxHINTList,2,2,they found his brother hiding,5,yes,SNR05dB,E_HT2_2_5db.wav,34,yes
24,715,english,sentence,SpeechBoxHINTList,2,4,the book tells a story,3,yes,SNR05dB,E_HT2_4_5db.wav,75,yes
24,715,english,sentence,SpeechBoxHINTList,2,6,the milk was by the front door,5,yes,SNR05dB,E_HT2_6_5db.wav,34,yes
24,715,english,sentence,SpeechBoxHINTList,2,8,the new road is on the map,5,yes,SNR05dB,E_HT2_8_5db.wav,67,yes
24,715,english,sentence,SpeechBoxHINTList,2,9,she lost her credit card,5,yes,SNR10dB,E_HT2_9_10db.wav,99,yes
24,715,english,sentence,SpeechBoxHINTList,2,10,the team is playing well,4,yes,SNR10dB,E_HT2_10_10db.wav,99,yes
24,715,english,sentence,SpeechBoxHINTList,2,13,the young people are dancing,4,yes,SNR10dB,E_HT2_13_10db.wav,67,yes
24,715,english,sentence,SpeechBoxHINTList,2,15,the shirts are in the closet,4,yes,SNR10dB,E_HT2_15_10db.wav,99,yes
24,715,english,sentence,SpeechBoxHINTList,2,18,the truck drove up the road,4,yes,SNR10dB,E_HT2_18_10db.wav,25,yes
24,715,english,sentence,SpeechBoxHINTList,2,20,a letter fell on the floor,4,yes,SNR10dB,E_HT2_20_10db.wav,34,yes
24,715,english,sentence,SpeechBoxHINTList,2,23,the football game is over,4,yes,SNR10dB,E_HT2_23_10db.wav,99,yes
24,715,english,sentence,SpeechBoxHINTList,2,26,the children helped their teacher,4,yes,SNR10dB,E_HT2_26_10db.wav,99,yes
24,715,english,sentence,SpeechBoxHINTList,2,27,they carried some shopping bags,5,yes,SNR10dB,E_HT2_27_10db.wav,25,yes
24,715,english,sentence,SpeechBoxHINTList,2,29,she uses her spoon to eat,6,yes,SNR10dB,E_HT2_29_10db.wav,99,yes
24,715,english,sentence,SpeechBoxHINTList,2,33,the dog is chasing the cat,4,yes,SNR10dB,E_HT2_33_10db.wav,67,yes
24,715,english,sentence,SpeechBoxHINTList,2,35,the bus leaves before the train,4,yes,SNR10dB,E_HT2_35_10db.wav,50,yes
24,715,english,sentence,SpeechBoxHINTList,2,37,the bag fell off the shelf,4,yes,SNR10dB,E_HT2_37_10db.wav,34,yes
24,715,english,sentence,SpeechBoxHINTList,2,38,they are coming for dinner,5,yes,SNR10dB,E_HT2_38_10db.wav,99,yes
24,715,english,sentence,SpeechBoxHINTList,2,44,sugar is very sweet,4,yes,SNR10dB,E_HT2_44_10db.wav,67,yes
24,715,english,sentence,SpeechBoxHINTList,2,51,the waiter brought the cream,3,no,quiet,E_HT2_51.wav,34,yes
24,715,english,sentence,SpeechBoxHINTList,2,53,the apple pie is good,4,no,quiet,E_HT2_53.wav,99,yes
24,715,english,sentence,SpeechBoxHINTList,2,55,the girl is washing her hair,5,no,quiet,E_HT2_55.wav,99,yes
24,715,english,sentence,SpeechBoxHINTList,2,58,they called an ambulance,3,no,quiet,E_HT2_58.wav,67,yes
24,715,english,sentence,SpeechBoxHINTList,2,60,he climbed up the ladder,4,no,quiet,E_HT2_60.wav,25,yes
25,450,english,sentence,SpeechBoxHINTList,1,1,a boy fell from the window,4,yes,SNR00dB,E_HT1_1_0db.wav,67,yes
25,450,english,sentence,SpeechBoxHINTList,1,2,the wife helped her husband,4,yes,SNR00dB,E_HT1_2_0db.wav,34,yes
25,450,english,sentence,SpeechBoxHINTList,1,3,big dogs can be dangerous,4,yes,SNR00dB,E_HT1_3_0db.wav,34,yes
25,450,english,sentence,SpeechBoxHINTList,1,4,the shoes were very dirty,4,yes,SNR00dB,E_HT1_4_0db.wav,67,yes
25,450,english,sentence,SpeechBoxHINTList,1,5,the player lost a shoe,3,yes,SNR00dB,E_HT1_5_0db.wav,34,yes
25,450,english,sentence,SpeechBoxHINTList,1,6,somebody stole the money,3,yes,SNR00dB,E_HT1_6_0db.wav,67,yes
25,450,english,sentence,SpeechBoxHINTList,1,7,the fire was very hot,4,yes,SNR00dB,E_HT1_7_0db.wav,34,yes
25,450,english,sentence,SpeechBoxHINTList,1,9,the picture came from a book,4,yes,SNR00dB,E_HT1_9_0db.wav,99,yes
25,450,english,sentence,SpeechBoxHINTList,1,10,the car is going too fast,5,yes,SNR00dB,E_HT1_10_0db.wav,50,yes
25,450,english,sentence,SpeechBoxHINTList,1,13,the family likes fish,3,yes,SNR00dB,E_HT1_13_0db.wav,67,yes
25,450,english,sentence,SpeechBoxHINTList,1,16,she argues with her sister,5,yes,SNR00dB,E_HT1_16_0db.wav,99,yes
25,450,english,sentence,SpeechBoxHINTList,1,17,the kitchen window was clean,4,yes,SNR00dB,E_HT1_17_0db.wav,67,yes
25,450,english,sentence,SpeechBoxHINTList,1,22,the table has three legs,4,yes,SNR00dB,E_HT1_22_0db.wav,50,yes
25,450,english,sentence,SpeechBoxHINTList,1,28,the dog is eating some meat,5,yes,SNR00dB,E_HT1_28_0db.wav,0,yes
25,450,english,sentence,SpeechBoxHINTList,1,29,father forgot the bread,3,yes,SNR00dB,E_HT1_29_0db.wav,34,yes
25,450,english,sentence,SpeechBoxHINTList,1,30,the road goes up a hill,4,yes,SNR05dB,E_HT1_30_5db.wav,0,yes
25,450,english,sentence,SpeechBoxHINTList,1,31,the painter uses a brush,3,yes,SNR05dB,E_HT1_31_5db.wav,99,yes
25,450,english,sentence,SpeechBoxHINTList,1,32,the family bought a house,3,yes,SNR05dB,E_HT1_32_5db.wav,99,yes
25,450,english,sentence,SpeechBoxHINTList,1,33,swimmers can hold their breath,5,yes,SNR05dB,E_HT1_33_5db.wav,0,yes
25,450,english,sentence,SpeechBoxHINTList,1,36,the food is expensive,3,yes,SNR05dB,E_HT1_36_5db.wav,99,yes
25,450,english,sentence,SpeechBoxHINTList,1,37,the children are walking home,4,yes,SNR05dB,E_HT1_37_5db.wav,34,yes
25,450,english,sentence,SpeechBoxHINTList,1,44,rain is good for trees,5,yes,SNR05dB,E_HT1_44_5db.wav,67,yes
25,450,english,sentence,SpeechBoxHINTList,1,47,the baby slept all night,4,yes,SNR05dB,E_HT1_47_5db.wav,75,yes
25,450,english,sentence,SpeechBoxHINTList,1,53,flowers can grow in the pot,5,yes,SNR05dB,E_HT1_53_5db.wav,67,yes
25,450,english,sentence,SpeechBoxHINTList,1,58,the match boxes are empty,4,yes,SNR05dB,E_HT1_58_5db.wav,67,yes
25,450,english,sentence,SpeechBoxHINTList,1,60,the dog came home at last,5,yes,SNR05dB,E_HT1_60_5db.wav,0,yes
25,450,english,sentence,SpeechBoxHINTList,2,2,they found his brother hiding,5,yes,SNR05dB,E_HT2_2_5db.wav,0,yes
25,450,english,sentence,SpeechBoxHINTList,2,4,the book tells a story,3,yes,SNR05dB,E_HT2_4_5db.wav,50,yes
25,450,english,sentence,SpeechBoxHINTList,2,6,the milk was by the front door,5,yes,SNR05dB,E_HT2_6_5db.wav,34,yes
25,450,english,sentence,SpeechBoxHINTList,2,8,the new road is on the map,5,yes,SNR05dB,E_HT2_8_5db.wav,0,yes
25,450,english,sentence,SpeechBoxHINTList,2,9,she lost her credit card,5,yes,SNR10dB,E_HT2_9_10db.wav,25,yes
25,450,english,sentence,SpeechBoxHINTList,2,10,the team is playing well,4,yes,SNR10dB,E_HT2_10_10db.wav,99,yes
25,450,english,sentence,SpeechBoxHINTList,2,13,the young people are dancing,4,yes,SNR10dB,E_HT2_13_10db.wav,67,yes
25,450,english,sentence,SpeechBoxHINTList,2,15,the shirts are in the closet,4,yes,SNR10dB,E_HT2_15_10db.wav,99,yes
25,450,english,sentence,SpeechBoxHINTList,2,18,the truck drove up the road,4,yes,SNR10dB,E_HT2_18_10db.wav,25,yes
25,450,english,sentence,SpeechBoxHINTList,2,20,a letter fell on the floor,4,yes,SNR10dB,E_HT2_20_10db.wav,0,yes
25,450,english,sentence,SpeechBoxHINTList,2,23,the football game is over,4,yes,SNR10dB,E_HT2_23_10db.wav,67,yes
25,450,english,sentence,SpeechBoxHINTList,2,26,the children helped their teacher,4,yes,SNR10dB,E_HT2_26_10db.wav,67,yes
25,450,english,sentence,SpeechBoxHINTList,2,27,they carried some shopping bags,5,yes,SNR10dB,E_HT2_27_10db.wav,25,yes
25,450,english,sentence,SpeechBoxHINTList,2,29,she uses her spoon to eat,6,yes,SNR10dB,E_HT2_29_10db.wav,75,yes
25,450,english,sentence,SpeechBoxHINTList,2,33,the dog is chasing the cat,4,yes,SNR10dB,E_HT2_33_10db.wav,67,yes
25,450,english,sentence,SpeechBoxHINTList,2,35,the bus leaves before the train,4,yes,SNR10dB,E_HT2_35_10db.wav,99,yes
25,450,english,sentence,SpeechBoxHINTList,2,37,the bag fell off the shelf,4,yes,SNR10dB,E_HT2_37_10db.wav,67,yes
25,450,english,sentence,SpeechBoxHINTList,2,38,they are coming for dinner,5,yes,SNR10dB,E_HT2_38_10db.wav,67,yes
25,450,english,sentence,SpeechBoxHINTList,2,44,sugar is very sweet,4,yes,SNR10dB,E_HT2_44_10db.wav,67,yes
25,450,english,sentence,SpeechBoxHINTList,2,51,the waiter brought the cream,3,no,quiet,E_HT2_51.wav,0,yes
25,450,english,sentence,SpeechBoxHINTList,2,53,the apple pie is good,4,no,quiet,E_HT2_53.wav,99,yes
25,450,english,sentence,SpeechBoxHINTList,2,55,the girl is washing her hair,5,no,quiet,E_HT2_55.wav,67,yes
25,450,english,sentence,SpeechBoxHINTList,2,58,they called an ambulance,3,no,quiet,E_HT2_58.wav,67,yes
25,450,english,sentence,SpeechBoxHINTList,2,60,he climbed up the ladder,4,no,quiet,E_HT2_60.wav,0,yes
26,800,english,sentence,SpeechBoxHINTList,1,1,a boy fell from the window,4,yes,SNR00dB,E_HT1_1_0db.wav,34,yes
26,800,english,sentence,SpeechBoxHINTList,1,2,the wife helped her husband,4,yes,SNR00dB,E_HT1_2_0db.wav,0,yes
26,800,english,sentence,SpeechBoxHINTList,1,3,big dogs can be dangerous,4,yes,SNR00dB,E_HT1_3_0db.wav,0,yes
26,800,english,sentence,SpeechBoxHINTList,1,4,the shoes were very dirty,4,yes,SNR00dB,E_HT1_4_0db.wav,34,yes
26,800,english,sentence,SpeechBoxHINTList,1,5,the player lost a shoe,3,yes,SNR00dB,E_HT1_5_0db.wav,0,yes
26,800,english,sentence,SpeechBoxHINTList,1,6,somebody stole the money,3,yes,SNR00dB,E_HT1_6_0db.wav,67,yes
26,800,english,sentence,SpeechBoxHINTList,1,7,the fire was very hot,4,yes,SNR00dB,E_HT1_7_0db.wav,67,yes
26,800,english,sentence,SpeechBoxHINTList,1,9,the picture came from a book,4,yes,SNR00dB,E_HT1_9_0db.wav,34,yes
26,800,english,sentence,SpeechBoxHINTList,1,10,the car is going too fast,5,yes,SNR00dB,E_HT1_10_0db.wav,75,yes
26,800,english,sentence,SpeechBoxHINTList,1,13,the family likes fish,3,yes,SNR00dB,E_HT1_13_0db.wav,34,yes
26,800,english,sentence,SpeechBoxHINTList,1,16,she argues with her sister,5,yes,SNR00dB,E_HT1_16_0db.wav,67,yes
26,800,english,sentence,SpeechBoxHINTList,1,17,the kitchen window was clean,4,yes,SNR00dB,E_HT1_17_0db.wav,34,yes
26,800,english,sentence,SpeechBoxHINTList,1,22,the table has three legs,4,yes,SNR00dB,E_HT1_22_0db.wav,50,yes
26,800,english,sentence,SpeechBoxHINTList,1,28,the dog is eating some meat,5,yes,SNR00dB,E_HT1_28_0db.wav,25,yes
26,800,english,sentence,SpeechBoxHINTList,1,29,father forgot the bread,3,yes,SNR00dB,E_HT1_29_0db.wav,67,yes
26,800,english,sentence,SpeechBoxHINTList,1,30,the road goes up a hill,4,yes,SNR05dB,E_HT1_30_5db.wav,0,yes
26,800,english,sentence,SpeechBoxHINTList,1,31,the painter uses a brush,3,yes,SNR05dB,E_HT1_31_5db.wav,67,yes
26,800,english,sentence,SpeechBoxHINTList,1,32,the family bought a house,3,yes,SNR05dB,E_HT1_32_5db.wav,34,yes
26,800,english,sentence,SpeechBoxHINTList,1,33,swimmers can hold their breath,5,yes,SNR05dB,E_HT1_33_5db.wav,0,yes
26,800,english,sentence,SpeechBoxHINTList,1,36,the food is expensive,3,yes,SNR05dB,E_HT1_36_5db.wav,99,yes
26,800,english,sentence,SpeechBoxHINTList,1,37,the children are walking home,4,yes,SNR05dB,E_HT1_37_5db.wav,0,yes
26,800,english,sentence,SpeechBoxHINTList,1,44,rain is good for trees,5,yes,SNR05dB,E_HT1_44_5db.wav,67,yes
26,800,english,sentence,SpeechBoxHINTList,1,47,the baby slept all night,4,yes,SNR05dB,E_HT1_47_5db.wav,0,yes
26,800,english,sentence,SpeechBoxHINTList,1,53,flowers can grow in the pot,5,yes,SNR05dB,E_HT1_53_5db.wav,0,yes
26,800,english,sentence,SpeechBoxHINTList,1,58,the match boxes are empty,4,yes,SNR05dB,E_HT1_58_5db.wav,34,yes
26,800,english,sentence,SpeechBoxHINTList,1,60,the dog came home at last,5,yes,SNR05dB,E_HT1_60_5db.wav,25,yes
26,800,english,sentence,SpeechBoxHINTList,2,2,they found his brother hiding,5,yes,SNR05dB,E_HT2_2_5db.wav,34,yes
26,800,english,sentence,SpeechBoxHINTList,2,4,the book tells a story,3,yes,SNR05dB,E_HT2_4_5db.wav,75,yes
26,800,english,sentence,SpeechBoxHINTList,2,6,the milk was by the front door,5,yes,SNR05dB,E_HT2_6_5db.wav,34,yes
26,800,english,sentence,SpeechBoxHINTList,2,8,the new road is on the map,5,yes,SNR05dB,E_HT2_8_5db.wav,67,yes
26,800,english,sentence,SpeechBoxHINTList,2,9,she lost her credit card,5,yes,SNR10dB,E_HT2_9_10db.wav,99,yes
26,800,english,sentence,SpeechBoxHINTList,2,10,the team is playing well,4,yes,SNR10dB,E_HT2_10_10db.wav,99,yes
26,800,english,sentence,SpeechBoxHINTList,2,13,the young people are dancing,4,yes,SNR10dB,E_HT2_13_10db.wav,99,yes
26,800,english,sentence,SpeechBoxHINTList,2,15,the shirts are in the closet,4,yes,SNR10dB,E_HT2_15_10db.wav,99,yes
26,800,english,sentence,SpeechBoxHINTList,2,18,the truck drove up the road,4,yes,SNR10dB,E_HT2_18_10db.wav,0,yes
26,800,english,sentence,SpeechBoxHINTList,2,20,a letter fell on the floor,4,yes,SNR10dB,E_HT2_20_10db.wav,34,yes
26,800,english,sentence,SpeechBoxHINTList,2,23,the football game is over,4,yes,SNR10dB,E_HT2_23_10db.wav,67,yes
26,800,english,sentence,SpeechBoxHINTList,2,26,the children helped their teacher,4,yes,SNR10dB,E_HT2_26_10db.wav,99,yes
26,800,english,sentence,SpeechBoxHINTList,2,27,they carried some shopping bags,5,yes,SNR10dB,E_HT2_27_10db.wav,25,yes
26,800,english,sentence,SpeechBoxHINTList,2,29,she uses her spoon to eat,6,yes,SNR10dB,E_HT2_29_10db.wav,75,yes
26,800,english,sentence,SpeechBoxHINTList,2,33,the dog is chasing the cat,4,yes,SNR10dB,E_HT2_33_10db.wav,67,yes
26,800,english,sentence,SpeechBoxHINTList,2,35,the bus leaves before the train,4,yes,SNR10dB,E_HT2_35_10db.wav,75,yes
26,800,english,sentence,SpeechBoxHINTList,2,37,the bag fell off the shelf,4,yes,SNR10dB,E_HT2_37_10db.wav,0,yes
26,800,english,sentence,SpeechBoxHINTList,2,38,they are coming for dinner,5,yes,SNR10dB,E_HT2_38_10db.wav,99,yes
26,800,english,sentence,SpeechBoxHINTList,2,44,sugar is very sweet,4,yes,SNR10dB,E_HT2_44_10db.wav,99,yes
26,800,english,sentence,SpeechBoxHINTList,2,51,the waiter brought the cream,3,no,quiet,E_HT2_51.wav,34,yes
26,800,english,sentence,SpeechBoxHINTList,2,53,the apple pie is good,4,no,quiet,E_HT2_53.wav,99,yes
26,800,english,sentence,SpeechBoxHINTList,2,55,the girl is washing her hair,5,no,quiet,E_HT2_55.wav,67,yes
26,800,english,sentence,SpeechBoxHINTList,2,58,they called an ambulance,3,no,quiet,E_HT2_58.wav,34,yes
26,800,english,sentence,SpeechBoxHINTList,2,60,he climbed up the ladder,4,no,quiet,E_HT2_60.wav,25,yes
27,635,english,sentence,SpeechBoxHINTList,1,1,a boy fell from the window,4,yes,SNR00dB,E_HT1_1_0db.wav,67,yes
27,635,english,sentence,SpeechBoxHINTList,1,2,the wife helped her husband,4,yes,SNR00dB,E_HT1_2_0db.wav,34,yes
27,635,english,sentence,SpeechBoxHINTList,1,3,big dogs can be dangerous,4,yes,SNR00dB,E_HT1_3_0db.wav,34,yes
27,635,english,sentence,SpeechBoxHINTList,1,4,the shoes were very dirty,4,yes,SNR00dB,E_HT1_4_0db.wav,67,yes
27,635,english,sentence,SpeechBoxHINTList,1,5,the player lost a shoe,3,yes,SNR00dB,E_HT1_5_0db.wav,67,yes
27,635,english,sentence,SpeechBoxHINTList,1,6,somebody stole the money,3,yes,SNR00dB,E_HT1_6_0db.wav,99,yes
27,635,english,sentence,SpeechBoxHINTList,1,7,the fire was very hot,4,yes,SNR00dB,E_HT1_7_0db.wav,99,yes
27,635,english,sentence,SpeechBoxHINTList,1,9,the picture came from a book,4,yes,SNR00dB,E_HT1_9_0db.wav,99,yes
27,635,english,sentence,SpeechBoxHINTList,1,10,the car is going too fast,5,yes,SNR00dB,E_HT1_10_0db.wav,99,yes
27,635,english,sentence,SpeechBoxHINTList,1,13,the family likes fish,3,yes,SNR00dB,E_HT1_13_0db.wav,99,yes
27,635,english,sentence,SpeechBoxHINTList,1,16,she argues with her sister,5,yes,SNR00dB,E_HT1_16_0db.wav,34,yes
27,635,english,sentence,SpeechBoxHINTList,1,17,the kitchen window was clean,4,yes,SNR00dB,E_HT1_17_0db.wav,67,yes
27,635,english,sentence,SpeechBoxHINTList,1,22,the table has three legs,4,yes,SNR00dB,E_HT1_22_0db.wav,75,yes
27,635,english,sentence,SpeechBoxHINTList,1,28,the dog is eating some meat,5,yes,SNR00dB,E_HT1_28_0db.wav,25,yes
27,635,english,sentence,SpeechBoxHINTList,1,29,father forgot the bread,3,yes,SNR00dB,E_HT1_29_0db.wav,34,yes
27,635,english,sentence,SpeechBoxHINTList,1,30,the road goes up a hill,4,yes,SNR05dB,E_HT1_30_5db.wav,50,yes
27,635,english,sentence,SpeechBoxHINTList,1,31,the painter uses a brush,3,yes,SNR05dB,E_HT1_31_5db.wav,99,yes
27,635,english,sentence,SpeechBoxHINTList,1,32,the family bought a house,3,yes,SNR05dB,E_HT1_32_5db.wav,99,yes
27,635,english,sentence,SpeechBoxHINTList,1,33,swimmers can hold their breath,5,yes,SNR05dB,E_HT1_33_5db.wav,0,yes
27,635,english,sentence,SpeechBoxHINTList,1,36,the food is expensive,3,yes,SNR05dB,E_HT1_36_5db.wav,99,yes
27,635,english,sentence,SpeechBoxHINTList,1,37,the children are walking home,4,yes,SNR05dB,E_HT1_37_5db.wav,34,yes
27,635,english,sentence,SpeechBoxHINTList,1,44,rain is good for trees,5,yes,SNR05dB,E_HT1_44_5db.wav,67,yes
27,635,english,sentence,SpeechBoxHINTList,1,47,the baby slept all night,4,yes,SNR05dB,E_HT1_47_5db.wav,25,yes
27,635,english,sentence,SpeechBoxHINTList,1,53,flowers can grow in the pot,5,yes,SNR05dB,E_HT1_53_5db.wav,99,yes
27,635,english,sentence,SpeechBoxHINTList,1,58,the match boxes are empty,4,yes,SNR05dB,E_HT1_58_5db.wav,67,yes
27,635,english,sentence,SpeechBoxHINTList,1,60,the dog came home at last,5,yes,SNR05dB,E_HT1_60_5db.wav,99,yes
27,635,english,sentence,SpeechBoxHINTList,2,2,they found his brother hiding,5,yes,SNR05dB,E_HT2_2_5db.wav,34,yes
27,635,english,sentence,SpeechBoxHINTList,2,4,the book tells a story,3,yes,SNR05dB,E_HT2_4_5db.wav,50,yes
27,635,english,sentence,SpeechBoxHINTList,2,6,the milk was by the front door,5,yes,SNR05dB,E_HT2_6_5db.wav,34,yes
27,635,english,sentence,SpeechBoxHINTList,2,8,the new road is on the map,5,yes,SNR05dB,E_HT2_8_5db.wav,99,yes
27,635,english,sentence,SpeechBoxHINTList,2,9,she lost her credit card,5,yes,SNR10dB,E_HT2_9_10db.wav,99,yes
27,635,english,sentence,SpeechBoxHINTList,2,10,the team is playing well,4,yes,SNR10dB,E_HT2_10_10db.wav,99,yes
27,635,english,sentence,SpeechBoxHINTList,2,13,the young people are dancing,4,yes,SNR10dB,E_HT2_13_10db.wav,99,yes
27,635,english,sentence,SpeechBoxHINTList,2,15,the shirts are in the closet,4,yes,SNR10dB,E_HT2_15_10db.wav,99,yes
27,635,english,sentence,SpeechBoxHINTList,2,18,the truck drove up the road,4,yes,SNR10dB,E_HT2_18_10db.wav,25,yes
27,635,english,sentence,SpeechBoxHINTList,2,20,a letter fell on the floor,4,yes,SNR10dB,E_HT2_20_10db.wav,34,yes
27,635,english,sentence,SpeechBoxHINTList,2,23,the football game is over,4,yes,SNR10dB,E_HT2_23_10db.wav,67,yes
27,635,english,sentence,SpeechBoxHINTList,2,26,the children helped their teacher,4,yes,SNR10dB,E_HT2_26_10db.wav,67,yes
27,635,english,sentence,SpeechBoxHINTList,2,27,they carried some shopping bags,5,yes,SNR10dB,E_HT2_27_10db.wav,75,yes
27,635,english,sentence,SpeechBoxHINTList,2,29,she uses her spoon to eat,6,yes,SNR10dB,E_HT2_29_10db.wav,99,yes
27,635,english,sentence,SpeechBoxHINTList,2,33,the dog is chasing the cat,4,yes,SNR10dB,E_HT2_33_10db.wav,99,yes
27,635,english,sentence,SpeechBoxHINTList,2,35,the bus leaves before the train,4,yes,SNR10dB,E_HT2_35_10db.wav,50,yes
27,635,english,sentence,SpeechBoxHINTList,2,37,the bag fell off the shelf,4,yes,SNR10dB,E_HT2_37_10db.wav,34,yes
27,635,english,sentence,SpeechBoxHINTList,2,38,they are coming for dinner,5,yes,SNR10dB,E_HT2_38_10db.wav,99,yes
27,635,english,sentence,SpeechBoxHINTList,2,44,sugar is very sweet,4,yes,SNR10dB,E_HT2_44_10db.wav,67,yes
27,635,english,sentence,SpeechBoxHINTList,2,51,the waiter brought the cream,3,no,quiet,E_HT2_51.wav,0,yes
27,635,english,sentence,SpeechBoxHINTList,2,53,the apple pie is good,4,no,quiet,E_HT2_53.wav,99,yes
27,635,english,sentence,SpeechBoxHINTList,2,55,the girl is washing her hair,5,no,quiet,E_HT2_55.wav,99,yes
27,635,english,sentence,SpeechBoxHINTList,2,58,they called an ambulance,3,no,quiet,E_HT2_58.wav,67,yes
27,635,english,sentence,SpeechBoxHINTList,2,60,he climbed up the ladder,4,no,quiet,E_HT2_60.wav,50,yes
28,650,english,sentence,SpeechBoxHINTList,1,1,a boy fell from the window,4,yes,SNR00dB,E_HT1_1_0db.wav,67,yes
28,650,english,sentence,SpeechBoxHINTList,1,2,the wife helped her husband,4,yes,SNR00dB,E_HT1_2_0db.wav,0,yes
28,650,english,sentence,SpeechBoxHINTList,1,3,big dogs can be dangerous,4,yes,SNR00dB,E_HT1_3_0db.wav,67,yes
28,650,english,sentence,SpeechBoxHINTList,1,4,the shoes were very dirty,4,yes,SNR00dB,E_HT1_4_0db.wav,67,yes
28,650,english,sentence,SpeechBoxHINTList,1,5,the player lost a shoe,3,yes,SNR00dB,E_HT1_5_0db.wav,67,yes
28,650,english,sentence,SpeechBoxHINTList,1,6,somebody stole the money,3,yes,SNR00dB,E_HT1_6_0db.wav,34,yes
28,650,english,sentence,SpeechBoxHINTList,1,7,the fire was very hot,4,yes,SNR00dB,E_HT1_7_0db.wav,34,yes
28,650,english,sentence,SpeechBoxHINTList,1,9,the picture came from a book,4,yes,SNR00dB,E_HT1_9_0db.wav,99,yes
28,650,english,sentence,SpeechBoxHINTList,1,10,the car is going too fast,5,yes,SNR00dB,E_HT1_10_0db.wav,99,yes
28,650,english,sentence,SpeechBoxHINTList,1,13,the family likes fish,3,yes,SNR00dB,E_HT1_13_0db.wav,99,yes
28,650,english,sentence,SpeechBoxHINTList,1,16,she argues with her sister,5,yes,SNR00dB,E_HT1_16_0db.wav,99,yes
28,650,english,sentence,SpeechBoxHINTList,1,17,the kitchen window was clean,4,yes,SNR00dB,E_HT1_17_0db.wav,34,yes
28,650,english,sentence,SpeechBoxHINTList,1,22,the table has three legs,4,yes,SNR00dB,E_HT1_22_0db.wav,99,yes
28,650,english,sentence,SpeechBoxHINTList,1,28,the dog is eating some meat,5,yes,SNR00dB,E_HT1_28_0db.wav,0,yes
28,650,english,sentence,SpeechBoxHINTList,1,29,father forgot the bread,3,yes,SNR00dB,E_HT1_29_0db.wav,67,yes
28,650,english,sentence,SpeechBoxHINTList,1,30,the road goes up a hill,4,yes,SNR05dB,E_HT1_30_5db.wav,0,yes
28,650,english,sentence,SpeechBoxHINTList,1,31,the painter uses a brush,3,yes,SNR05dB,E_HT1_31_5db.wav,67,yes
28,650,english,sentence,SpeechBoxHINTList,1,32,the family bought a house,3,yes,SNR05dB,E_HT1_32_5db.wav,67,yes
28,650,english,sentence,SpeechBoxHINTList,1,33,swimmers can hold their breath,5,yes,SNR05dB,E_HT1_33_5db.wav,0,yes
28,650,english,sentence,SpeechBoxHINTList,1,36,the food is expensive,3,yes,SNR05dB,E_HT1_36_5db.wav,99,yes
28,650,english,sentence,SpeechBoxHINTList,1,37,the children are walking home,4,yes,SNR05dB,E_HT1_37_5db.wav,67,yes
28,650,english,sentence,SpeechBoxHINTList,1,44,rain is good for trees,5,yes,SNR05dB,E_HT1_44_5db.wav,99,yes
28,650,english,sentence,SpeechBoxHINTList,1,47,the baby slept all night,4,yes,SNR05dB,E_HT1_47_5db.wav,25,yes
28,650,english,sentence,SpeechBoxHINTList,1,53,flowers can grow in the pot,5,yes,SNR05dB,E_HT1_53_5db.wav,34,yes
28,650,english,sentence,SpeechBoxHINTList,1,58,the match boxes are empty,4,yes,SNR05dB,E_HT1_58_5db.wav,67,yes
28,650,english,sentence,SpeechBoxHINTList,1,60,the dog came home at last,5,yes,SNR05dB,E_HT1_60_5db.wav,75,yes
28,650,english,sentence,SpeechBoxHINTList,2,2,they found his brother hiding,5,yes,SNR05dB,E_HT2_2_5db.wav,67,yes
28,650,english,sentence,SpeechBoxHINTList,2,4,the book tells a story,3,yes,SNR05dB,E_HT2_4_5db.wav,75,yes
28,650,english,sentence,SpeechBoxHINTList,2,6,the milk was by the front door,5,yes,SNR05dB,E_HT2_6_5db.wav,0,yes
28,650,english,sentence,SpeechBoxHINTList,2,8,the new road is on the map,5,yes,SNR05dB,E_HT2_8_5db.wav,99,yes
28,650,english,sentence,SpeechBoxHINTList,2,9,she lost her credit card,5,yes,SNR10dB,E_HT2_9_10db.wav,99,yes
28,650,english,sentence,SpeechBoxHINTList,2,10,the team is playing well,4,yes,SNR10dB,E_HT2_10_10db.wav,99,yes
28,650,english,sentence,SpeechBoxHINTList,2,13,the young people are dancing,4,yes,SNR10dB,E_HT2_13_10db.wav,99,yes
28,650,english,sentence,SpeechBoxHINTList,2,15,the shirts are in the closet,4,yes,SNR10dB,E_HT2_15_10db.wav,99,yes
28,650,english,sentence,SpeechBoxHINTList,2,18,the truck drove up the road,4,yes,SNR10dB,E_HT2_18_10db.wav,25,yes
28,650,english,sentence,SpeechBoxHINTList,2,20,a letter fell on the floor,4,yes,SNR10dB,E_HT2_20_10db.wav,67,yes
28,650,english,sentence,SpeechBoxHINTList,2,23,the football game is over,4,yes,SNR10dB,E_HT2_23_10db.wav,0,yes
28,650,english,sentence,SpeechBoxHINTList,2,26,the children helped their teacher,4,yes,SNR10dB,E_HT2_26_10db.wav,99,yes
28,650,english,sentence,SpeechBoxHINTList,2,27,they carried some shopping bags,5,yes,SNR10dB,E_HT2_27_10db.wav,75,yes
28,650,english,sentence,SpeechBoxHINTList,2,29,she uses her spoon to eat,6,yes,SNR10dB,E_HT2_29_10db.wav,25,yes
28,650,english,sentence,SpeechBoxHINTList,2,33,the dog is chasing the cat,4,yes,SNR10dB,E_HT2_33_10db.wav,67,yes
28,650,english,sentence,SpeechBoxHINTList,2,35,the bus leaves before the train,4,yes,SNR10dB,E_HT2_35_10db.wav,75,yes
28,650,english,sentence,SpeechBoxHINTList,2,37,the bag fell off the shelf,4,yes,SNR10dB,E_HT2_37_10db.wav,0,yes
28,650,english,sentence,SpeechBoxHINTList,2,38,they are coming for dinner,5,yes,SNR10dB,E_HT2_38_10db.wav,67,yes
28,650,english,sentence,SpeechBoxHINTList,2,44,sugar is very sweet,4,yes,SNR10dB,E_HT2_44_10db.wav,99,yes
28,650,english,sentence,SpeechBoxHINTList,2,51,the waiter brought the cream,3,no,quiet,E_HT2_51.wav,34,yes
28,650,english,sentence,SpeechBoxHINTList,2,53,the apple pie is good,4,no,quiet,E_HT2_53.wav,99,yes
28,650,english,sentence,SpeechBoxHINTList,2,55,the girl is washing her hair,5,no,quiet,E_HT2_55.wav,99,yes
28,650,english,sentence,SpeechBoxHINTList,2,58,they called an ambulance,3,no,quiet,E_HT2_58.wav,67,yes
28,650,english,sentence,SpeechBoxHINTList,2,60,he climbed up the ladder,4,no,quiet,E_HT2_60.wav,50,yes
29,600,english,sentence,SpeechBoxHINTList,1,1,a boy fell from the window,4,yes,SNR00dB,E_HT1_1_0db.wav,67,yes
29,600,english,sentence,SpeechBoxHINTList,1,2,the wife helped her husband,4,yes,SNR00dB,E_HT1_2_0db.wav,0,yes
29,600,english,sentence,SpeechBoxHINTList,1,3,big dogs can be dangerous,4,yes,SNR00dB,E_HT1_3_0db.wav,67,yes
29,600,english,sentence,SpeechBoxHINTList,1,4,the shoes were very dirty,4,yes,SNR00dB,E_HT1_4_0db.wav,34,yes
29,600,english,sentence,SpeechBoxHINTList,1,5,the player lost a shoe,3,yes,SNR00dB,E_HT1_5_0db.wav,34,yes
29,600,english,sentence,SpeechBoxHINTList,1,6,somebody stole the money,3,yes,SNR00dB,E_HT1_6_0db.wav,0,yes
29,600,english,sentence,SpeechBoxHINTList,1,7,the fire was very hot,4,yes,SNR00dB,E_HT1_7_0db.wav,67,yes
29,600,english,sentence,SpeechBoxHINTList,1,9,the picture came from a book,4,yes,SNR00dB,E_HT1_9_0db.wav,99,yes
29,600,english,sentence,SpeechBoxHINTList,1,10,the car is going too fast,5,yes,SNR00dB,E_HT1_10_0db.wav,50,yes
29,600,english,sentence,SpeechBoxHINTList,1,13,the family likes fish,3,yes,SNR00dB,E_HT1_13_0db.wav,34,yes
29,600,english,sentence,SpeechBoxHINTList,1,16,she argues with her sister,5,yes,SNR00dB,E_HT1_16_0db.wav,67,yes
29,600,english,sentence,SpeechBoxHINTList,1,17,the kitchen window was clean,4,yes,SNR00dB,E_HT1_17_0db.wav,67,yes
29,600,english,sentence,SpeechBoxHINTList,1,22,the table has three legs,4,yes,SNR00dB,E_HT1_22_0db.wav,25,yes
29,600,english,sentence,SpeechBoxHINTList,1,28,the dog is eating some meat,5,yes,SNR00dB,E_HT1_28_0db.wav,25,yes
29,600,english,sentence,SpeechBoxHINTList,1,29,father forgot the bread,3,yes,SNR00dB,E_HT1_29_0db.wav,67,yes
29,600,english,sentence,SpeechBoxHINTList,1,30,the road goes up a hill,4,yes,SNR05dB,E_HT1_30_5db.wav,25,yes
29,600,english,sentence,SpeechBoxHINTList,1,31,the painter uses a brush,3,yes,SNR05dB,E_HT1_31_5db.wav,67,yes
29,600,english,sentence,SpeechBoxHINTList,1,32,the family bought a house,3,yes,SNR05dB,E_HT1_32_5db.wav,34,yes
29,600,english,sentence,SpeechBoxHINTList,1,33,swimmers can hold their breath,5,yes,SNR05dB,E_HT1_33_5db.wav,0,yes
29,600,english,sentence,SpeechBoxHINTList,1,36,the food is expensive,3,yes,SNR05dB,E_HT1_36_5db.wav,50,yes
29,600,english,sentence,SpeechBoxHINTList,1,37,the children are walking home,4,yes,SNR05dB,E_HT1_37_5db.wav,34,yes
29,600,english,sentence,SpeechBoxHINTList,1,44,rain is good for trees,5,yes,SNR05dB,E_HT1_44_5db.wav,67,yes
29,600,english,sentence,SpeechBoxHINTList,1,47,the baby slept all night,4,yes,SNR05dB,E_HT1_47_5db.wav,25,yes
29,600,english,sentence,SpeechBoxHINTList,1,53,flowers can grow in the pot,5,yes,SNR05dB,E_HT1_53_5db.wav,0,yes
29,600,english,sentence,SpeechBoxHINTList,1,58,the match boxes are empty,4,yes,SNR05dB,E_HT1_58_5db.wav,99,yes
29,600,english,sentence,SpeechBoxHINTList,1,60,the dog came home at last,5,yes,SNR05dB,E_HT1_60_5db.wav,25,yes
29,600,english,sentence,SpeechBoxHINTList,2,2,they found his brother hiding,5,yes,SNR05dB,E_HT2_2_5db.wav,34,yes
29,600,english,sentence,SpeechBoxHINTList,2,4,the book tells a story,3,yes,SNR05dB,E_HT2_4_5db.wav,50,yes
29,600,english,sentence,SpeechBoxHINTList,2,6,the milk was by the front door,5,yes,SNR05dB,E_HT2_6_5db.wav,67,yes
29,600,english,sentence,SpeechBoxHINTList,2,8,the new road is on the map,5,yes,SNR05dB,E_HT2_8_5db.wav,67,yes
29,600,english,sentence,SpeechBoxHINTList,2,9,she lost her credit card,5,yes,SNR10dB,E_HT2_9_10db.wav,25,yes
29,600,english,sentence,SpeechBoxHINTList,2,10,the team is playing well,4,yes,SNR10dB,E_HT2_10_10db.wav,99,yes
29,600,english,sentence,SpeechBoxHINTList,2,13,the young people are dancing,4,yes,SNR10dB,E_HT2_13_10db.wav,67,yes
29,600,english,sentence,SpeechBoxHINTList,2,15,the shirts are in the closet,4,yes,SNR10dB,E_HT2_15_10db.wav,0,yes
29,600,english,sentence,SpeechBoxHINTList,2,18,the truck drove up the road,4,yes,SNR10dB,E_HT2_18_10db.wav,25,yes
29,600,english,sentence,SpeechBoxHINTList,2,20,a letter fell on the floor,4,yes,SNR10dB,E_HT2_20_10db.wav,0,yes
29,600,english,sentence,SpeechBoxHINTList,2,23,the football game is over,4,yes,SNR10dB,E_HT2_23_10db.wav,67,yes
29,600,english,sentence,SpeechBoxHINTList,2,26,the children helped their teacher,4,yes,SNR10dB,E_HT2_26_10db.wav,99,yes
29,600,english,sentence,SpeechBoxHINTList,2,27,they carried some shopping bags,5,yes,SNR10dB,E_HT2_27_10db.wav,75,yes
29,600,english,sentence,SpeechBoxHINTList,2,29,she uses her spoon to eat,6,yes,SNR10dB,E_HT2_29_10db.wav,99,yes
29,600,english,sentence,SpeechBoxHINTList,2,33,the dog is chasing the cat,4,yes,SNR10dB,E_HT2_33_10db.wav,99,yes
29,600,english,sentence,SpeechBoxHINTList,2,35,the bus leaves before the train,4,yes,SNR10dB,E_HT2_35_10db.wav,75,yes
29,600,english,sentence,SpeechBoxHINTList,2,37,the bag fell off the shelf,4,yes,SNR10dB,E_HT2_37_10db.wav,34,yes
29,600,english,sentence,SpeechBoxHINTList,2,38,they are coming for dinner,5,yes,SNR10dB,E_HT2_38_10db.wav,67,yes
29,600,english,sentence,SpeechBoxHINTList,2,44,sugar is very sweet,4,yes,SNR10dB,E_HT2_44_10db.wav,99,yes
29,600,english,sentence,SpeechBoxHINTList,2,51,the waiter brought the cream,3,no,quiet,E_HT2_51.wav,34,yes
29,600,english,sentence,SpeechBoxHINTList,2,53,the apple pie is good,4,no,quiet,E_HT2_53.wav,99,yes
29,600,english,sentence,SpeechBoxHINTList,2,55,the girl is washing her hair,5,no,quiet,E_HT2_55.wav,99,yes
29,600,english,sentence,SpeechBoxHINTList,2,58,they called an ambulance,3,no,quiet,E_HT2_58.wav,99,yes
29,600,english,sentence,SpeechBoxHINTList,2,60,he climbed up the ladder,4,no,quiet,E_HT2_60.wav,25,yes
30,420,english,sentence,SpeechBoxHINTList,1,1,a boy fell from the window,4,yes,SNR00dB,E_HT1_1_0db.wav,0,yes
30,420,english,sentence,SpeechBoxHINTList,1,2,the wife helped her husband,4,yes,SNR00dB,E_HT1_2_0db.wav,0,yes
30,420,english,sentence,SpeechBoxHINTList,1,3,big dogs can be dangerous,4,yes,SNR00dB,E_HT1_3_0db.wav,34,yes
30,420,english,sentence,SpeechBoxHINTList,1,4,the shoes were very dirty,4,yes,SNR00dB,E_HT1_4_0db.wav,67,yes
30,420,english,sentence,SpeechBoxHINTList,1,5,the player lost a shoe,3,yes,SNR00dB,E_HT1_5_0db.wav,34,yes
30,420,english,sentence,SpeechBoxHINTList,1,6,somebody stole the money,3,yes,SNR00dB,E_HT1_6_0db.wav,0,yes
30,420,english,sentence,SpeechBoxHINTList,1,7,the fire was very hot,4,yes,SNR00dB,E_HT1_7_0db.wav,34,yes
30,420,english,sentence,SpeechBoxHINTList,1,9,the picture came from a book,4,yes,SNR00dB,E_HT1_9_0db.wav,67,yes
30,420,english,sentence,SpeechBoxHINTList,1,10,the car is going too fast,5,yes,SNR00dB,E_HT1_10_0db.wav,0,yes
30,420,english,sentence,SpeechBoxHINTList,1,13,the family likes fish,3,yes,SNR00dB,E_HT1_13_0db.wav,34,yes
30,420,english,sentence,SpeechBoxHINTList,1,16,she argues with her sister,5,yes,SNR00dB,E_HT1_16_0db.wav,34,yes
30,420,english,sentence,SpeechBoxHINTList,1,17,the kitchen window was clean,4,yes,SNR00dB,E_HT1_17_0db.wav,0,yes
30,420,english,sentence,SpeechBoxHINTList,1,22,the table has three legs,4,yes,SNR00dB,E_HT1_22_0db.wav,25,yes
30,420,english,sentence,SpeechBoxHINTList,1,28,the dog is eating some meat,5,yes,SNR00dB,E_HT1_28_0db.wav,0,yes
30,420,english,sentence,SpeechBoxHINTList,1,29,father forgot the bread,3,yes,SNR00dB,E_HT1_29_0db.wav,34,yes
30,420,english,sentence,SpeechBoxHINTList,1,30,the road goes up a hill,4,yes,SNR05dB,E_HT1_30_5db.wav,0,yes
30,420,english,sentence,SpeechBoxHINTList,1,31,the painter uses a brush,3,yes,SNR05dB,E_HT1_31_5db.wav,34,yes
30,420,english,sentence,SpeechBoxHINTList,1,32,the family bought a house,3,yes,SNR05dB,E_HT1_32_5db.wav,67,yes
30,420,english,sentence,SpeechBoxHINTList,1,33,swimmers can hold their breath,5,yes,SNR05dB,E_HT1_33_5db.wav,0,yes
30,420,english,sentence,SpeechBoxHINTList,1,36,the food is expensive,3,yes,SNR05dB,E_HT1_36_5db.wav,50,yes
30,420,english,sentence,SpeechBoxHINTList,1,37,the children are walking home,4,yes,SNR05dB,E_HT1_37_5db.wav,34,yes
30,420,english,sentence,SpeechBoxHINTList,1,44,rain is good for trees,5,yes,SNR05dB,E_HT1_44_5db.wav,0,yes
30,420,english,sentence,SpeechBoxHINTList,1,47,the baby slept all night,4,yes,SNR05dB,E_HT1_47_5db.wav,25,yes
30,420,english,sentence,SpeechBoxHINTList,1,53,flowers can grow in the pot,5,yes,SNR05dB,E_HT1_53_5db.wav,0,yes
30,420,english,sentence,SpeechBoxHINTList,1,58,the match boxes are empty,4,yes,SNR05dB,E_HT1_58_5db.wav,0,yes
30,420,english,sentence,SpeechBoxHINTList,1,60,the dog came home at last,5,yes,SNR05dB,E_HT1_60_5db.wav,75,yes
30,420,english,sentence,SpeechBoxHINTList,2,2,they found his brother hiding,5,yes,SNR05dB,E_HT2_2_5db.wav,34,yes
30,420,english,sentence,SpeechBoxHINTList,2,4,the book tells a story,3,yes,SNR05dB,E_HT2_4_5db.wav,25,yes
30,420,english,sentence,SpeechBoxHINTList,2,6,the milk was by the front door,5,yes,SNR05dB,E_HT2_6_5db.wav,0,yes
30,420,english,sentence,SpeechBoxHINTList,2,8,the new road is on the map,5,yes,SNR05dB,E_HT2_8_5db.wav,34,yes
30,420,english,sentence,SpeechBoxHINTList,2,9,she lost her credit card,5,yes,SNR10dB,E_HT2_9_10db.wav,0,yes
30,420,english,sentence,SpeechBoxHINTList,2,10,the team is playing well,4,yes,SNR10dB,E_HT2_10_10db.wav,67,yes
30,420,english,sentence,SpeechBoxHINTList,2,13,the young people are dancing,4,yes,SNR10dB,E_HT2_13_10db.wav,34,yes
30,420,english,sentence,SpeechBoxHINTList,2,15,the shirts are in the closet,4,yes,SNR10dB,E_HT2_15_10db.wav,50,yes
30,420,english,sentence,SpeechBoxHINTList,2,18,the truck drove up the road,4,yes,SNR10dB,E_HT2_18_10db.wav,25,yes
30,420,english,sentence,SpeechBoxHINTList,2,20,a letter fell on the floor,4,yes,SNR10dB,E_HT2_20_10db.wav,0,yes
30,420,english,sentence,SpeechBoxHINTList,2,23,the football game is over,4,yes,SNR10dB,E_HT2_23_10db.wav,34,yes
30,420,english,sentence,SpeechBoxHINTList,2,26,the children helped their teacher,4,yes,SNR10dB,E_HT2_26_10db.wav,34,yes
30,420,english,sentence,SpeechBoxHINTList,2,27,they carried some shopping bags,5,yes,SNR10dB,E_HT2_27_10db.wav,25,yes
30,420,english,sentence,SpeechBoxHINTList,2,29,she uses her spoon to eat,6,yes,SNR10dB,E_HT2_29_10db.wav,50,yes
30,420,english,sentence,SpeechBoxHINTList,2,33,the dog is chasing the cat,4,yes,SNR10dB,E_HT2_33_10db.wav,67,yes
30,420,english,sentence,SpeechBoxHINTList,2,35,the bus leaves before the train,4,yes,SNR10dB,E_HT2_35_10db.wav,75,yes
30,420,english,sentence,SpeechBoxHINTList,2,37,the bag fell off the shelf,4,yes,SNR10dB,E_HT2_37_10db.wav,0,yes
30,420,english,sentence,SpeechBoxHINTList,2,38,they are coming for dinner,5,yes,SNR10dB,E_HT2_38_10db.wav,34,yes
30,420,english,sentence,SpeechBoxHINTList,2,44,sugar is very sweet,4,yes,SNR10dB,E_HT2_44_10db.wav,0,yes
30,420,english,sentence,SpeechBoxHINTList,2,51,the waiter brought the cream,3,no,quiet,E_HT2_51.wav,0,yes
30,420,english,sentence,SpeechBoxHINTList,2,53,the apple pie is good,4,no,quiet,E_HT2_53.wav,99,yes
30,420,english,sentence,SpeechBoxHINTList,2,55,the girl is washing her hair,5,no,quiet,E_HT2_55.wav,34,yes
30,420,english,sentence,SpeechBoxHINTList,2,58,they called an ambulance,3,no,quiet,E_HT2_58.wav,0,yes
30,420,english,sentence,SpeechBoxHINTList,2,60,he climbed up the ladder,4,no,quiet,E_HT2_60.wav,25,yes
31,200,english,sentence,SpeechBoxHINTList,1,1,a boy fell from the window,4,yes,SNR00dB,E_HT1_1_0db.wav,34,yes
31,200,english,sentence,SpeechBoxHINTList,1,2,the wife helped her husband,4,yes,SNR00dB,E_HT1_2_0db.wav,0,yes
31,200,english,sentence,SpeechBoxHINTList,1,3,big dogs can be dangerous,4,yes,SNR00dB,E_HT1_3_0db.wav,0,yes
31,200,english,sentence,SpeechBoxHINTList,1,4,the shoes were very dirty,4,yes,SNR00dB,E_HT1_4_0db.wav,0,yes
31,200,english,sentence,SpeechBoxHINTList,1,5,the player lost a shoe,3,yes,SNR00dB,E_HT1_5_0db.wav,34,yes
31,200,english,sentence,SpeechBoxHINTList,1,6,somebody stole the money,3,yes,SNR00dB,E_HT1_6_0db.wav,34,yes
31,200,english,sentence,SpeechBoxHINTList,1,7,the fire was very hot,4,yes,SNR00dB,E_HT1_7_0db.wav,0,yes
31,200,english,sentence,SpeechBoxHINTList,1,9,the picture came from a book,4,yes,SNR00dB,E_HT1_9_0db.wav,34,yes
31,200,english,sentence,SpeechBoxHINTList,1,10,the car is going too fast,5,yes,SNR00dB,E_HT1_10_0db.wav,0,yes
31,200,english,sentence,SpeechBoxHINTList,1,13,the family likes fish,3,yes,SNR00dB,E_HT1_13_0db.wav,0,yes
31,200,english,sentence,SpeechBoxHINTList,1,16,she argues with her sister,5,yes,SNR00dB,E_HT1_16_0db.wav,34,yes
31,200,english,sentence,SpeechBoxHINTList,1,17,the kitchen window was clean,4,yes,SNR00dB,E_HT1_17_0db.wav,0,yes
31,200,english,sentence,SpeechBoxHINTList,1,22,the table has three legs,4,yes,SNR00dB,E_HT1_22_0db.wav,25,yes
31,200,english,sentence,SpeechBoxHINTList,1,28,the dog is eating some meat,5,yes,SNR00dB,E_HT1_28_0db.wav,25,yes
31,200,english,sentence,SpeechBoxHINTList,1,29,father forgot the bread,3,yes,SNR00dB,E_HT1_29_0db.wav,0,yes
31,200,english,sentence,SpeechBoxHINTList,1,30,the road goes up a hill,4,yes,SNR05dB,E_HT1_30_5db.wav,0,yes
31,200,english,sentence,SpeechBoxHINTList,1,31,the painter uses a brush,3,yes,SNR05dB,E_HT1_31_5db.wav,0,yes
31,200,english,sentence,SpeechBoxHINTList,1,32,the family bought a house,3,yes,SNR05dB,E_HT1_32_5db.wav,34,yes
31,200,english,sentence,SpeechBoxHINTList,1,33,swimmers can hold their breath,5,yes,SNR05dB,E_HT1_33_5db.wav,0,yes
31,200,english,sentence,SpeechBoxHINTList,1,36,the food is expensive,3,yes,SNR05dB,E_HT1_36_5db.wav,50,yes
31,200,english,sentence,SpeechBoxHINTList,1,37,the children are walking home,4,yes,SNR05dB,E_HT1_37_5db.wav,0,yes
31,200,english,sentence,SpeechBoxHINTList,1,44,rain is good for trees,5,yes,SNR05dB,E_HT1_44_5db.wav,34,yes
31,200,english,sentence,SpeechBoxHINTList,1,47,the baby slept all night,4,yes,SNR05dB,E_HT1_47_5db.wav,25,yes
31,200,english,sentence,SpeechBoxHINTList,1,53,flowers can grow in the pot,5,yes,SNR05dB,E_HT1_53_5db.wav,0,yes
31,200,english,sentence,SpeechBoxHINTList,1,58,the match boxes are empty,4,yes,SNR05dB,E_HT1_58_5db.wav,0,yes
31,200,english,sentence,SpeechBoxHINTList,1,60,the dog came home at last,5,yes,SNR05dB,E_HT1_60_5db.wav,0,yes
31,200,english,sentence,SpeechBoxHINTList,2,2,they found his brother hiding,5,yes,SNR05dB,E_HT2_2_5db.wav,34,yes
31,200,english,sentence,SpeechBoxHINTList,2,4,the book tells a story,3,yes,SNR05dB,E_HT2_4_5db.wav,50,yes
31,200,english,sentence,SpeechBoxHINTList,2,6,the milk was by the front door,5,yes,SNR05dB,E_HT2_6_5db.wav,34,yes
31,200,english,sentence,SpeechBoxHINTList,2,8,the new road is on the map,5,yes,SNR05dB,E_HT2_8_5db.wav,0,yes
31,200,english,sentence,SpeechBoxHINTList,2,9,she lost her credit card,5,yes,SNR10dB,E_HT2_9_10db.wav,25,yes
31,200,english,sentence,SpeechBoxHINTList,2,10,the team is playing well,4,yes,SNR10dB,E_HT2_10_10db.wav,34,yes
31,200,english,sentence,SpeechBoxHINTList,2,13,the young people are dancing,4,yes,SNR10dB,E_HT2_13_10db.wav,34,yes
31,200,english,sentence,SpeechBoxHINTList,2,15,the shirts are in the closet,4,yes,SNR10dB,E_HT2_15_10db.wav,0,yes
31,200,english,sentence,SpeechBoxHINTList,2,18,the truck drove up the road,4,yes,SNR10dB,E_HT2_18_10db.wav,0,yes
31,200,english,sentence,SpeechBoxHINTList,2,20,a letter fell on the floor,4,yes,SNR10dB,E_HT2_20_10db.wav,34,yes
31,200,english,sentence,SpeechBoxHINTList,2,23,the football game is over,4,yes,SNR10dB,E_HT2_23_10db.wav,34,yes
31,200,english,sentence,SpeechBoxHINTList,2,26,the children helped their teacher,4,yes,SNR10dB,E_HT2_26_10db.wav,67,yes
31,200,english,sentence,SpeechBoxHINTList,2,27,they carried some shopping bags,5,yes,SNR10dB,E_HT2_27_10db.wav,25,yes
31,200,english,sentence,SpeechBoxHINTList,2,29,she uses her spoon to eat,6,yes,SNR10dB,E_HT2_29_10db.wav,50,yes
31,200,english,sentence,SpeechBoxHINTList,2,33,the dog is chasing the cat,4,yes,SNR10dB,E_HT2_33_10db.wav,67,yes
31,200,english,sentence,SpeechBoxHINTList,2,35,the bus leaves before the train,4,yes,SNR10dB,E_HT2_35_10db.wav,50,yes
31,200,english,sentence,SpeechBoxHINTList,2,37,the bag fell off the shelf,4,yes,SNR10dB,E_HT2_37_10db.wav,0,yes
31,200,english,sentence,SpeechBoxHINTList,2,38,they are coming for dinner,5,yes,SNR10dB,E_HT2_38_10db.wav,34,yes
31,200,english,sentence,SpeechBoxHINTList,2,44,sugar is very sweet,4,yes,SNR10dB,E_HT2_44_10db.wav,34,yes
31,200,english,sentence,SpeechBoxHINTList,2,51,the waiter brought the cream,3,no,quiet,E_HT2_51.wav,34,yes
31,200,english,sentence,SpeechBoxHINTList,2,53,the apple pie is good,4,no,quiet,E_HT2_53.wav,99,yes
31,200,english,sentence,SpeechBoxHINTList,2,55,the girl is washing her hair,5,no,quiet,E_HT2_55.wav,67,yes
31,200,english,sentence,SpeechBoxHINTList,2,58,they called an ambulance,3,no,quiet,E_HT2_58.wav,0,yes
31,200,english,sentence,SpeechBoxHINTList,2,60,he climbed up the ladder,4,no,quiet,E_HT2_60.wav,25,yes
32,500,english,sentence,SpeechBoxHINTList,1,1,a boy fell from the window,4,yes,SNR00dB,E_HT1_1_0db.wav,67,yes
32,500,english,sentence,SpeechBoxHINTList,1,2,the wife helped her husband,4,yes,SNR00dB,E_HT1_2_0db.wav,0,yes
32,500,english,sentence,SpeechBoxHINTList,1,3,big dogs can be dangerous,4,yes,SNR00dB,E_HT1_3_0db.wav,67,yes
32,500,english,sentence,SpeechBoxHINTList,1,4,the shoes were very dirty,4,yes,SNR00dB,E_HT1_4_0db.wav,67,yes
32,500,english,sentence,SpeechBoxHINTList,1,5,the player lost a shoe,3,yes,SNR00dB,E_HT1_5_0db.wav,0,yes
32,500,english,sentence,SpeechBoxHINTList,1,6,somebody stole the money,3,yes,SNR00dB,E_HT1_6_0db.wav,0,yes
32,500,english,sentence,SpeechBoxHINTList,1,7,the fire was very hot,4,yes,SNR00dB,E_HT1_7_0db.wav,67,yes
32,500,english,sentence,SpeechBoxHINTList,1,9,the picture came from a book,4,yes,SNR00dB,E_HT1_9_0db.wav,34,yes
32,500,english,sentence,SpeechBoxHINTList,1,10,the car is going too fast,5,yes,SNR00dB,E_HT1_10_0db.wav,0,yes
32,500,english,sentence,SpeechBoxHINTList,1,13,the family likes fish,3,yes,SNR00dB,E_HT1_13_0db.wav,34,yes
32,500,english,sentence,SpeechBoxHINTList,1,16,she argues with her sister,5,yes,SNR00dB,E_HT1_16_0db.wav,67,yes
32,500,english,sentence,SpeechBoxHINTList,1,17,the kitchen window was clean,4,yes,SNR00dB,E_HT1_17_0db.wav,67,yes
32,500,english,sentence,SpeechBoxHINTList,1,22,the table has three legs,4,yes,SNR00dB,E_HT1_22_0db.wav,50,yes
32,500,english,sentence,SpeechBoxHINTList,1,28,the dog is eating some meat,5,yes,SNR00dB,E_HT1_28_0db.wav,25,yes
32,500,english,sentence,SpeechBoxHINTList,1,29,father forgot the bread,3,yes,SNR00dB,E_HT1_29_0db.wav,0,yes
32,500,english,sentence,SpeechBoxHINTList,1,30,the road goes up a hill,4,yes,SNR05dB,E_HT1_30_5db.wav,0,yes
32,500,english,sentence,SpeechBoxHINTList,1,31,the painter uses a brush,3,yes,SNR05dB,E_HT1_31_5db.wav,67,yes
32,500,english,sentence,SpeechBoxHINTList,1,32,the family bought a house,3,yes,SNR05dB,E_HT1_32_5db.wav,67,yes
32,500,english,sentence,SpeechBoxHINTList,1,33,swimmers can hold their breath,5,yes,SNR05dB,E_HT1_33_5db.wav,0,yes
32,500,english,sentence,SpeechBoxHINTList,1,36,the food is expensive,3,yes,SNR05dB,E_HT1_36_5db.wav,50,yes
32,500,english,sentence,SpeechBoxHINTList,1,37,the children are walking home,4,yes,SNR05dB,E_HT1_37_5db.wav,67,yes
32,500,english,sentence,SpeechBoxHINTList,1,44,rain is good for trees,5,yes,SNR05dB,E_HT1_44_5db.wav,34,yes
32,500,english,sentence,SpeechBoxHINTList,1,47,the baby slept all night,4,yes,SNR05dB,E_HT1_47_5db.wav,25,yes
32,500,english,sentence,SpeechBoxHINTList,1,53,flowers can grow in the pot,5,yes,SNR05dB,E_HT1_53_5db.wav,34,yes
32,500,english,sentence,SpeechBoxHINTList,1,58,the match boxes are empty,4,yes,SNR05dB,E_HT1_58_5db.wav,67,yes
32,500,english,sentence,SpeechBoxHINTList,1,60,the dog came home at last,5,yes,SNR05dB,E_HT1_60_5db.wav,75,yes
32,500,english,sentence,SpeechBoxHINTList,2,2,they found his brother hiding,5,yes,SNR05dB,E_HT2_2_5db.wav,0,yes
32,500,english,sentence,SpeechBoxHINTList,2,4,the book tells a story,3,yes,SNR05dB,E_HT2_4_5db.wav,75,yes
32,500,english,sentence,SpeechBoxHINTList,2,6,the milk was by the front door,5,yes,SNR05dB,E_HT2_6_5db.wav,34,yes
32,500,english,sentence,SpeechBoxHINTList,2,8,the new road is on the map,5,yes,SNR05dB,E_HT2_8_5db.wav,99,yes
32,500,english,sentence,SpeechBoxHINTList,2,9,she lost her credit card,5,yes,SNR10dB,E_HT2_9_10db.wav,0,yes
32,500,english,sentence,SpeechBoxHINTList,2,10,the team is playing well,4,yes,SNR10dB,E_HT2_10_10db.wav,99,yes
32,500,english,sentence,SpeechBoxHINTList,2,13,the young people are dancing,4,yes,SNR10dB,E_HT2_13_10db.wav,34,yes
32,500,english,sentence,SpeechBoxHINTList,2,15,the shirts are in the closet,4,yes,SNR10dB,E_HT2_15_10db.wav,99,yes
32,500,english,sentence,SpeechBoxHINTList,2,18,the truck drove up the road,4,yes,SNR10dB,E_HT2_18_10db.wav,0,yes
32,500,english,sentence,SpeechBoxHINTList,2,20,a letter fell on the floor,4,yes,SNR10dB,E_HT2_20_10db.wav,0,yes
32,500,english,sentence,SpeechBoxHINTList,2,23,the football game is over,4,yes,SNR10dB,E_HT2_23_10db.wav,34,yes
32,500,english,sentence,SpeechBoxHINTList,2,26,the children helped their teacher,4,yes,SNR10dB,E_HT2_26_10db.wav,99,yes
32,500,english,sentence,SpeechBoxHINTList,2,27,they carried some shopping bags,5,yes,SNR10dB,E_HT2_27_10db.wav,25,yes
32,500,english,sentence,SpeechBoxHINTList,2,29,she uses her spoon to eat,6,yes,SNR10dB,E_HT2_29_10db.wav,99,yes
32,500,english,sentence,SpeechBoxHINTList,2,33,the dog is chasing the cat,4,yes,SNR10dB,E_HT2_33_10db.wav,67,yes
32,500,english,sentence,SpeechBoxHINTList,2,35,the bus leaves before the train,4,yes,SNR10dB,E_HT2_35_10db.wav,0,yes
32,500,english,sentence,SpeechBoxHINTList,2,37,the bag fell off the shelf,4,yes,SNR10dB,E_HT2_37_10db.wav,34,yes
32,500,english,sentence,SpeechBoxHINTList,2,38,they are coming for dinner,5,yes,SNR10dB,E_HT2_38_10db.wav,99,yes
32,500,english,sentence,SpeechBoxHINTList,2,44,sugar is very sweet,4,yes,SNR10dB,E_HT2_44_10db.wav,99,yes
32,500,english,sentence,SpeechBoxHINTList,2,51,the waiter brought the cream,3,no,quiet,E_HT2_51.wav,0,yes
32,500,english,sentence,SpeechBoxHINTList,2,53,the apple pie is good,4,no,quiet,E_HT2_53.wav,99,yes
32,500,english,sentence,SpeechBoxHINTList,2,55,the girl is washing her hair,5,no,quiet,E_HT2_55.wav,34,yes
32,500,english,sentence,SpeechBoxHINTList,2,58,they called an ambulance,3,no,quiet,E_HT2_58.wav,34,yes
32,500,english,sentence,SpeechBoxHINTList,2,60,he climbed up the ladder,4,no,quiet,E_HT2_60.wav,50,yes
33,475,english,sentence,SpeechBoxHINTList,1,1,a boy fell from the window,4,yes,SNR00dB,E_HT1_1_0db.wav,34,yes
33,475,english,sentence,SpeechBoxHINTList,1,2,the wife helped her husband,4,yes,SNR00dB,E_HT1_2_0db.wav,0,yes
33,475,english,sentence,SpeechBoxHINTList,1,3,big dogs can be dangerous,4,yes,SNR00dB,E_HT1_3_0db.wav,34,yes
33,475,english,sentence,SpeechBoxHINTList,1,4,the shoes were very dirty,4,yes,SNR00dB,E_HT1_4_0db.wav,0,yes
33,475,english,sentence,SpeechBoxHINTList,1,5,the player lost a shoe,3,yes,SNR00dB,E_HT1_5_0db.wav,0,yes
33,475,english,sentence,SpeechBoxHINTList,1,6,somebody stole the money,3,yes,SNR00dB,E_HT1_6_0db.wav,34,yes
33,475,english,sentence,SpeechBoxHINTList,1,7,the fire was very hot,4,yes,SNR00dB,E_HT1_7_0db.wav,0,yes
33,475,english,sentence,SpeechBoxHINTList,1,9,the picture came from a book,4,yes,SNR00dB,E_HT1_9_0db.wav,34,yes
33,475,english,sentence,SpeechBoxHINTList,1,10,the car is going too fast,5,yes,SNR00dB,E_HT1_10_0db.wav,0,yes
33,475,english,sentence,SpeechBoxHINTList,1,13,the family likes fish,3,yes,SNR00dB,E_HT1_13_0db.wav,0,yes
33,475,english,sentence,SpeechBoxHINTList,1,16,she argues with her sister,5,yes,SNR00dB,E_HT1_16_0db.wav,34,yes
33,475,english,sentence,SpeechBoxHINTList,1,17,the kitchen window was clean,4,yes,SNR00dB,E_HT1_17_0db.wav,0,yes
33,475,english,sentence,SpeechBoxHINTList,1,22,the table has three legs,4,yes,SNR00dB,E_HT1_22_0db.wav,25,yes
33,475,english,sentence,SpeechBoxHINTList,1,28,the dog is eating some meat,5,yes,SNR00dB,E_HT1_28_0db.wav,0,yes
33,475,english,sentence,SpeechBoxHINTList,1,29,father forgot the bread,3,yes,SNR00dB,E_HT1_29_0db.wav,0,yes
33,475,english,sentence,SpeechBoxHINTList,1,30,the road goes up a hill,4,yes,SNR05dB,E_HT1_30_5db.wav,0,yes
33,475,english,sentence,SpeechBoxHINTList,1,31,the painter uses a brush,3,yes,SNR05dB,E_HT1_31_5db.wav,0,yes
33,475,english,sentence,SpeechBoxHINTList,1,32,the family bought a house,3,yes,SNR05dB,E_HT1_32_5db.wav,0,yes
33,475,english,sentence,SpeechBoxHINTList,1,33,swimmers can hold their breath,5,yes,SNR05dB,E_HT1_33_5db.wav,0,yes
33,475,english,sentence,SpeechBoxHINTList,1,36,the food is expensive,3,yes,SNR05dB,E_HT1_36_5db.wav,99,yes
33,475,english,sentence,SpeechBoxHINTList,1,37,the children are walking home,4,yes,SNR05dB,E_HT1_37_5db.wav,0,yes
33,475,english,sentence,SpeechBoxHINTList,1,44,rain is good for trees,5,yes,SNR05dB,E_HT1_44_5db.wav,0,yes
33,475,english,sentence,SpeechBoxHINTList,1,47,the baby slept all night,4,yes,SNR05dB,E_HT1_47_5db.wav,0,yes
33,475,english,sentence,SpeechBoxHINTList,1,53,flowers can grow in the pot,5,yes,SNR05dB,E_HT1_53_5db.wav,0,yes
33,475,english,sentence,SpeechBoxHINTList,1,58,the match boxes are empty,4,yes,SNR05dB,E_HT1_58_5db.wav,34,yes
33,475,english,sentence,SpeechBoxHINTList,1,60,the dog came home at last,5,yes,SNR05dB,E_HT1_60_5db.wav,25,yes
33,475,english,sentence,SpeechBoxHINTList,2,2,they found his brother hiding,5,yes,SNR05dB,E_HT2_2_5db.wav,0,yes
33,475,english,sentence,SpeechBoxHINTList,2,4,the book tells a story,3,yes,SNR05dB,E_HT2_4_5db.wav,25,yes
33,475,english,sentence,SpeechBoxHINTList,2,6,the milk was by the front door,5,yes,SNR05dB,E_HT2_6_5db.wav,34,yes
33,475,english,sentence,SpeechBoxHINTList,2,8,the new road is on the map,5,yes,SNR05dB,E_HT2_8_5db.wav,0,yes
33,475,english,sentence,SpeechBoxHINTList,2,9,she lost her credit card,5,yes,SNR10dB,E_HT2_9_10db.wav,0,yes
33,475,english,sentence,SpeechBoxHINTList,2,10,the team is playing well,4,yes,SNR10dB,E_HT2_10_10db.wav,99,yes
33,475,english,sentence,SpeechBoxHINTList,2,13,the young people are dancing,4,yes,SNR10dB,E_HT2_13_10db.wav,34,yes
33,475,english,sentence,SpeechBoxHINTList,2,15,the shirts are in the closet,4,yes,SNR10dB,E_HT2_15_10db.wav,50,yes
33,475,english,sentence,SpeechBoxHINTList,2,18,the truck drove up the road,4,yes,SNR10dB,E_HT2_18_10db.wav,0,yes
33,475,english,sentence,SpeechBoxHINTList,2,20,a letter fell on the floor,4,yes,SNR10dB,E_HT2_20_10db.wav,0,yes
33,475,english,sentence,SpeechBoxHINTList,2,23,the football game is over,4,yes,SNR10dB,E_HT2_23_10db.wav,67,yes
33,475,english,sentence,SpeechBoxHINTList,2,26,the children helped their teacher,4,yes,SNR10dB,E_HT2_26_10db.wav,34,yes
33,475,english,sentence,SpeechBoxHINTList,2,27,they carried some shopping bags,5,yes,SNR10dB,E_HT2_27_10db.wav,25,yes
33,475,english,sentence,SpeechBoxHINTList,2,29,she uses her spoon to eat,6,yes,SNR10dB,E_HT2_29_10db.wav,25,yes
33,475,english,sentence,SpeechBoxHINTList,2,33,the dog is chasing the cat,4,yes,SNR10dB,E_HT2_33_10db.wav,34,yes
33,475,english,sentence,SpeechBoxHINTList,2,35,the bus leaves before the train,4,yes,SNR10dB,E_HT2_35_10db.wav,25,yes
33,475,english,sentence,SpeechBoxHINTList,2,37,the bag fell off the shelf,4,yes,SNR10dB,E_HT2_37_10db.wav,0,yes
33,475,english,sentence,SpeechBoxHINTList,2,38,they are coming for dinner,5,yes,SNR10dB,E_HT2_38_10db.wav,0,yes
33,475,english,sentence,SpeechBoxHINTList,2,44,sugar is very sweet,4,yes,SNR10dB,E_HT2_44_10db.wav,0,yes
33,475,english,sentence,SpeechBoxHINTList,2,51,the waiter brought the cream,3,no,quiet,E_HT2_51.wav,0,yes
33,475,english,sentence,SpeechBoxHINTList,2,53,the apple pie is good,4,no,quiet,E_HT2_53.wav,99,yes
33,475,english,sentence,SpeechBoxHINTList,2,55,the girl is washing her hair,5,no,quiet,E_HT2_55.wav,34,yes
33,475,english,sentence,SpeechBoxHINTList,2,58,they called an ambulance,3,no,quiet,E_HT2_58.wav,0,yes
33,475,english,sentence,SpeechBoxHINTList,2,60,he climbed up the ladder,4,no,quiet,E_HT2_60.wav,0,yes
34,420,english,sentence,SpeechBoxHINTList,1,1,a boy fell from the window,4,yes,SNR00dB,E_HT1_1_0db.wav,34,yes
34,420,english,sentence,SpeechBoxHINTList,1,2,the wife helped her husband,4,yes,SNR00dB,E_HT1_2_0db.wav,0,yes
34,420,english,sentence,SpeechBoxHINTList,1,3,big dogs can be dangerous,4,yes,SNR00dB,E_HT1_3_0db.wav,67,yes
34,420,english,sentence,SpeechBoxHINTList,1,4,the shoes were very dirty,4,yes,SNR00dB,E_HT1_4_0db.wav,67,yes
34,420,english,sentence,SpeechBoxHINTList,1,5,the player lost a shoe,3,yes,SNR00dB,E_HT1_5_0db.wav,34,yes
34,420,english,sentence,SpeechBoxHINTList,1,6,somebody stole the money,3,yes,SNR00dB,E_HT1_6_0db.wav,34,yes
34,420,english,sentence,SpeechBoxHINTList,1,7,the fire was very hot,4,yes,SNR00dB,E_HT1_7_0db.wav,34,yes
34,420,english,sentence,SpeechBoxHINTList,1,9,the picture came from a book,4,yes,SNR00dB,E_HT1_9_0db.wav,34,yes
34,420,english,sentence,SpeechBoxHINTList,1,10,the car is going too fast,5,yes,SNR00dB,E_HT1_10_0db.wav,25,yes
34,420,english,sentence,SpeechBoxHINTList,1,13,the family likes fish,3,yes,SNR00dB,E_HT1_13_0db.wav,34,yes
34,420,english,sentence,SpeechBoxHINTList,1,16,she argues with her sister,5,yes,SNR00dB,E_HT1_16_0db.wav,34,yes
34,420,english,sentence,SpeechBoxHINTList,1,17,the kitchen window was clean,4,yes,SNR00dB,E_HT1_17_0db.wav,0,yes
34,420,english,sentence,SpeechBoxHINTList,1,22,the table has three legs,4,yes,SNR00dB,E_HT1_22_0db.wav,25,yes
34,420,english,sentence,SpeechBoxHINTList,1,28,the dog is eating some meat,5,yes,SNR00dB,E_HT1_28_0db.wav,25,yes
34,420,english,sentence,SpeechBoxHINTList,1,29,father forgot the bread,3,yes,SNR00dB,E_HT1_29_0db.wav,0,yes
34,420,english,sentence,SpeechBoxHINTList,1,30,the road goes up a hill,4,yes,SNR05dB,E_HT1_30_5db.wav,0,yes
34,420,english,sentence,SpeechBoxHINTList,1,31,the painter uses a brush,3,yes,SNR05dB,E_HT1_31_5db.wav,0,yes
34,420,english,sentence,SpeechBoxHINTList,1,32,the family bought a house,3,yes,SNR05dB,E_HT1_32_5db.wav,0,yes
34,420,english,sentence,SpeechBoxHINTList,1,33,swimmers can hold their breath,5,yes,SNR05dB,E_HT1_33_5db.wav,0,yes
34,420,english,sentence,SpeechBoxHINTList,1,36,the food is expensive,3,yes,SNR05dB,E_HT1_36_5db.wav,50,yes
34,420,english,sentence,SpeechBoxHINTList,1,37,the children are walking home,4,yes,SNR05dB,E_HT1_37_5db.wav,34,yes
34,420,english,sentence,SpeechBoxHINTList,1,44,rain is good for trees,5,yes,SNR05dB,E_HT1_44_5db.wav,34,yes
34,420,english,sentence,SpeechBoxHINTList,1,47,the baby slept all night,4,yes,SNR05dB,E_HT1_47_5db.wav,25,yes
34,420,english,sentence,SpeechBoxHINTList,1,53,flowers can grow in the pot,5,yes,SNR05dB,E_HT1_53_5db.wav,0,yes
34,420,english,sentence,SpeechBoxHINTList,1,58,the match boxes are empty,4,yes,SNR05dB,E_HT1_58_5db.wav,0,yes
34,420,english,sentence,SpeechBoxHINTList,1,60,the dog came home at last,5,yes,SNR05dB,E_HT1_60_5db.wav,25,yes
34,420,english,sentence,SpeechBoxHINTList,2,2,they found his brother hiding,5,yes,SNR05dB,E_HT2_2_5db.wav,0,yes
34,420,english,sentence,SpeechBoxHINTList,2,4,the book tells a story,3,yes,SNR05dB,E_HT2_4_5db.wav,50,yes
34,420,english,sentence,SpeechBoxHINTList,2,6,the milk was by the front door,5,yes,SNR05dB,E_HT2_6_5db.wav,34,yes
34,420,english,sentence,SpeechBoxHINTList,2,8,the new road is on the map,5,yes,SNR05dB,E_HT2_8_5db.wav,34,yes
34,420,english,sentence,SpeechBoxHINTList,2,9,she lost her credit card,5,yes,SNR10dB,E_HT2_9_10db.wav,25,yes
34,420,english,sentence,SpeechBoxHINTList,2,10,the team is playing well,4,yes,SNR10dB,E_HT2_10_10db.wav,34,yes
34,420,english,sentence,SpeechBoxHINTList,2,13,the young people are dancing,4,yes,SNR10dB,E_HT2_13_10db.wav,34,yes
34,420,english,sentence,SpeechBoxHINTList,2,15,the shirts are in the closet,4,yes,SNR10dB,E_HT2_15_10db.wav,0,yes
34,420,english,sentence,SpeechBoxHINTList,2,18,the truck drove up the road,4,yes,SNR10dB,E_HT2_18_10db.wav,0,yes
34,420,english,sentence,SpeechBoxHINTList,2,20,a letter fell on the floor,4,yes,SNR10dB,E_HT2_20_10db.wav,0,yes
34,420,english,sentence,SpeechBoxHINTList,2,23,the football game is over,4,yes,SNR10dB,E_HT2_23_10db.wav,34,yes
34,420,english,sentence,SpeechBoxHINTList,2,26,the children helped their teacher,4,yes,SNR10dB,E_HT2_26_10db.wav,67,yes
34,420,english,sentence,SpeechBoxHINTList,2,27,they carried some shopping bags,5,yes,SNR10dB,E_HT2_27_10db.wav,25,yes
34,420,english,sentence,SpeechBoxHINTList,2,29,she uses her spoon to eat,6,yes,SNR10dB,E_HT2_29_10db.wav,75,yes
34,420,english,sentence,SpeechBoxHINTList,2,33,the dog is chasing the cat,4,yes,SNR10dB,E_HT2_33_10db.wav,67,yes
34,420,english,sentence,SpeechBoxHINTList,2,35,the bus leaves before the train,4,yes,SNR10dB,E_HT2_35_10db.wav,50,yes
34,420,english,sentence,SpeechBoxHINTList,2,37,the bag fell off the shelf,4,yes,SNR10dB,E_HT2_37_10db.wav,34,yes
34,420,english,sentence,SpeechBoxHINTList,2,38,they are coming for dinner,5,yes,SNR10dB,E_HT2_38_10db.wav,34,yes
34,420,english,sentence,SpeechBoxHINTList,2,44,sugar is very sweet,4,yes,SNR10dB,E_HT2_44_10db.wav,99,yes
34,420,english,sentence,SpeechBoxHINTList,2,51,the waiter brought the cream,3,no,quiet,E_HT2_51.wav,0,yes
34,420,english,sentence,SpeechBoxHINTList,2,53,the apple pie is good,4,no,quiet,E_HT2_53.wav,34,yes
34,420,english,sentence,SpeechBoxHINTList,2,55,the girl is washing her hair,5,no,quiet,E_HT2_55.wav,34,yes
34,420,english,sentence,SpeechBoxHINTList,2,58,they called an ambulance,3,no,quiet,E_HT2_58.wav,34,yes
34,420,english,sentence,SpeechBoxHINTList,2,60,he climbed up the ladder,4,no,quiet,E_HT2_60.wav,25,yes
35,450,english,sentence,SpeechBoxHINTList,1,1,a boy fell from the window,4,yes,SNR00dB,E_HT1_1_0db.wav,34,yes
35,450,english,sentence,SpeechBoxHINTList,1,2,the wife helped her husband,4,yes,SNR00dB,E_HT1_2_0db.wav,0,yes
35,450,english,sentence,SpeechBoxHINTList,1,3,big dogs can be dangerous,4,yes,SNR00dB,E_HT1_3_0db.wav,67,yes
35,450,english,sentence,SpeechBoxHINTList,1,4,the shoes were very dirty,4,yes,SNR00dB,E_HT1_4_0db.wav,34,yes
35,450,english,sentence,SpeechBoxHINTList,1,5,the player lost a shoe,3,yes,SNR00dB,E_HT1_5_0db.wav,34,yes
35,450,english,sentence,SpeechBoxHINTList,1,6,somebody stole the money,3,yes,SNR00dB,E_HT1_6_0db.wav,0,yes
35,450,english,sentence,SpeechBoxHINTList,1,7,the fire was very hot,4,yes,SNR00dB,E_HT1_7_0db.wav,34,yes
35,450,english,sentence,SpeechBoxHINTList,1,9,the picture came from a book,4,yes,SNR00dB,E_HT1_9_0db.wav,99,yes
35,450,english,sentence,SpeechBoxHINTList,1,10,the car is going too fast,5,yes,SNR00dB,E_HT1_10_0db.wav,50,yes
35,450,english,sentence,SpeechBoxHINTList,1,13,the family likes fish,3,yes,SNR00dB,E_HT1_13_0db.wav,34,yes
35,450,english,sentence,SpeechBoxHINTList,1,16,she argues with her sister,5,yes,SNR00dB,E_HT1_16_0db.wav,67,yes
35,450,english,sentence,SpeechBoxHINTList,1,17,the kitchen window was clean,4,yes,SNR00dB,E_HT1_17_0db.wav,0,yes
35,450,english,sentence,SpeechBoxHINTList,1,22,the table has three legs,4,yes,SNR00dB,E_HT1_22_0db.wav,25,yes
35,450,english,sentence,SpeechBoxHINTList,1,28,the dog is eating some meat,5,yes,SNR00dB,E_HT1_28_0db.wav,25,yes
35,450,english,sentence,SpeechBoxHINTList,1,29,father forgot the bread,3,yes,SNR00dB,E_HT1_29_0db.wav,34,yes
35,450,english,sentence,SpeechBoxHINTList,1,30,the road goes up a hill,4,yes,SNR05dB,E_HT1_30_5db.wav,0,yes
35,450,english,sentence,SpeechBoxHINTList,1,31,the painter uses a brush,3,yes,SNR05dB,E_HT1_31_5db.wav,67,yes
35,450,english,sentence,SpeechBoxHINTList,1,32,the family bought a house,3,yes,SNR05dB,E_HT1_32_5db.wav,99,yes
35,450,english,sentence,SpeechBoxHINTList,1,33,swimmers can hold their breath,5,yes,SNR05dB,E_HT1_33_5db.wav,0,yes
35,450,english,sentence,SpeechBoxHINTList,1,36,the food is expensive,3,yes,SNR05dB,E_HT1_36_5db.wav,50,yes
35,450,english,sentence,SpeechBoxHINTList,1,37,the children are walking home,4,yes,SNR05dB,E_HT1_37_5db.wav,67,yes
35,450,english,sentence,SpeechBoxHINTList,1,44,rain is good for trees,5,yes,SNR05dB,E_HT1_44_5db.wav,34,yes
35,450,english,sentence,SpeechBoxHINTList,1,47,the baby slept all night,4,yes,SNR05dB,E_HT1_47_5db.wav,25,yes
35,450,english,sentence,SpeechBoxHINTList,1,53,flowers can grow in the pot,5,yes,SNR05dB,E_HT1_53_5db.wav,0,yes
35,450,english,sentence,SpeechBoxHINTList,1,58,the match boxes are empty,4,yes,SNR05dB,E_HT1_58_5db.wav,67,yes
35,450,english,sentence,SpeechBoxHINTList,1,60,the dog came home at last,5,yes,SNR05dB,E_HT1_60_5db.wav,50,yes
35,450,english,sentence,SpeechBoxHINTList,2,2,they found his brother hiding,5,yes,SNR05dB,E_HT2_2_5db.wav,0,yes
35,450,english,sentence,SpeechBoxHINTList,2,4,the book tells a story,3,yes,SNR05dB,E_HT2_4_5db.wav,50,yes
35,450,english,sentence,SpeechBoxHINTList,2,6,the milk was by the front door,5,yes,SNR05dB,E_HT2_6_5db.wav,34,yes
35,450,english,sentence,SpeechBoxHINTList,2,8,the new road is on the map,5,yes,SNR05dB,E_HT2_8_5db.wav,34,yes
35,450,english,sentence,SpeechBoxHINTList,2,9,she lost her credit card,5,yes,SNR10dB,E_HT2_9_10db.wav,25,yes
35,450,english,sentence,SpeechBoxHINTList,2,10,the team is playing well,4,yes,SNR10dB,E_HT2_10_10db.wav,99,yes
35,450,english,sentence,SpeechBoxHINTList,2,13,the young people are dancing,4,yes,SNR10dB,E_HT2_13_10db.wav,67,yes
35,450,english,sentence,SpeechBoxHINTList,2,15,the shirts are in the closet,4,yes,SNR10dB,E_HT2_15_10db.wav,50,yes
35,450,english,sentence,SpeechBoxHINTList,2,18,the truck drove up the road,4,yes,SNR10dB,E_HT2_18_10db.wav,0,yes
35,450,english,sentence,SpeechBoxHINTList,2,20,a letter fell on the floor,4,yes,SNR10dB,E_HT2_20_10db.wav,0,yes
35,450,english,sentence,SpeechBoxHINTList,2,23,the football game is over,4,yes,SNR10dB,E_HT2_23_10db.wav,67,yes
35,450,english,sentence,SpeechBoxHINTList,2,26,the children helped their teacher,4,yes,SNR10dB,E_HT2_26_10db.wav,34,yes
35,450,english,sentence,SpeechBoxHINTList,2,27,they carried some shopping bags,5,yes,SNR10dB,E_HT2_27_10db.wav,25,yes
35,450,english,sentence,SpeechBoxHINTList,2,29,she uses her spoon to eat,6,yes,SNR10dB,E_HT2_29_10db.wav,75,yes
35,450,english,sentence,SpeechBoxHINTList,2,33,the dog is chasing the cat,4,yes,SNR10dB,E_HT2_33_10db.wav,67,yes
35,450,english,sentence,SpeechBoxHINTList,2,35,the bus leaves before the train,4,yes,SNR10dB,E_HT2_35_10db.wav,75,yes
35,450,english,sentence,SpeechBoxHINTList,2,37,the bag fell off the shelf,4,yes,SNR10dB,E_HT2_37_10db.wav,34,yes
35,450,english,sentence,SpeechBoxHINTList,2,38,they are coming for dinner,5,yes,SNR10dB,E_HT2_38_10db.wav,34,yes
35,450,english,sentence,SpeechBoxHINTList,2,44,sugar is very sweet,4,yes,SNR10dB,E_HT2_44_10db.wav,99,yes
35,450,english,sentence,SpeechBoxHINTList,2,51,the waiter brought the cream,3,no,quiet,E_HT2_51.wav,0,yes
35,450,english,sentence,SpeechBoxHINTList,2,53,the apple pie is good,4,no,quiet,E_HT2_53.wav,99,yes
35,450,english,sentence,SpeechBoxHINTList,2,55,the girl is washing her hair,5,no,quiet,E_HT2_55.wav,67,yes
35,450,english,sentence,SpeechBoxHINTList,2,58,they called an ambulance,3,no,quiet,E_HT2_58.wav,0,yes
35,450,english,sentence,SpeechBoxHINTList,2,60,he climbed up the ladder,4,no,quiet,E_HT2_60.wav,25,yes
36,440,english,sentence,SpeechBoxHINTList,1,1,a boy fell from the window,4,yes,SNR00dB,E_HT1_1_0db.wav,34,yes
36,440,english,sentence,SpeechBoxHINTList,1,2,the wife helped her husband,4,yes,SNR00dB,E_HT1_2_0db.wav,0,yes
36,440,english,sentence,SpeechBoxHINTList,1,3,big dogs can be dangerous,4,yes,SNR00dB,E_HT1_3_0db.wav,67,yes
36,440,english,sentence,SpeechBoxHINTList,1,4,the shoes were very dirty,4,yes,SNR00dB,E_HT1_4_0db.wav,67,yes
36,440,english,sentence,SpeechBoxHINTList,1,5,the player lost a shoe,3,yes,SNR00dB,E_HT1_5_0db.wav,67,yes
36,440,english,sentence,SpeechBoxHINTList,1,6,somebody stole the money,3,yes,SNR00dB,E_HT1_6_0db.wav,34,yes
36,440,english,sentence,SpeechBoxHINTList,1,7,the fire was very hot,4,yes,SNR00dB,E_HT1_7_0db.wav,34,yes
36,440,english,sentence,SpeechBoxHINTList,1,9,the picture came from a book,4,yes,SNR00dB,E_HT1_9_0db.wav,99,yes
36,440,english,sentence,SpeechBoxHINTList,1,10,the car is going too fast,5,yes,SNR00dB,E_HT1_10_0db.wav,50,yes
36,440,english,sentence,SpeechBoxHINTList,1,13,the family likes fish,3,yes,SNR00dB,E_HT1_13_0db.wav,67,yes
36,440,english,sentence,SpeechBoxHINTList,1,16,she argues with her sister,5,yes,SNR00dB,E_HT1_16_0db.wav,67,yes
36,440,english,sentence,SpeechBoxHINTList,1,17,the kitchen window was clean,4,yes,SNR00dB,E_HT1_17_0db.wav,99,yes
36,440,english,sentence,SpeechBoxHINTList,1,22,the table has three legs,4,yes,SNR00dB,E_HT1_22_0db.wav,99,yes
36,440,english,sentence,SpeechBoxHINTList,1,28,the dog is eating some meat,5,yes,SNR00dB,E_HT1_28_0db.wav,25,yes
36,440,english,sentence,SpeechBoxHINTList,1,29,father forgot the bread,3,yes,SNR00dB,E_HT1_29_0db.wav,34,yes
36,440,english,sentence,SpeechBoxHINTList,1,30,the road goes up a hill,4,yes,SNR05dB,E_HT1_30_5db.wav,0,yes
36,440,english,sentence,SpeechBoxHINTList,1,31,the painter uses a brush,3,yes,SNR05dB,E_HT1_31_5db.wav,67,yes
36,440,english,sentence,SpeechBoxHINTList,1,32,the family bought a house,3,yes,SNR05dB,E_HT1_32_5db.wav,99,yes
36,440,english,sentence,SpeechBoxHINTList,1,33,swimmers can hold their breath,5,yes,SNR05dB,E_HT1_33_5db.wav,0,yes
36,440,english,sentence,SpeechBoxHINTList,1,36,the food is expensive,3,yes,SNR05dB,E_HT1_36_5db.wav,99,yes
36,440,english,sentence,SpeechBoxHINTList,1,37,the children are walking home,4,yes,SNR05dB,E_HT1_37_5db.wav,99,yes
36,440,english,sentence,SpeechBoxHINTList,1,44,rain is good for trees,5,yes,SNR05dB,E_HT1_44_5db.wav,99,yes
36,440,english,sentence,SpeechBoxHINTList,1,47,the baby slept all night,4,yes,SNR05dB,E_HT1_47_5db.wav,75,yes
36,440,english,sentence,SpeechBoxHINTList,1,53,flowers can grow in the pot,5,yes,SNR05dB,E_HT1_53_5db.wav,34,yes
36,440,english,sentence,SpeechBoxHINTList,1,58,the match boxes are empty,4,yes,SNR05dB,E_HT1_58_5db.wav,99,yes
36,440,english,sentence,SpeechBoxHINTList,1,60,the dog came home at last,5,yes,SNR05dB,E_HT1_60_5db.wav,99,yes
36,440,english,sentence,SpeechBoxHINTList,2,2,they found his brother hiding,5,yes,SNR05dB,E_HT2_2_5db.wav,0,yes
36,440,english,sentence,SpeechBoxHINTList,2,4,the book tells a story,3,yes,SNR05dB,E_HT2_4_5db.wav,75,yes
36,440,english,sentence,SpeechBoxHINTList,2,6,the milk was by the front door,5,yes,SNR05dB,E_HT2_6_5db.wav,67,yes
36,440,english,sentence,SpeechBoxHINTList,2,8,the new road is on the map,5,yes,SNR05dB,E_HT2_8_5db.wav,67,yes
36,440,english,sentence,SpeechBoxHINTList,2,9,she lost her credit card,5,yes,SNR10dB,E_HT2_9_10db.wav,99,yes
36,440,english,sentence,SpeechBoxHINTList,2,10,the team is playing well,4,yes,SNR10dB,E_HT2_10_10db.wav,99,yes
36,440,english,sentence,SpeechBoxHINTList,2,13,the young people are dancing,4,yes,SNR10dB,E_HT2_13_10db.wav,67,yes
36,440,english,sentence,SpeechBoxHINTList,2,15,the shirts are in the closet,4,yes,SNR10dB,E_HT2_15_10db.wav,50,yes
36,440,english,sentence,SpeechBoxHINTList,2,18,the truck drove up the road,4,yes,SNR10dB,E_HT2_18_10db.wav,0,yes
36,440,english,sentence,SpeechBoxHINTList,2,20,a letter fell on the floor,4,yes,SNR10dB,E_HT2_20_10db.wav,67,yes
36,440,english,sentence,SpeechBoxHINTList,2,23,the football game is over,4,yes,SNR10dB,E_HT2_23_10db.wav,34,yes
36,440,english,sentence,SpeechBoxHINTList,2,26,the children helped their teacher,4,yes,SNR10dB,E_HT2_26_10db.wav,99,yes
36,440,english,sentence,SpeechBoxHINTList,2,27,they carried some shopping bags,5,yes,SNR10dB,E_HT2_27_10db.wav,75,yes
36,440,english,sentence,SpeechBoxHINTList,2,29,she uses her spoon to eat,6,yes,SNR10dB,E_HT2_29_10db.wav,99,yes
36,440,english,sentence,SpeechBoxHINTList,2,33,the dog is chasing the cat,4,yes,SNR10dB,E_HT2_33_10db.wav,99,yes
36,440,english,sentence,SpeechBoxHINTList,2,35,the bus leaves before the train,4,yes,SNR10dB,E_HT2_35_10db.wav,99,yes
36,440,english,sentence,SpeechBoxHINTList,2,37,the bag fell off the shelf,4,yes,SNR10dB,E_HT2_37_10db.wav,0,yes
36,440,english,sentence,SpeechBoxHINTList,2,38,they are coming for dinner,5,yes,SNR10dB,E_HT2_38_10db.wav,67,yes
36,440,english,sentence,SpeechBoxHINTList,2,44,sugar is very sweet,4,yes,SNR10dB,E_HT2_44_10db.wav,67,yes
36,440,english,sentence,SpeechBoxHINTList,2,51,the waiter brought the cream,3,no,quiet,E_HT2_51.wav,0,yes
36,440,english,sentence,SpeechBoxHINTList,2,53,the apple pie is good,4,no,quiet,E_HT2_53.wav,99,yes
36,440,english,sentence,SpeechBoxHINTList,2,55,the girl is washing her hair,5,no,quiet,E_HT2_55.wav,99,yes
36,440,english,sentence,SpeechBoxHINTList,2,58,they called an ambulance,3,no,quiet,E_HT2_58.wav,99,yes
36,440,english,sentence,SpeechBoxHINTList,2,60,he climbed up the ladder,4,no,quiet,E_HT2_60.wav,25,yes
37,630,english,sentence,SpeechBoxHINTList,1,1,a boy fell from the window,4,yes,SNR00dB,E_HT1_1_0db.wav,34,yes
37,630,english,sentence,SpeechBoxHINTList,1,2,the wife helped her husband,4,yes,SNR00dB,E_HT1_2_0db.wav,0,yes
37,630,english,sentence,SpeechBoxHINTList,1,3,big dogs can be dangerous,4,yes,SNR00dB,E_HT1_3_0db.wav,67,yes
37,630,english,sentence,SpeechBoxHINTList,1,4,the shoes were very dirty,4,yes,SNR00dB,E_HT1_4_0db.wav,34,yes
37,630,english,sentence,SpeechBoxHINTList,1,5,the player lost a shoe,3,yes,SNR00dB,E_HT1_5_0db.wav,99,yes
37,630,english,sentence,SpeechBoxHINTList,1,6,somebody stole the money,3,yes,SNR00dB,E_HT1_6_0db.wav,67,yes
37,630,english,sentence,SpeechBoxHINTList,1,7,the fire was very hot,4,yes,SNR00dB,E_HT1_7_0db.wav,34,yes
37,630,english,sentence,SpeechBoxHINTList,1,9,the picture came from a book,4,yes,SNR00dB,E_HT1_9_0db.wav,99,yes
37,630,english,sentence,SpeechBoxHINTList,1,10,the car is going too fast,5,yes,SNR00dB,E_HT1_10_0db.wav,75,yes
37,630,english,sentence,SpeechBoxHINTList,1,13,the family likes fish,3,yes,SNR00dB,E_HT1_13_0db.wav,0,yes
37,630,english,sentence,SpeechBoxHINTList,1,16,she argues with her sister,5,yes,SNR00dB,E_HT1_16_0db.wav,67,yes
37,630,english,sentence,SpeechBoxHINTList,1,17,the kitchen window was clean,4,yes,SNR00dB,E_HT1_17_0db.wav,67,yes
37,630,english,sentence,SpeechBoxHINTList,1,22,the table has three legs,4,yes,SNR00dB,E_HT1_22_0db.wav,50,yes
37,630,english,sentence,SpeechBoxHINTList,1,28,the dog is eating some meat,5,yes,SNR00dB,E_HT1_28_0db.wav,25,yes
37,630,english,sentence,SpeechBoxHINTList,1,29,father forgot the bread,3,yes,SNR00dB,E_HT1_29_0db.wav,34,yes
37,630,english,sentence,SpeechBoxHINTList,1,30,the road goes up a hill,4,yes,SNR05dB,E_HT1_30_5db.wav,25,yes
37,630,english,sentence,SpeechBoxHINTList,1,31,the painter uses a brush,3,yes,SNR05dB,E_HT1_31_5db.wav,34,yes
37,630,english,sentence,SpeechBoxHINTList,1,32,the family bought a house,3,yes,SNR05dB,E_HT1_32_5db.wav,0,yes
37,630,english,sentence,SpeechBoxHINTList,1,33,swimmers can hold their breath,5,yes,SNR05dB,E_HT1_33_5db.wav,0,yes
37,630,english,sentence,SpeechBoxHINTList,1,36,the food is expensive,3,yes,SNR05dB,E_HT1_36_5db.wav,50,yes
37,630,english,sentence,SpeechBoxHINTList,1,37,the children are walking home,4,yes,SNR05dB,E_HT1_37_5db.wav,67,yes
37,630,english,sentence,SpeechBoxHINTList,1,44,rain is good for trees,5,yes,SNR05dB,E_HT1_44_5db.wav,34,yes
37,630,english,sentence,SpeechBoxHINTList,1,47,the baby slept all night,4,yes,SNR05dB,E_HT1_47_5db.wav,50,yes
37,630,english,sentence,SpeechBoxHINTList,1,53,flowers can grow in the pot,5,yes,SNR05dB,E_HT1_53_5db.wav,0,yes
37,630,english,sentence,SpeechBoxHINTList,1,58,the match boxes are empty,4,yes,SNR05dB,E_HT1_58_5db.wav,67,yes
37,630,english,sentence,SpeechBoxHINTList,1,60,the dog came home at last,5,yes,SNR05dB,E_HT1_60_5db.wav,25,yes
37,630,english,sentence,SpeechBoxHINTList,2,2,they found his brother hiding,5,yes,SNR05dB,E_HT2_2_5db.wav,67,yes
37,630,english,sentence,SpeechBoxHINTList,2,4,the book tells a story,3,yes,SNR05dB,E_HT2_4_5db.wav,50,yes
37,630,english,sentence,SpeechBoxHINTList,2,6,the milk was by the front door,5,yes,SNR05dB,E_HT2_6_5db.wav,34,yes
37,630,english,sentence,SpeechBoxHINTList,2,8,the new road is on the map,5,yes,SNR05dB,E_HT2_8_5db.wav,34,yes
37,630,english,sentence,SpeechBoxHINTList,2,9,she lost her credit card,5,yes,SNR10dB,E_HT2_9_10db.wav,0,yes
37,630,english,sentence,SpeechBoxHINTList,2,10,the team is playing well,4,yes,SNR10dB,E_HT2_10_10db.wav,99,yes
37,630,english,sentence,SpeechBoxHINTList,2,13,the young people are dancing,4,yes,SNR10dB,E_HT2_13_10db.wav,99,yes
37,630,english,sentence,SpeechBoxHINTList,2,15,the shirts are in the closet,4,yes,SNR10dB,E_HT2_15_10db.wav,50,yes
37,630,english,sentence,SpeechBoxHINTList,2,18,the truck drove up the road,4,yes,SNR10dB,E_HT2_18_10db.wav,75,yes
37,630,english,sentence,SpeechBoxHINTList,2,20,a letter fell on the floor,4,yes,SNR10dB,E_HT2_20_10db.wav,34,yes
37,630,english,sentence,SpeechBoxHINTList,2,23,the football game is over,4,yes,SNR10dB,E_HT2_23_10db.wav,99,yes
37,630,english,sentence,SpeechBoxHINTList,2,26,the children helped their teacher,4,yes,SNR10dB,E_HT2_26_10db.wav,99,yes
37,630,english,sentence,SpeechBoxHINTList,2,27,they carried some shopping bags,5,yes,SNR10dB,E_HT2_27_10db.wav,50,yes
37,630,english,sentence,SpeechBoxHINTList,2,29,she uses her spoon to eat,6,yes,SNR10dB,E_HT2_29_10db.wav,75,yes
37,630,english,sentence,SpeechBoxHINTList,2,33,the dog is chasing the cat,4,yes,SNR10dB,E_HT2_33_10db.wav,99,yes
37,630,english,sentence,SpeechBoxHINTList,2,35,the bus leaves before the train,4,yes,SNR10dB,E_HT2_35_10db.wav,25,yes
37,630,english,sentence,SpeechBoxHINTList,2,37,the bag fell off the shelf,4,yes,SNR10dB,E_HT2_37_10db.wav,34,yes
37,630,english,sentence,SpeechBoxHINTList,2,38,they are coming for dinner,5,yes,SNR10dB,E_HT2_38_10db.wav,99,yes
37,630,english,sentence,SpeechBoxHINTList,2,44,sugar is very sweet,4,yes,SNR10dB,E_HT2_44_10db.wav,67,yes
37,630,english,sentence,SpeechBoxHINTList,2,51,the waiter brought the cream,3,no,quiet,E_HT2_51.wav,34,yes
37,630,english,sentence,SpeechBoxHINTList,2,53,the apple pie is good,4,no,quiet,E_HT2_53.wav,99,yes
37,630,english,sentence,SpeechBoxHINTList,2,55,the girl is washing her hair,5,no,quiet,E_HT2_55.wav,99,yes
37,630,english,sentence,SpeechBoxHINTList,2,58,they called an ambulance,3,no,quiet,E_HT2_58.wav,99,yes
37,630,english,sentence,SpeechBoxHINTList,2,60,he climbed up the ladder,4,no,quiet,E_HT2_60.wav,25,yes
38,400,english,sentence,SpeechBoxHINTList,1,1,a boy fell from the window,4,yes,SNR00dB,E_HT1_1_0db.wav,34,yes
38,400,english,sentence,SpeechBoxHINTList,1,2,the wife helped her husband,4,yes,SNR00dB,E_HT1_2_0db.wav,0,yes
38,400,english,sentence,SpeechBoxHINTList,1,3,big dogs can be dangerous,4,yes,SNR00dB,E_HT1_3_0db.wav,34,yes
38,400,english,sentence,SpeechBoxHINTList,1,4,the shoes were very dirty,4,yes,SNR00dB,E_HT1_4_0db.wav,67,yes
38,400,english,sentence,SpeechBoxHINTList,1,5,the player lost a shoe,3,yes,SNR00dB,E_HT1_5_0db.wav,67,yes
38,400,english,sentence,SpeechBoxHINTList,1,6,somebody stole the money,3,yes,SNR00dB,E_HT1_6_0db.wav,0,yes
38,400,english,sentence,SpeechBoxHINTList,1,7,the fire was very hot,4,yes,SNR00dB,E_HT1_7_0db.wav,34,yes
38,400,english,sentence,SpeechBoxHINTList,1,9,the picture came from a book,4,yes,SNR00dB,E_HT1_9_0db.wav,34,yes
38,400,english,sentence,SpeechBoxHINTList,1,10,the car is going too fast,5,yes,SNR00dB,E_HT1_10_0db.wav,25,yes
38,400,english,sentence,SpeechBoxHINTList,1,13,the family likes fish,3,yes,SNR00dB,E_HT1_13_0db.wav,34,yes
38,400,english,sentence,SpeechBoxHINTList,1,16,she argues with her sister,5,yes,SNR00dB,E_HT1_16_0db.wav,34,yes
38,400,english,sentence,SpeechBoxHINTList,1,17,the kitchen window was clean,4,yes,SNR00dB,E_HT1_17_0db.wav,0,yes
38,400,english,sentence,SpeechBoxHINTList,1,22,the table has three legs,4,yes,SNR00dB,E_HT1_22_0db.wav,50,yes
38,400,english,sentence,SpeechBoxHINTList,1,28,the dog is eating some meat,5,yes,SNR00dB,E_HT1_28_0db.wav,0,yes
38,400,english,sentence,SpeechBoxHINTList,1,29,father forgot the bread,3,yes,SNR00dB,E_HT1_29_0db.wav,34,yes
38,400,english,sentence,SpeechBoxHINTList,1,30,the road goes up a hill,4,yes,SNR05dB,E_HT1_30_5db.wav,25,yes
38,400,english,sentence,SpeechBoxHINTList,1,31,the painter uses a brush,3,yes,SNR05dB,E_HT1_31_5db.wav,67,yes
38,400,english,sentence,SpeechBoxHINTList,1,32,the family bought a house,3,yes,SNR05dB,E_HT1_32_5db.wav,99,yes
38,400,english,sentence,SpeechBoxHINTList,1,33,swimmers can hold their breath,5,yes,SNR05dB,E_HT1_33_5db.wav,0,yes
38,400,english,sentence,SpeechBoxHINTList,1,36,the food is expensive,3,yes,SNR05dB,E_HT1_36_5db.wav,50,yes
38,400,english,sentence,SpeechBoxHINTList,1,37,the children are walking home,4,yes,SNR05dB,E_HT1_37_5db.wav,67,yes
38,400,english,sentence,SpeechBoxHINTList,1,44,rain is good for trees,5,yes,SNR05dB,E_HT1_44_5db.wav,34,yes
38,400,english,sentence,SpeechBoxHINTList,1,47,the baby slept all night,4,yes,SNR05dB,E_HT1_47_5db.wav,25,yes
38,400,english,sentence,SpeechBoxHINTList,1,53,flowers can grow in the pot,5,yes,SNR05dB,E_HT1_53_5db.wav,0,yes
38,400,english,sentence,SpeechBoxHINTList,1,58,the match boxes are empty,4,yes,SNR05dB,E_HT1_58_5db.wav,34,yes
38,400,english,sentence,SpeechBoxHINTList,1,60,the dog came home at last,5,yes,SNR05dB,E_HT1_60_5db.wav,25,yes
38,400,english,sentence,SpeechBoxHINTList,2,2,they found his brother hiding,5,yes,SNR05dB,E_HT2_2_5db.wav,34,yes
38,400,english,sentence,SpeechBoxHINTList,2,4,the book tells a story,3,yes,SNR05dB,E_HT2_4_5db.wav,50,yes
38,400,english,sentence,SpeechBoxHINTList,2,6,the milk was by the front door,5,yes,SNR05dB,E_HT2_6_5db.wav,34,yes
38,400,english,sentence,SpeechBoxHINTList,2,8,the new road is on the map,5,yes,SNR05dB,E_HT2_8_5db.wav,34,yes
38,400,english,sentence,SpeechBoxHINTList,2,9,she lost her credit card,5,yes,SNR10dB,E_HT2_9_10db.wav,0,yes
38,400,english,sentence,SpeechBoxHINTList,2,10,the team is playing well,4,yes,SNR10dB,E_HT2_10_10db.wav,67,yes
38,400,english,sentence,SpeechBoxHINTList,2,13,the young people are dancing,4,yes,SNR10dB,E_HT2_13_10db.wav,67,yes
38,400,english,sentence,SpeechBoxHINTList,2,15,the shirts are in the closet,4,yes,SNR10dB,E_HT2_15_10db.wav,0,yes
38,400,english,sentence,SpeechBoxHINTList,2,18,the truck drove up the road,4,yes,SNR10dB,E_HT2_18_10db.wav,0,yes
38,400,english,sentence,SpeechBoxHINTList,2,20,a letter fell on the floor,4,yes,SNR10dB,E_HT2_20_10db.wav,0,yes
38,400,english,sentence,SpeechBoxHINTList,2,23,the football game is over,4,yes,SNR10dB,E_HT2_23_10db.wav,67,yes
38,400,english,sentence,SpeechBoxHINTList,2,26,the children helped their teacher,4,yes,SNR10dB,E_HT2_26_10db.wav,67,yes
38,400,english,sentence,SpeechBoxHINTList,2,27,they carried some shopping bags,5,yes,SNR10dB,E_HT2_27_10db.wav,50,yes
38,400,english,sentence,SpeechBoxHINTList,2,29,she uses her spoon to eat,6,yes,SNR10dB,E_HT2_29_10db.wav,50,yes
38,400,english,sentence,SpeechBoxHINTList,2,33,the dog is chasing the cat,4,yes,SNR10dB,E_HT2_33_10db.wav,34,yes
38,400,english,sentence,SpeechBoxHINTList,2,35,the bus leaves before the train,4,yes,SNR10dB,E_HT2_35_10db.wav,50,yes
38,400,english,sentence,SpeechBoxHINTList,2,37,the bag fell off the shelf,4,yes,SNR10dB,E_HT2_37_10db.wav,34,yes
38,400,english,sentence,SpeechBoxHINTList,2,38,they are coming for dinner,5,yes,SNR10dB,E_HT2_38_10db.wav,0,yes
38,400,english,sentence,SpeechBoxHINTList,2,44,sugar is very sweet,4,yes,SNR10dB,E_HT2_44_10db.wav,99,yes
38,400,english,sentence,SpeechBoxHINTList,2,51,the waiter brought the cream,3,no,quiet,E_HT2_51.wav,0,yes
38,400,english,sentence,SpeechBoxHINTList,2,53,the apple pie is good,4,no,quiet,E_HT2_53.wav,67,yes
38,400,english,sentence,SpeechBoxHINTList,2,55,the girl is washing her hair,5,no,quiet,E_HT2_55.wav,67,yes
38,400,english,sentence,SpeechBoxHINTList,2,58,they called an ambulance,3,no,quiet,E_HT2_58.wav,34,yes
38,400,english,sentence,SpeechBoxHINTList,2,60,he climbed up the ladder,4,no,quiet,E_HT2_60.wav,25,yes
39,615,english,sentence,SpeechBoxHINTList,1,1,a boy fell from the window,4,yes,SNR00dB,E_HT1_1_0db.wav,34,yes
39,615,english,sentence,SpeechBoxHINTList,1,2,the wife helped her husband,4,yes,SNR00dB,E_HT1_2_0db.wav,0,yes
39,615,english,sentence,SpeechBoxHINTList,1,3,big dogs can be dangerous,4,yes,SNR00dB,E_HT1_3_0db.wav,67,yes
39,615,english,sentence,SpeechBoxHINTList,1,4,the shoes were very dirty,4,yes,SNR00dB,E_HT1_4_0db.wav,34,yes
39,615,english,sentence,SpeechBoxHINTList,1,5,the player lost a shoe,3,yes,SNR00dB,E_HT1_5_0db.wav,0,yes
39,615,english,sentence,SpeechBoxHINTList,1,6,somebody stole the money,3,yes,SNR00dB,E_HT1_6_0db.wav,34,yes
39,615,english,sentence,SpeechBoxHINTList,1,7,the fire was very hot,4,yes,SNR00dB,E_HT1_7_0db.wav,67,yes
39,615,english,sentence,SpeechBoxHINTList,1,9,the picture came from a book,4,yes,SNR00dB,E_HT1_9_0db.wav,67,yes
39,615,english,sentence,SpeechBoxHINTList,1,10,the car is going too fast,5,yes,SNR00dB,E_HT1_10_0db.wav,50,yes
39,615,english,sentence,SpeechBoxHINTList,1,13,the family likes fish,3,yes,SNR00dB,E_HT1_13_0db.wav,0,yes
39,615,english,sentence,SpeechBoxHINTList,1,16,she argues with her sister,5,yes,SNR00dB,E_HT1_16_0db.wav,67,yes
39,615,english,sentence,SpeechBoxHINTList,1,17,the kitchen window was clean,4,yes,SNR00dB,E_HT1_17_0db.wav,34,yes
39,615,english,sentence,SpeechBoxHINTList,1,22,the table has three legs,4,yes,SNR00dB,E_HT1_22_0db.wav,50,yes
39,615,english,sentence,SpeechBoxHINTList,1,28,the dog is eating some meat,5,yes,SNR00dB,E_HT1_28_0db.wav,25,yes
39,615,english,sentence,SpeechBoxHINTList,1,29,father forgot the bread,3,yes,SNR00dB,E_HT1_29_0db.wav,34,yes
39,615,english,sentence,SpeechBoxHINTList,1,30,the road goes up a hill,4,yes,SNR05dB,E_HT1_30_5db.wav,0,yes
39,615,english,sentence,SpeechBoxHINTList,1,31,the painter uses a brush,3,yes,SNR05dB,E_HT1_31_5db.wav,99,yes
39,615,english,sentence,SpeechBoxHINTList,1,32,the family bought a house,3,yes,SNR05dB,E_HT1_32_5db.wav,67,yes
39,615,english,sentence,SpeechBoxHINTList,1,33,swimmers can hold their breath,5,yes,SNR05dB,E_HT1_33_5db.wav,0,yes
39,615,english,sentence,SpeechBoxHINTList,1,36,the food is expensive,3,yes,SNR05dB,E_HT1_36_5db.wav,50,yes
39,615,english,sentence,SpeechBoxHINTList,1,37,the children are walking home,4,yes,SNR05dB,E_HT1_37_5db.wav,67,yes
39,615,english,sentence,SpeechBoxHINTList,1,44,rain is good for trees,5,yes,SNR05dB,E_HT1_44_5db.wav,67,yes
39,615,english,sentence,SpeechBoxHINTList,1,47,the baby slept all night,4,yes,SNR05dB,E_HT1_47_5db.wav,25,yes
39,615,english,sentence,SpeechBoxHINTList,1,53,flowers can grow in the pot,5,yes,SNR05dB,E_HT1_53_5db.wav,0,yes
39,615,english,sentence,SpeechBoxHINTList,1,58,the match boxes are empty,4,yes,SNR05dB,E_HT1_58_5db.wav,67,yes
39,615,english,sentence,SpeechBoxHINTList,1,60,the dog came home at last,5,yes,SNR05dB,E_HT1_60_5db.wav,99,yes
39,615,english,sentence,SpeechBoxHINTList,2,2,they found his brother hiding,5,yes,SNR05dB,E_HT2_2_5db.wav,67,yes
39,615,english,sentence,SpeechBoxHINTList,2,4,the book tells a story,3,yes,SNR05dB,E_HT2_4_5db.wav,50,yes
39,615,english,sentence,SpeechBoxHINTList,2,6,the milk was by the front door,5,yes,SNR05dB,E_HT2_6_5db.wav,34,yes
39,615,english,sentence,SpeechBoxHINTList,2,8,the new road is on the map,5,yes,SNR05dB,E_HT2_8_5db.wav,99,yes
39,615,english,sentence,SpeechBoxHINTList,2,9,she lost her credit card,5,yes,SNR10dB,E_HT2_9_10db.wav,25,yes
39,615,english,sentence,SpeechBoxHINTList,2,10,the team is playing well,4,yes,SNR10dB,E_HT2_10_10db.wav,99,yes
39,615,english,sentence,SpeechBoxHINTList,2,13,the young people are dancing,4,yes,SNR10dB,E_HT2_13_10db.wav,67,yes
39,615,english,sentence,SpeechBoxHINTList,2,15,the shirts are in the closet,4,yes,SNR10dB,E_HT2_15_10db.wav,99,yes
39,615,english,sentence,SpeechBoxHINTList,2,18,the truck drove up the road,4,yes,SNR10dB,E_HT2_18_10db.wav,25,yes
39,615,english,sentence,SpeechBoxHINTList,2,20,a letter fell on the floor,4,yes,SNR10dB,E_HT2_20_10db.wav,34,yes
39,615,english,sentence,SpeechBoxHINTList,2,23,the football game is over,4,yes,SNR10dB,E_HT2_23_10db.wav,67,yes
39,615,english,sentence,SpeechBoxHINTList,2,26,the children helped their teacher,4,yes,SNR10dB,E_HT2_26_10db.wav,99,yes
39,615,english,sentence,SpeechBoxHINTList,2,27,they carried some shopping bags,5,yes,SNR10dB,E_HT2_27_10db.wav,25,yes
39,615,english,sentence,SpeechBoxHINTList,2,29,she uses her spoon to eat,6,yes,SNR10dB,E_HT2_29_10db.wav,0,yes
39,615,english,sentence,SpeechBoxHINTList,2,33,the dog is chasing the cat,4,yes,SNR10dB,E_HT2_33_10db.wav,99,yes
39,615,english,sentence,SpeechBoxHINTList,2,35,the bus leaves before the train,4,yes,SNR10dB,E_HT2_35_10db.wav,75,yes
39,615,english,sentence,SpeechBoxHINTList,2,37,the bag fell off the shelf,4,yes,SNR10dB,E_HT2_37_10db.wav,34,yes
39,615,english,sentence,SpeechBoxHINTList,2,38,they are coming for dinner,5,yes,SNR10dB,E_HT2_38_10db.wav,99,yes
39,615,english,sentence,SpeechBoxHINTList,2,44,sugar is very sweet,4,yes,SNR10dB,E_HT2_44_10db.wav,67,yes
39,615,english,sentence,SpeechBoxHINTList,2,51,the waiter brought the cream,3,no,quiet,E_HT2_51.wav,0,yes
39,615,english,sentence,SpeechBoxHINTList,2,53,the apple pie is good,4,no,quiet,E_HT2_53.wav,99,yes
39,615,english,sentence,SpeechBoxHINTList,2,55,the girl is washing her hair,5,no,quiet,E_HT2_55.wav,99,yes
39,615,english,sentence,SpeechBoxHINTList,2,58,they called an ambulance,3,no,quiet,E_HT2_58.wav,34,yes
39,615,english,sentence,SpeechBoxHINTList,2,60,he climbed up the ladder,4,no,quiet,E_HT2_60.wav,25,yes
40,735,english,sentence,SpeechBoxHINTList,1,1,a boy fell from the window,4,yes,SNR00dB,E_HT1_1_0db.wav,34,yes
40,735,english,sentence,SpeechBoxHINTList,1,2,the wife helped her husband,4,yes,SNR00dB,E_HT1_2_0db.wav,0,yes
40,735,english,sentence,SpeechBoxHINTList,1,3,big dogs can be dangerous,4,yes,SNR00dB,E_HT1_3_0db.wav,67,yes
40,735,english,sentence,SpeechBoxHINTList,1,4,the shoes were very dirty,4,yes,SNR00dB,E_HT1_4_0db.wav,99,yes
40,735,english,sentence,SpeechBoxHINTList,1,5,the player lost a shoe,3,yes,SNR00dB,E_HT1_5_0db.wav,0,yes
40,735,english,sentence,SpeechBoxHINTList,1,6,somebody stole the money,3,yes,SNR00dB,E_HT1_6_0db.wav,34,yes
40,735,english,sentence,SpeechBoxHINTList,1,7,the fire was very hot,4,yes,SNR00dB,E_HT1_7_0db.wav,99,yes
40,735,english,sentence,SpeechBoxHINTList,1,9,the picture came from a book,4,yes,SNR00dB,E_HT1_9_0db.wav,99,yes
40,735,english,sentence,SpeechBoxHINTList,1,10,the car is going too fast,5,yes,SNR00dB,E_HT1_10_0db.wav,75,yes
40,735,english,sentence,SpeechBoxHINTList,1,13,the family likes fish,3,yes,SNR00dB,E_HT1_13_0db.wav,67,yes
40,735,english,sentence,SpeechBoxHINTList,1,16,she argues with her sister,5,yes,SNR00dB,E_HT1_16_0db.wav,67,yes
40,735,english,sentence,SpeechBoxHINTList,1,17,the kitchen window was clean,4,yes,SNR00dB,E_HT1_17_0db.wav,99,yes
40,735,english,sentence,SpeechBoxHINTList,1,22,the table has three legs,4,yes,SNR00dB,E_HT1_22_0db.wav,50,yes
40,735,english,sentence,SpeechBoxHINTList,1,28,the dog is eating some meat,5,yes,SNR00dB,E_HT1_28_0db.wav,0,yes
40,735,english,sentence,SpeechBoxHINTList,1,29,father forgot the bread,3,yes,SNR00dB,E_HT1_29_0db.wav,34,yes
40,735,english,sentence,SpeechBoxHINTList,1,30,the road goes up a hill,4,yes,SNR05dB,E_HT1_30_5db.wav,25,yes
40,735,english,sentence,SpeechBoxHINTList,1,31,the painter uses a brush,3,yes,SNR05dB,E_HT1_31_5db.wav,99,yes
40,735,english,sentence,SpeechBoxHINTList,1,32,the family bought a house,3,yes,SNR05dB,E_HT1_32_5db.wav,99,yes
40,735,english,sentence,SpeechBoxHINTList,1,33,swimmers can hold their breath,5,yes,SNR05dB,E_HT1_33_5db.wav,34,yes
40,735,english,sentence,SpeechBoxHINTList,1,36,the food is expensive,3,yes,SNR05dB,E_HT1_36_5db.wav,99,yes
40,735,english,sentence,SpeechBoxHINTList,1,37,the children are walking home,4,yes,SNR05dB,E_HT1_37_5db.wav,34,yes
40,735,english,sentence,SpeechBoxHINTList,1,44,rain is good for trees,5,yes,SNR05dB,E_HT1_44_5db.wav,34,yes
40,735,english,sentence,SpeechBoxHINTList,1,47,the baby slept all night,4,yes,SNR05dB,E_HT1_47_5db.wav,25,yes
40,735,english,sentence,SpeechBoxHINTList,1,53,flowers can grow in the pot,5,yes,SNR05dB,E_HT1_53_5db.wav,67,yes
40,735,english,sentence,SpeechBoxHINTList,1,58,the match boxes are empty,4,yes,SNR05dB,E_HT1_58_5db.wav,67,yes
40,735,english,sentence,SpeechBoxHINTList,1,60,the dog came home at last,5,yes,SNR05dB,E_HT1_60_5db.wav,50,yes
40,735,english,sentence,SpeechBoxHINTList,2,2,they found his brother hiding,5,yes,SNR05dB,E_HT2_2_5db.wav,0,yes
40,735,english,sentence,SpeechBoxHINTList,2,4,the book tells a story,3,yes,SNR05dB,E_HT2_4_5db.wav,75,yes
40,735,english,sentence,SpeechBoxHINTList,2,6,the milk was by the front door,5,yes,SNR05dB,E_HT2_6_5db.wav,34,yes
40,735,english,sentence,SpeechBoxHINTList,2,8,the new road is on the map,5,yes,SNR05dB,E_HT2_8_5db.wav,99,yes
40,735,english,sentence,SpeechBoxHINTList,2,9,she lost her credit card,5,yes,SNR10dB,E_HT2_9_10db.wav,99,yes
40,735,english,sentence,SpeechBoxHINTList,2,10,the team is playing well,4,yes,SNR10dB,E_HT2_10_10db.wav,99,yes
40,735,english,sentence,SpeechBoxHINTList,2,13,the young people are dancing,4,yes,SNR10dB,E_HT2_13_10db.wav,67,yes
40,735,english,sentence,SpeechBoxHINTList,2,15,the shirts are in the closet,4,yes,SNR10dB,E_HT2_15_10db.wav,50,yes
40,735,english,sentence,SpeechBoxHINTList,2,18,the truck drove up the road,4,yes,SNR10dB,E_HT2_18_10db.wav,50,yes
40,735,english,sentence,SpeechBoxHINTList,2,20,a letter fell on the floor,4,yes,SNR10dB,E_HT2_20_10db.wav,34,yes
40,735,english,sentence,SpeechBoxHINTList,2,23,the football game is over,4,yes,SNR10dB,E_HT2_23_10db.wav,99,yes
40,735,english,sentence,SpeechBoxHINTList,2,26,the children helped their teacher,4,yes,SNR10dB,E_HT2_26_10db.wav,99,yes
40,735,english,sentence,SpeechBoxHINTList,2,27,they carried some shopping bags,5,yes,SNR10dB,E_HT2_27_10db.wav,75,yes
40,735,english,sentence,SpeechBoxHINTList,2,29,she uses her spoon to eat,6,yes,SNR10dB,E_HT2_29_10db.wav,99,yes
40,735,english,sentence,SpeechBoxHINTList,2,33,the dog is chasing the cat,4,yes,SNR10dB,E_HT2_33_10db.wav,99,yes
40,735,english,sentence,SpeechBoxHINTList,2,35,the bus leaves before the train,4,yes,SNR10dB,E_HT2_35_10db.wav,99,yes
40,735,english,sentence,SpeechBoxHINTList,2,37,the bag fell off the shelf,4,yes,SNR10dB,E_HT2_37_10db.wav,0,yes
40,735,english,sentence,SpeechBoxHINTList,2,38,they are coming for dinner,5,yes,SNR10dB,E_HT2_38_10db.wav,99,yes
40,735,english,sentence,SpeechBoxHINTList,2,44,sugar is very sweet,4,yes,SNR10dB,E_HT2_44_10db.wav,99,yes
40,735,english,sentence,SpeechBoxHINTList,2,51,the waiter brought the cream,3,no,quiet,E_HT2_51.wav,0,yes
40,735,english,sentence,SpeechBoxHINTList,2,53,the apple pie is good,4,no,quiet,E_HT2_53.wav,99,yes
40,735,english,sentence,SpeechBoxHINTList,2,55,the girl is washing her hair,5,no,quiet,E_HT2_55.wav,99,yes
40,735,english,sentence,SpeechBoxHINTList,2,58,they called an ambulance,3,no,quiet,E_HT2_58.wav,67,yes
40,735,english,sentence,SpeechBoxHINTList,2,60,he climbed up the ladder,4,no,quiet,E_HT2_60.wav,50,yes
x,na,japanese,sentence,SpeechBoxHINTList,1,1, 朝ご飯を食べて元気に出かけた。,4,no,quiet,J_HT1_1.wav,na,no
x,na,japanese,sentence,SpeechBoxHINTList,1,3, 音楽に合わせて楽しく踊る。,4,no,quiet,J_HT1_3.wav,na,no
x,na,japanese,sentence,SpeechBoxHINTList,1,5, 歯磨きを忘れると虫歯になる。,4,no,quiet,J_HT1_5.wav,na,no
x,na,japanese,sentence,SpeechBoxHINTList,1,6, やっと町の明かりが見えてきた。,4,no,quiet,J_HT1_6.wav,na,no
x,na,japanese,sentence,SpeechBoxHINTList,1,9, 窓からぼんやり景色を眺めた。,4,no,quiet,J_HT1_9.wav,na,no
x,na,japanese,sentence,SpeechBoxHINTList,1,15, お母さんが作るご飯はおいしい。,4,no,quiet,J_HT1_15.wav,na,no
x,na,japanese,sentence,SpeechBoxHINTList,1,18, 子供がいたずらしてひどく怒られた。,4,no,quiet,J_HT1_18.wav,na,no
x,na,japanese,sentence,SpeechBoxHINTList,1,20, 汚れた洋服を洗濯しました。,3,no,quiet,J_HT1_20.wav,na,no
x,na,japanese,sentence,SpeechBoxHINTList,1,21, 手紙をもらって返事を書いた。,4,no,quiet,J_HT1_21.wav,na,no
x,na,japanese,sentence,SpeechBoxHINTList,1,26,おじいちゃんは昔から厳しい人だ。,4,no,quiet,J_HT1_26.wav,na,no
x,na,japanese,sentence,SpeechBoxHINTList,1,27, 苦い薬は今でも嫌いです。,4,no,quiet,J_HT1_27.wav,na,no
x,na,japanese,sentence,SpeechBoxHINTList,1,29, 新しいおもちゃを見せて自慢する。,4,no,quiet,J_HT1_29.wav,na,no
x,na,japanese,sentence,SpeechBoxHINTList,1,30, 突然話題が途切れて困った。,4,no,quiet,J_HT1_30.wav,na,no
x,na,japanese,sentence,SpeechBoxHINTList,1,32, 帰りが遅いと心配になります。,4,no,quiet,J_HT1_32.wav,na,no
x,na,japanese,sentence,SpeechBoxHINTList,1,33, 病院で名前を何度も呼ばれた。,4,no,quiet,J_HT1_33.wav,na,no
x,na,japanese,sentence,SpeechBoxHINTList,1,35, 居眠り運転は大変危険だ。,4,no,quiet,J_HT1_35.wav,na,no
x,na,japanese,sentence,SpeechBoxHINTList,1,36, 枕が高いと首が疲れます。,4,no,quiet,J_HT1_36.wav,na,no
x,na,japanese,sentence,SpeechBoxHINTList,1,37, 険しい山に一人で登った。,4,no,quiet,J_HT1_37.wav,na,no
x,na,japanese,sentence,SpeechBoxHINTList,1,41, 天気予報を聞いてから出かけます。,3,no,quiet,J_HT1_41.wav,na,no
x,na,japanese,sentence,SpeechBoxHINTList,1,42, 映画館の前で待ち合わせする。,4,no,quiet,J_HT1_42.wav,na,no
x,na,japanese,sentence,SpeechBoxHINTList,1,43, 今日は珍しく早く起きました。,4,no,quiet,J_HT1_43.wav,na,no
x,na,japanese,sentence,SpeechBoxHINTList,1,44, 母親の看病で寝不足です。,3,no,quiet,J_HT1_44.wav,na,no
x,na,japanese,sentence,SpeechBoxHINTList,1,46, 小さい頃の写真を見つけた。,4,no,quiet,J_HT1_46.wav,na,no
x,na,japanese,sentence,SpeechBoxHINTList,1,55, 洗濯物が乾いたので取り入れた。,3,no,quiet,J_HT1_55.wav,na,no
x,na,japanese,sentence,SpeechBoxHINTList,1,57, 編み物をしたら肩が凝った。,4,no,quiet,J_HT1_57.wav,na,no
x,na,japanese,sentence,SpeechBoxHINTList,1,58, 足元に注意しながら歩きます。,4,no,quiet,J_HT1_58.wav,na,no
x,na,japanese,sentence,SpeechBoxHINTList,1,59, 眼鏡をかけて新聞を読んだ。,4,no,quiet,J_HT1_59.wav,na,no
x,na,japanese,sentence,SpeechBoxHINTList,2,1, 私は田舎で生まれ育った。,4,no,quiet,J_HT2_1.wav,na,no
x,na,japanese,sentence,SpeechBoxHINTList,2,4, 電車や飛行機で旅行します。,3,no,quiet,J_HT2_4.wav,na,no
x,na,japanese,sentence,SpeechBoxHINTList,2,6, 道に迷って交番で尋ねた。,4,no,quiet,J_HT2_6.wav,na,no
x,na,japanese,sentence,SpeechBoxHINTList,2,7, 大学受験はとても難しい。,4,no,quiet,J_HT2_7.wav,na,no
x,na,japanese,sentence,SpeechBoxHINTList,2,9, 出かける前には戸締りをします。,4,no,quiet,J_HT2_9.wav,na,no
x,na,japanese,sentence,SpeechBoxHINTList,2,11, 悩みを友達によく相談した。,4,no,quiet,J_HT2_11.wav,na,no
x,na,japanese,sentence,SpeechBoxHINTList,2,13, 銀行が近くにあって便利です。,4,no,quiet,J_HT2_13.wav,na,no
x,na,japanese,sentence,SpeechBoxHINTList,2,15, 昔話を聞きながら眠った。,3,no,quiet,J_HT2_15.wav,na,no
x,na,japanese,sentence,SpeechBoxHINTList,2,20, 仕事で帰りが遅くなりました。,4,no,quiet,J_HT2_20.wav,na,no
x,na,japanese,sentence,SpeechBoxHINTList,2,22, お年寄りには座席を譲ります。,3,no,quiet,J_HT2_22.wav,na,no
x,na,japanese,sentence,SpeechBoxHINTList,2,23, やかんをひっくり返してやけどした。,4,no,quiet,J_HT2_23.wav,na,no
x,na,japanese,sentence,SpeechBoxHINTList,2,32, 知らない人に親切にされた。,4,no,quiet,J_HT2_32.wav,na,no
x,na,japanese,sentence,SpeechBoxHINTList,2,34, 牧場に黒い羊がいました。,4,no,quiet,J_HT2_34.wav,na,no
x,na,japanese,sentence,SpeechBoxHINTList,2,36, 鉛筆と消しゴムを用意する。,3,no,quiet,J_HT2_36.wav,na,no
x,na,japanese,sentence,SpeechBoxHINTList,2,38, 電車とバスに乗って帰ります。,4,no,quiet,J_HT2_38.wav,na,no
x,na,japanese,sentence,SpeechBoxHINTList,2,40, 道路の真ん中を歩くのは危ない。,4,no,quiet,J_HT2_40.wav,na,no
x,na,japanese,sentence,SpeechBoxHINTList,2,41, 天気が良いので布団を干した。,4,no,quiet,J_HT2_41.wav,na,no
x,na,japanese,sentence,SpeechBoxHINTList,2,47, すみずみまで丁寧に掃除する。,4,no,quiet,J_HT2_47.wav,na,no
x,na,english,sentence,SpeechBoxHINTList,1,1, A boy fell from the window,4,no,quiet,E_HT1_1.wav,na,no
x,na,english,sentence,SpeechBoxHINTList,1,2, The wife helped her husband,4,no,quiet,E_HT1_2.wav,na,no
x,na,english,sentence,SpeechBoxHINTList,1,3, Big dogs can be dangerous,4,no,quiet,E_HT1_3.wav,na,no
x,na,english,sentence,SpeechBoxHINTList,1,4, The shoes were very dirty,4,no,quiet,E_HT1_4.wav,na,no
x,na,english,sentence,SpeechBoxHINTList,1,5, The player lost a shoe,3,no,quiet,E_HT1_5.wav,na,no
x,na,english,sentence,SpeechBoxHINTList,1,6, Somebody stole the money,3,no,quiet,E_HT1_6.wav,na,no
x,na,english,sentence,SpeechBoxHINTList,1,7, The fire was very hot,4,no,quiet,E_HT1_7.wav,na,no
x,na,english,sentence,SpeechBoxHINTList,1,9, The picture came from a book,4,no,quiet,E_HT1_9.wav,na,no
x,na,english,sentence,SpeechBoxHINTList,1,10, The car is going too fast,5,no,quiet,E_HT1_10.wav,na,no
x,na,english,sentence,SpeechBoxHINTList,1,13, The family likes fish,3,no,quiet,E_HT1_13.wav,na,no
x,na,english,sentence,SpeechBoxHINTList,1,16, She argues with her sister,5,no,quiet,E_HT1_16.wav,na,no
x,na,english,sentence,SpeechBoxHINTList,1,17, The kitchen window was clean,4,no,quiet,E_HT1_17.wav,na,no
x,na,english,sentence,SpeechBoxHINTList,1,22, The table has three legs,4,no,quiet,E_HT1_22.wav,na,no
x,na,english,sentence,SpeechBoxHINTList,1,28, The dog is eating some meat,5,no,quiet,E_HT1_28.wav,na,no
x,na,english,sentence,SpeechBoxHINTList,1,29, Father forgot the bread,3,no,quiet,E_HT1_29.wav,na,no
x,na,english,sentence,SpeechBoxHINTList,1,30, The road goes up a hill,4,no,quiet,E_HT1_30.wav,na,no
x,na,english,sentence,SpeechBoxHINTList,1,31, The painter uses a brush,3,no,quiet,E_HT1_31.wav,na,no
x,na,english,sentence,SpeechBoxHINTList,1,32, The family bought a house,3,no,quiet,E_HT1_32.wav,na,no
x,na,english,sentence,SpeechBoxHINTList,1,33, Swimmers can hold their breath,5,no,quiet,E_HT1_33.wav,na,no
x,na,english,sentence,SpeechBoxHINTList,1,36, The food is expensive,3,no,quiet,E_HT1_36.wav,na,no
x,na,english,sentence,SpeechBoxHINTList,1,37, The children are walking home,4,no,quiet,E_HT1_37.wav,na,no
x,na,english,sentence,SpeechBoxHINTList,1,44, Rain is good for trees,5,no,quiet,E_HT1_44.wav,na,no
x,na,english,sentence,SpeechBoxHINTList,1,47, The baby slept all night,4,no,quiet,E_HT1_47.wav,na,no
x,na,english,sentence,SpeechBoxHINTList,1,53, Flowers can grow in the pot,5,no,quiet,E_HT1_53.wav,na,no
x,na,english,sentence,SpeechBoxHINTList,1,58, The match boxes are empty,4,no,quiet,E_HT1_58.wav,na,no
x,na,english,sentence,SpeechBoxHINTList,1,60, The dog came home at last,5,no,quiet,E_HT1_60.wav,na,no
x,na,english,sentence,SpeechBoxHINTList,2,2, They found his brother hiding,5,no,quiet,E_HT2_2.wav,na,no
x,na,english,sentence,SpeechBoxHINTList,2,4, The book tells a story,3,no,quiet,E_HT2_4.wav,na,no
x,na,english,sentence,SpeechBoxHINTList,2,6, The milk was by the front door,5,no,quiet,E_HT2_6.wav,na,no
x,na,english,sentence,SpeechBoxHINTList,2,8, The new road is on the map,5,no,quiet,E_HT2_8.wav,na,no
x,na,english,sentence,SpeechBoxHINTList,2,9, She lost her credit card,5,no,quiet,E_HT2_9.wav,na,no
x,na,english,sentence,SpeechBoxHINTList,2,10, The team is playing well,4,no,quiet,E_HT2_10.wav,na,no
x,na,english,sentence,SpeechBoxHINTList,2,13, The young people are dancing,4,no,quiet,E_HT2_13.wav,na,no
x,na,english,sentence,SpeechBoxHINTList,2,15, The shirts are in the closet,4,no,quiet,E_HT2_15.wav,na,no
x,na,english,sentence,SpeechBoxHINTList,2,18, The truck drove up the road,4,no,quiet,E_HT2_18.wav,na,no
x,na,english,sentence,SpeechBoxHINTList,2,20, A letter fell on the floor,4,no,quiet,E_HT2_20.wav,na,no
x,na,english,sentence,SpeechBoxHINTList,2,23, The football game is over,4,no,quiet,E_HT2_23.wav,na,no
x,na,english,sentence,SpeechBoxHINTList,2,26, The children helped their teacher,4,no,quiet,E_HT2_26.wav,na,no
x,na,english,sentence,SpeechBoxHINTList,2,27, They carried some shopping bags,5,no,quiet,E_HT2_27.wav,na,no
x,na,english,sentence,SpeechBoxHINTList,2,29, She uses her spoon to eat,6,no,quiet,E_HT2_29.wav,na,no
x,na,english,sentence,SpeechBoxHINTList,2,33, The dog is chasing the cat,4,no,quiet,E_HT2_33.wav,na,no
x,na,english,sentence,SpeechBoxHINTList,2,35, The bus leaves before the train,4,no,quiet,E_HT2_35.wav,na,no
x,na,english,sentence,SpeechBoxHINTList,2,37, The bag fell off the shelf,4,no,quiet,E_HT2_37.wav,na,no
x,na,english,sentence,SpeechBoxHINTList,2,38, They are coming for dinner,5,no,quiet,E_HT2_38.wav,na,no
x,na,english,sentence,SpeechBoxHINTList,2,44, Sugar is very sweet,4,no,quiet,E_HT2_44.wav,na,no
x,na,english,VCV,original,na,na,aba,na,no,quiet,aba.wav,na,no
x,na,english,VCV,original,na,na,acha,na,no,quiet,acha.wav,na,no
x,na,english,VCV,original,na,na,ada,na,no,quiet,ada.wav,na,no
x,na,english,VCV,original,na,na,adja,na,no,quiet,adja.wav,na,no
x,na,english,VCV,original,na,na,afa,na,no,quiet,afa.wav,na,no
x,na,english,VCV,original,na,na,aga,na,no,quiet,aga.wav,na,no
x,na,english,VCV,original,na,na,aha,na,no,quiet,aha.wav,na,no
x,na,english,VCV,original,na,na,aja,na,no,quiet,aja.wav,na,no
x,na,english,VCV,original,na,na,aka,na,no,quiet,aka.wav,na,no
x,na,english,VCV,original,na,na,ala,na,no,quiet,ala.wav,na,no
x,na,english,VCV,original,na,na,ama,na,no,quiet,ama.wav,na,no
x,na,english,VCV,original,na,na,ana,na,no,quiet,ana.wav,na,no
x,na,english,VCV,original,na,na,apa,na,no,quiet,apa.wav,na,no
x,na,english,VCV,original,na,na,ara,na,no,quiet,ara.wav,na,no
x,na,english,VCV,original,na,na,asa,na,no,quiet,asa.wav,na,no
x,na,english,VCV,original,na,na,asha,na,no,quiet,asha.wav,na,no
x,na,english,VCV,original,na,na,ata,na,no,quiet,ata.wav,na,no
x,na,english,VCV,original,na,na,atha,na,no,quiet,atha.wav,na,no
x,na,english,VCV,original,na,na,atha_voice,na,no,quiet,atha_voice.wav,na,no
x,na,english,VCV,original,na,na,ava,na,no,quiet,ava.wav,na,no
x,na,english,VCV,original,na,na,awa,na,no,quiet,awa.wav,na,no
x,na,english,VCV,original,na,na,aya,na,no,quiet,aya.wav,na,no
x,na,english,VCV,original,na,na,aza,na,no,quiet,aza.wav,na,no
x,na,english,VCV,original,na,na,aba,na,yes,SNR00dB,aba_babble_0dB.wav,na,no
x,na,english,VCV,original,na,na,acha,na,yes,SNR00dB,acha_babble_0dB.wav,na,no
x,na,english,VCV,original,na,na,ada,na,yes,SNR00dB,ada_babble_0dB.wav,na,no
x,na,english,VCV,original,na,na,adja,na,yes,SNR00dB,adja_babble_0dB.wav,na,no
x,na,english,VCV,original,na,na,afa,na,yes,SNR00dB,afa_babble_0dB.wav,na,no
x,na,english,VCV,original,na,na,aga,na,yes,SNR00dB,aga_babble_0dB.wav,na,no
x,na,english,VCV,original,na,na,aha,na,yes,SNR00dB,aha_babble_0dB.wav,na,no
x,na,english,VCV,original,na,na,aja,na,yes,SNR00dB,aja_babble_0dB.wav,na,no
x,na,english,VCV,original,na,na,aka,na,yes,SNR00dB,aka_babble_0dB.wav,na,no
x,na,english,VCV,original,na,na,ala,na,yes,SNR00dB,ala_babble_0dB.wav,na,no
x,na,english,VCV,original,na,na,ama,na,yes,SNR00dB,ama_babble_0dB.wav,na,no
x,na,english,VCV,original,na,na,ana,na,yes,SNR00dB,ana_babble_0dB.wav,na,no
x,na,english,VCV,original,na,na,apa,na,yes,SNR00dB,apa_babble_0dB.wav,na,no
x,na,english,VCV,original,na,na,ara,na,yes,SNR00dB,ara_babble_0dB.wav,na,no
x,na,english,VCV,original,na,na,asa,na,yes,SNR00dB,asa_babble_0dB.wav,na,no
x,na,english,VCV,original,na,na,asha,na,yes,SNR00dB,asha_babble_0dB.wav,na,no
x,na,english,VCV,original,na,na,ata,na,yes,SNR00dB,ata_babble_0dB.wav,na,no
x,na,english,VCV,original,na,na,atha,na,yes,SNR00dB,atha_babble_0dB.wav,na,no
x,na,english,VCV,original,na,na,atha_voice,na,yes,SNR00dB,atha_voice_babble_0dB.wav,na,no
x,na,english,VCV,original,na,na,ava,na,yes,SNR00dB,ava_babble_0dB.wav,na,no
x,na,english,VCV,original,na,na,awa,na,yes,SNR00dB,awa_babble_0dB.wav,na,no
x,na,english,VCV,original,na,na,aya,na,yes,SNR00dB,aya_babble_0dB.wav,na,no
x,na,english,VCV,original,na,na,aza,na,yes,SNR00dB,aza_babble_0dB.wav,na,no
x,na,english,VCV,original,na,na,aba,na,yes,SNR05dB,aba_babble_5dB.wav,na,no
x,na,english,VCV,original,na,na,acha,na,yes,SNR05dB,acha_babble_5dB.wav,na,no
x,na,english,VCV,original,na,na,ada,na,yes,SNR05dB,ada_babble_5dB.wav,na,no
x,na,english,VCV,original,na,na,adja,na,yes,SNR05dB,adja_babble_5dB.wav,na,no
x,na,english,VCV,original,na,na,afa,na,yes,SNR05dB,afa_babble_5dB.wav,na,no
x,na,english,VCV,original,na,na,aga,na,yes,SNR05dB,aga_babble_5dB.wav,na,no
x,na,english,VCV,original,na,na,aha,na,yes,SNR05dB,aha_babble_5dB.wav,na,no
x,na,english,VCV,original,na,na,aja,na,yes,SNR05dB,aja_babble_5dB.wav,na,no
x,na,english,VCV,original,na,na,aka,na,yes,SNR05dB,aka_babble_5dB.wav,na,no
x,na,english,VCV,original,na,na,ala,na,yes,SNR05dB,ala_babble_5dB.wav,na,no
x,na,english,VCV,original,na,na,ama,na,yes,SNR05dB,ama_babble_5dB.wav,na,no
x,na,english,VCV,original,na,na,ana,na,yes,SNR05dB,ana_babble_5dB.wav,na,no
x,na,english,VCV,original,na,na,apa,na,yes,SNR05dB,apa_babble_5dB.wav,na,no
x,na,english,VCV,original,na,na,ara,na,yes,SNR05dB,ara_babble_5dB.wav,na,no
x,na,english,VCV,original,na,na,asa,na,yes,SNR05dB,asa_babble_5dB.wav,na,no
x,na,english,VCV,original,na,na,asha,na,yes,SNR05dB,asha_babble_5dB.wav,na,no
x,na,english,VCV,original,na,na,ata,na,yes,SNR05dB,ata_babble_5dB.wav,na,no
x,na,english,VCV,original,na,na,atha,na,yes,SNR05dB,atha_babble_5dB.wav,na,no
x,na,english,VCV,original,na,na,atha_voice,na,yes,SNR05dB,atha_voice_babble_5dB.wav,na,no
x,na,english,VCV,original,na,na,ava,na,yes,SNR05dB,ava_babble_5dB.wav,na,no
x,na,english,VCV,original,na,na,awa,na,yes,SNR05dB,awa_babble_5dB.wav,na,no
x,na,english,VCV,original,na,na,aya,na,yes,SNR05dB,aya_babble_5dB.wav,na,no
x,na,english,VCV,original,na,na,aza,na,yes,SNR05dB,aza_babble_5dB.wav,na,no
x,na,english,VCV,original,na,na,aba,na,yes,SNR10dB,aba_babble_10dB.wav,na,no
x,na,english,VCV,original,na,na,acha,na,yes,SNR10dB,acha_babble_10dB.wav,na,no
x,na,english,VCV,original,na,na,ada,na,yes,SNR10dB,ada_babble_10dB.wav,na,no
x,na,english,VCV,original,na,na,adja,na,yes,SNR10dB,adja_babble_10dB.wav,na,no
x,na,english,VCV,original,na,na,afa,na,yes,SNR10dB,afa_babble_10dB.wav,na,no
x,na,english,VCV,original,na,na,aga,na,yes,SNR10dB,aga_babble_10dB.wav,na,no
x,na,english,VCV,original,na,na,aha,na,yes,SNR10dB,aha_babble_10dB.wav,na,no
x,na,english,VCV,original,na,na,aja,na,yes,SNR10dB,aja_babble_10dB.wav,na,no
x,na,english,VCV,original,na,na,aka,na,yes,SNR10dB,aka_babble_10dB.wav,na,no
x,na,english,VCV,original,na,na,ala,na,yes,SNR10dB,ala_babble_10dB.wav,na,no
x,na,english,VCV,original,na,na,ama,na,yes,SNR10dB,ama_babble_10dB.wav,na,no
x,na,english,VCV,original,na,na,ana,na,yes,SNR10dB,ana_babble_10dB.wav,na,no
x,na,english,VCV,original,na,na,apa,na,yes,SNR10dB,apa_babble_10dB.wav,na,no
x,na,english,VCV,original,na,na,ara,na,yes,SNR10dB,ara_babble_10dB.wav,na,no
x,na,english,VCV,original,na,na,asa,na,yes,SNR10dB,asa_babble_10dB.wav,na,no
x,na,english,VCV,original,na,na,asha,na,yes,SNR10dB,asha_babble_10dB.wav,na,no
x,na,english,VCV,original,na,na,ata,na,yes,SNR10dB,ata_babble_10dB.wav,na,no
x,na,english,VCV,original,na,na,atha,na,yes,SNR10dB,atha_babble_10dB.wav,na,no
x,na,english,VCV,original,na,na,atha_voice,na,yes,SNR10dB,atha_voice_babble_10dB.wav,na,no
x,na,english,VCV,original,na,na,ava,na,yes,SNR10dB,ava_babble_10dB.wav,na,no
x,na,english,VCV,original,na,na,awa,na,yes,SNR10dB,awa_babble_10dB.wav,na,no
x,na,english,VCV,original,na,na,aya,na,yes,SNR10dB,aya_babble_10dB.wav,na,no
x,na,english,VCV,original,na,na,aza,na,yes,SNR10dB,aza_babble_10dB.wav,na,no
