order1,desc::word,structure,speaker,V2 quality,desc::V2 duration,V2 bin,V2 etymological,V2 real,interaction,V1 quality,V1 quantity,diphthong,sonorant,C2 quantity,V3 quality,V3 quantity
3813,agale,VCV,AL,a,146,(5) >125ms ,short,long,V2 lengthened,a,short,no,no,singleton,e,short
3814,agale,VCV,AL,a,117,(4) 100-125ms,short,long,V2 lengthened,a,short,no,no,singleton,e,short
3815,agale,VCV,AL,a,124,(4) 100-125ms,short,long,V2 lengthened,a,short,no,no,singleton,e,short
3816,agale,VCV,LM,a,143,(5) >125ms ,short,long,V2 lengthened,a,short,no,no,singleton,e,short
3817,agale,VCV,EI,a,149,(5) >125ms ,short,long,V2 lengthened,a,short,no,no,singleton,e,short
3818,agale,VCV,LM,a,107,(4) 100-125ms,short,long,V2 lengthened,a,short,no,no,singleton,e,short
3819,agale,VCV,EI,a,143,(5) >125ms ,short,long,V2 lengthened,a,short,no,no,singleton,e,short
3820,agale,VCV,AG,a,161,(5) >125ms ,short,long,V2 lengthened,a,short,no,no,singleton,e,short
3821,agale,VCV,EI,a,128,(5) >125ms ,short,long,V2 lengthened,a,short,no,no,singleton,e,short
3822,agale,VCV,LM,a,79,(3) 75-100ms,short,long,V2 lengthened,a,short,no,no,singleton,e,short
3823,agale,VCV,AL,a,108,(4) 100-125ms,short,long,V2 lengthened,a,short,no,no,singleton,e,short
3824,agale,VCV,EI,a,122,(4) 100-125ms,short,long,V2 lengthened,a,short,no,no,singleton,e,short
3825,agale,VCV,AL,a,141,(5) >125ms ,short,long,V2 lengthened,a,short,no,no,singleton,e,short
3826,agale,VCV,AG,a,143,(5) >125ms ,short,long,V2 lengthened,a,short,no,no,singleton,e,short
3827,agale,VCV,AL,a,132,(5) >125ms ,short,long,V2 lengthened,a,short,no,no,singleton,e,short
3828,agale,VCV,AL,a,126,(5) >125ms ,short,long,V2 lengthened,a,short,no,no,singleton,e,short
3829,agale,VCV,AG,a,168,(5) >125ms ,short,long,V2 lengthened,a,short,no,no,singleton,e,short
3830,agale,VCV,EI,a,143,(5) >125ms ,short,long,V2 lengthened,a,short,no,no,singleton,e,short
3831,antiima,VRCï¿½,AL,i,60,(2) 50-75ms,long,short,*V2 long,a,short,no,yes,secondary,a,short
3832,antiima,VRCï¿½,LM,i,63,(2) 50-75ms,long,short,*V2 long,a,short,no,yes,secondary,a,short
3833,antiima,VRCï¿½,AL,i,50,(1) <50ms,long,short,*V2 long,a,short,no,yes,secondary,a,short
3834,antiima,VRCï¿½,LM,i,70,(2) 50-75ms,long,short,*V2 long,a,short,no,yes,secondary,a,short
3835,antiima,VRCï¿½,AL,i,87,(3) 75-100ms,long,short,*V2 long,a,short,no,yes,secondary,a,short
3836,antiima,VRCï¿½,LM,i,70,(2) 50-75ms,long,short,*V2 long,a,short,no,yes,secondary,a,short
3837,antiima,VRCï¿½,LM,i,67,(2) 50-75ms,long,short,*V2 long,a,short,no,yes,secondary,a,short
3838,hargada,VRCV,AL,a,64,(2) 50-75ms,short,short,V2 short,a,short,no,yes,singleton,a,short
3839,hargada,VRCV,EI,a,79,(3) 75-100ms,short,short,V2 short,a,short,no,yes,singleton,a,short
3840,hargada,VRCV,EI,a,80,(3) 75-100ms,short,short,V2 short,a,short,no,yes,singleton,a,short
3841,hargada,VRCV,AG,a,70,(2) 50-75ms,short,short,V2 short,a,short,no,yes,singleton,a,short
3842,hargada,VRCV,AL,a,50,(1) <50ms,short,short,V2 short,a,short,no,yes,singleton,a,short
3843,hargada,VRCV,AL,a,56,(2) 50-75ms,short,short,V2 short,a,short,no,yes,singleton,a,short
3844,hargada,VRCV,AL,a,50,(1) <50ms,short,short,V2 short,a,short,no,yes,singleton,a,short
3845,hargada,VRCV,AL,a,40,(1) <50ms,short,short,V2 short,a,short,no,yes,singleton,a,short
3846,hargada,VRCV,LM,a,81,(3) 75-100ms,short,short,V2 short,a,short,no,yes,singleton,a,short
3847,hargada,VRCV,AL,a,46,(1) <50ms,short,short,V2 short,a,short,no,yes,singleton,a,short
3848,hargada,VRCV,AG,a,58,(2) 50-75ms,short,short,V2 short,a,short,no,yes,singleton,a,short
3849,hargada,VRCV,AG,a,50,(1) <50ms,short,short,V2 short,a,short,no,yes,singleton,a,short
3850,hargada,VRCV,EI,a,71,(2) 50-75ms,short,short,V2 short,a,short,no,yes,singleton,a,short
3851,hargada,VRCV,AL,a,34,(1) <50ms,short,short,V2 short,a,short,no,yes,singleton,a,short
3852,hargada,VRCV,EI,a,61,(2) 50-75ms,short,short,V2 short,a,short,no,yes,singleton,a,short
3853,hargada,VRCV,EI,a,67,(2) 50-75ms,short,short,V2 short,a,short,no,yes,singleton,a,short
3854,hargada,VRCV,LM,a,50,(1) <50ms,short,short,V2 short,a,short,no,yes,singleton,a,short
3855,hargada,VRCV,LM,a,81,(3) 75-100ms,short,short,V2 short,a,short,no,yes,singleton,a,short
3856,hargada,VRCV,EI,a,50,(1) <50ms,short,short,V2 short,a,short,no,yes,singleton,a,short
3857,hargada,VRCV,EI,a,90,(3) 75-100ms,short,short,V2 short,a,short,no,yes,singleton,a,short
3858,hargada,VRCV,AG,a,60,(2) 50-75ms,short,short,V2 short,a,short,no,yes,singleton,a,short
3859,harkkaama,VRC:V:,LM,a,61,(2) 50-75ms,long,short,*V2 long,a,short,no,yes,primary,a,short
3860,harkkaama,VRC:V:,AG,a,116,(4) 100-125ms,long,short,*V2 long,a,short,no,yes,primary,a,short
3861,harkkaama,VRC:V:,EI,a,97,(3) 75-100ms,long,short,*V2 long,a,short,no,yes,primary,a,short
3862,harkkaama,VRC:V:,AG,a,87,(3) 75-100ms,long,short,*V2 long,a,short,no,yes,primary,a,short
3863,harkkaama,VRC:V:,AL,a,40,(1) <50ms,long,short,*V2 long,a,short,no,yes,primary,a,short
3864,harkkaama,VRC:V:,LM,a,46,(1) <50ms,long,short,*V2 long,a,short,no,yes,primary,a,short
3865,harkkaama,VRC:V:,LM,a,52,(2) 50-75ms,long,short,*V2 long,a,short,no,yes,primary,a,short
3866,harkkaama,VRC:V:,LM,a,62,(2) 50-75ms,long,short,*V2 long,a,short,no,yes,primary,a,short
3867,harkkaama,VRC:V:,AG,a,84,(3) 75-100ms,long,short,*V2 long,a,short,no,yes,primary,a,short
3868,harkkaama,VRC:V:,ST,a,34,(1) <50ms,long,short,*V2 long,a,short,no,yes,primary,a,short
3869,harkkaama,VRC:V:,AG,a,119,(4) 100-125ms,long,short,*V2 long,a,short,no,yes,primary,a,short
3870,harkkaama,VRC:V:,AG,a,102,(4) 100-125ms,long,short,*V2 long,a,short,no,yes,primary,a,short
3871,harkkaama,VRC:V:,ST,a,48,(1) <50ms,long,short,*V2 long,a,short,no,yes,primary,a,short
3872,harkkaama,VRC:V:,ST,a,49,(1) <50ms,long,short,*V2 long,a,short,no,yes,primary,a,short
3873,harkkaama,VRC:V:,EI,a,67,(2) 50-75ms,long,short,*V2 long,a,short,no,yes,primary,a,short
3874,harkkaama,VRC:V:,ST,a,45,(1) <50ms,long,short,*V2 long,a,short,no,yes,primary,a,short
3875,harkkaama,VRC:V:,LM,a,39,(1) <50ms,long,short,*V2 long,a,short,no,yes,primary,a,short
3876,harkkaama,VRC:V:,EI,a,62,(2) 50-75ms,long,short,*V2 long,a,short,no,yes,primary,a,short
3877,harkkaama,VRC:V:,EI,a,104,(4) 100-125ms,long,short,*V2 long,a,short,no,yes,primary,a,short
3878,harkkaama,VRC:V:,LM,a,51,(2) 50-75ms,long,short,*V2 long,a,short,no,yes,primary,a,short
3879,harkkaama,VRC:V:,AL,a,52,(2) 50-75ms,long,short,*V2 long,a,short,no,yes,primary,a,short
3880,harkkaama,VRC:V:,AL,a,69,(2) 50-75ms,long,short,*V2 long,a,short,no,yes,primary,a,short
3881,harkkaama,VRC:V:,AG,a,50,(1) <50ms,long,short,*V2 long,a,short,no,yes,primary,a,short
3882,harkkaama,VRC:V:,LM,a,47,(1) <50ms,long,short,*V2 long,a,short,no,yes,primary,a,short
3883,harkkaama,VRC:V:,EI,a,67,(2) 50-75ms,long,short,*V2 long,a,short,no,yes,primary,a,short
3884,harkkaama,VRC:V:,AG,a,132,(5) >125ms ,long,short,*V2 long,a,short,no,yes,primary,a,short
3885,harkkaama,VRC:V:,AL,a,70,(2) 50-75ms,long,short,*V2 long,a,short,no,yes,primary,a,short
3886,harkkaama,VRC:V:,AL,a,58,(2) 50-75ms,long,short,*V2 long,a,short,no,yes,primary,a,short
3887,harkkaama,VRC:V:,EI,a,68,(2) 50-75ms,long,short,*V2 long,a,short,no,yes,primary,a,short
3888,harkkaama,VRC:V:,AG,a,121,(4) 100-125ms,long,short,*V2 long,a,short,no,yes,primary,a,short
3889,harkkaama,VRC:V:,EI,a,78,(3) 75-100ms,long,short,*V2 long,a,short,no,yes,primary,a,short
3890,harkkaama,VRC:V:,AL,a,63,(2) 50-75ms,long,short,*V2 long,a,short,no,yes,primary,a,short
3891,haugada,V1V2CV,AL,a,40,(1) <50ms,short,short,V2 short,au,long,yes,no,singleton,a,short
3892,haugada,V1V2CV,AL,a,60,(2) 50-75ms,short,short,V2 short,au,long,yes,no,singleton,a,short
3893,haugada,V1V2CV,AL,a,62,(2) 50-75ms,short,short,V2 short,au,long,yes,no,singleton,a,short
3894,haugada,V1V2CV,AL,a,56,(2) 50-75ms,short,short,V2 short,au,long,yes,no,singleton,a,short
3895,haukkaama,V1V2C:V:,AL,a,42,(1) <50ms,long,short,*V2 long,au,long,yes,no,primary,a,short
3896,haukkaama,V1V2C:V:,AL,a,44,(1) <50ms,long,short,*V2 long,au,long,yes,no,primary,a,short
3897,haukkaama,V1V2C:V:,LM,a,83,(3) 75-100ms,long,short,*V2 long,au,long,yes,no,primary,a,short
3898,haukkaama,V1V2C:V:,LM,a,44,(1) <50ms,long,short,*V2 long,au,long,yes,no,primary,a,short
3899,haukkaama,V1V2C:V:,AG,a,77,(3) 75-100ms,long,short,*V2 long,au,long,yes,no,primary,a,short
3900,haukkaama,V1V2C:V:,AL,a,39,(1) <50ms,long,short,*V2 long,au,long,yes,no,primary,a,short
3901,haukkaama,V1V2C:V:,LM,a,54,(2) 50-75ms,long,short,*V2 long,au,long,yes,no,primary,a,short
3902,haukkaama,V1V2C:V:,AL,a,50,(1) <50ms,long,short,*V2 long,au,long,yes,no,primary,a,short
3903,haukkaama,V1V2C:V:,AL,a,50,(1) <50ms,long,short,*V2 long,au,long,yes,no,primary,a,short
3904,haukkaama,V1V2C:V:,AG,a,44,(1) <50ms,long,short,*V2 long,au,long,yes,no,primary,a,short
3905,haukkaama,V1V2C:V:,AG,a,73,(2) 50-75ms,long,short,*V2 long,au,long,yes,no,primary,a,short
3906,haukkaama,V1V2C:V:,LM,a,75,(2) 50-75ms,long,short,*V2 long,au,long,yes,no,primary,a,short
3907,haukkaama,V1V2C:V:,AL,a,45,(1) <50ms,long,short,*V2 long,au,long,yes,no,primary,a,short
3908,haukkaama,V1V2C:V:,LM,a,42,(1) <50ms,long,short,*V2 long,au,long,yes,no,primary,a,short
3909,haukkaama,V1V2C:V:,EI,a,93,(3) 75-100ms,long,short,*V2 long,au,long,yes,no,primary,a,short
3910,haukkaama,V1V2C:V:,AG,a,79,(3) 75-100ms,long,short,*V2 long,au,long,yes,no,primary,a,short
3911,haukkaama,V1V2C:V:,AG,a,80,(3) 75-100ms,long,short,*V2 long,au,long,yes,no,primary,a,short
3912,haukkaama,V1V2C:V:,EI,a,74,(2) 50-75ms,long,short,*V2 long,au,long,yes,no,primary,a,short
3913,haukkaama,V1V2C:V:,LM,a,82,(3) 75-100ms,long,short,*V2 long,au,long,yes,no,primary,a,short
3914,haukkaama,V1V2C:V:,ST,a,50,(1) <50ms,long,short,*V2 long,au,long,yes,no,primary,a,short
3915,haukkaama,V1V2C:V:,EI,a,81,(3) 75-100ms,long,short,*V2 long,au,long,yes,no,primary,a,short
3916,haukkaama,V1V2C:V:,AG,a,81,(3) 75-100ms,long,short,*V2 long,au,long,yes,no,primary,a,short
3917,haukkaama,V1V2C:V:,EI,a,85,(3) 75-100ms,long,short,*V2 long,au,long,yes,no,primary,a,short
3918,haukkaama,V1V2C:V:,AL,a,41,(1) <50ms,long,short,*V2 long,au,long,yes,no,primary,a,short
3919,haukkaama,V1V2C:V:,LM,a,76,(3) 75-100ms,long,short,*V2 long,au,long,yes,no,primary,a,short
3920,haukkaama,V1V2C:V:,AL,a,81,(3) 75-100ms,long,short,*V2 long,au,long,yes,no,primary,a,short
3921,haukkaama,V1V2C:V:,AG,a,80,(3) 75-100ms,long,short,*V2 long,au,long,yes,no,primary,a,short
3922,haukkaama,V1V2C:V:,EI,a,95,(3) 75-100ms,long,short,*V2 long,au,long,yes,no,primary,a,short
3923,haukkaama,V1V2C:V:,ST,a,50,(1) <50ms,long,short,*V2 long,au,long,yes,no,primary,a,short
3924,haukkaama,V1V2C:V:,ST,a,50,(1) <50ms,long,short,*V2 long,au,long,yes,no,primary,a,short
3925,haukkaama,V1V2C:V:,EI,a,89,(3) 75-100ms,long,short,*V2 long,au,long,yes,no,primary,a,short
3926,haukkaama,V1V2C:V:,EI,a,121,(4) 100-125ms,long,short,*V2 long,au,long,yes,no,primary,a,short
3927,haukkaama,V1V2C:V:,ST,a,68,(2) 50-75ms,long,short,*V2 long,au,long,yes,no,primary,a,short
3928,hautaama,V1V2Cï¿½,LM,a,75,(2) 50-75ms,long,short,*V2 long,au,long,yes,no,secondary,a,short
3929,hautaama,V1V2Cï¿½,AL,a,77,(3) 75-100ms,long,short,*V2 long,au,long,yes,no,secondary,a,short
3930,hautaama,V1V2Cï¿½,LM,a,46,(1) <50ms,long,short,*V2 long,au,long,yes,no,secondary,a,short
3931,hautaama,V1V2Cï¿½,EI,a,96,(3) 75-100ms,long,short,*V2 long,au,long,yes,no,secondary,a,short
3932,hautaama,V1V2Cï¿½,EI,a,79,(3) 75-100ms,long,short,*V2 long,au,long,yes,no,secondary,a,short
3933,hautaama,V1V2Cï¿½,EI,a,111,(4) 100-125ms,long,short,*V2 long,au,long,yes,no,secondary,a,short
3934,hautaama,V1V2Cï¿½,LM,a,50,(1) <50ms,long,short,*V2 long,au,long,yes,no,secondary,a,short
3935,hautaama,V1V2Cï¿½,AG,a,79,(3) 75-100ms,long,short,*V2 long,au,long,yes,no,secondary,a,short
3936,hautaama,V1V2Cï¿½,LM,a,62,(2) 50-75ms,long,short,*V2 long,au,long,yes,no,secondary,a,short
3937,hautaama,V1V2Cï¿½,EI,a,84,(3) 75-100ms,long,short,*V2 long,au,long,yes,no,secondary,a,short
3938,hautaama,V1V2Cï¿½,LM,a,79,(3) 75-100ms,long,short,*V2 long,au,long,yes,no,secondary,a,short
3939,hautaama,V1V2Cï¿½,AL,a,77,(3) 75-100ms,long,short,*V2 long,au,long,yes,no,secondary,a,short
3940,hautaama,V1V2Cï¿½,EI,a,133,(5) >125ms ,long,short,*V2 long,au,long,yes,no,secondary,a,short
3941,hautaama,V1V2Cï¿½,AG,a,100,(3) 75-100ms,long,short,*V2 long,au,long,yes,no,secondary,a,short
3942,hautaama,V1V2Cï¿½,EI,a,64,(2) 50-75ms,long,short,*V2 long,au,long,yes,no,secondary,a,short
3943,hautaama,V1V2Cï¿½,AL,a,87,(3) 75-100ms,long,short,*V2 long,au,long,yes,no,secondary,a,short
3944,hautaama,V1V2Cï¿½,AL,a,88,(3) 75-100ms,long,short,*V2 long,au,long,yes,no,secondary,a,short
3945,hautaama,V1V2Cï¿½,AG,a,88,(3) 75-100ms,long,short,*V2 long,au,long,yes,no,secondary,a,short
3946,hautaama,V1V2Cï¿½,AL,a,67,(2) 50-75ms,long,short,*V2 long,au,long,yes,no,secondary,a,short
3947,hautaama,V1V2Cï¿½,AL,a,70,(2) 50-75ms,long,short,*V2 long,au,long,yes,no,secondary,a,short
3948,hautaama,V1V2Cï¿½,LM,a,63,(2) 50-75ms,long,short,*V2 long,au,long,yes,no,secondary,a,short
3949,hautaama,V1V2Cï¿½,AG,a,108,(4) 100-125ms,long,short,*V2 long,au,long,yes,no,secondary,a,short
3950,hautaama,V1V2Cï¿½,ST,a,50,(1) <50ms,long,short,*V2 long,au,long,yes,no,secondary,a,short
3951,hautaama,V1V2Cï¿½,ST,a,40,(1) <50ms,long,short,*V2 long,au,long,yes,no,secondary,a,short
3952,hautaama,V1V2Cï¿½,AL,a,73,(2) 50-75ms,long,short,*V2 long,au,long,yes,no,secondary,a,short
3953,hautaama,V1V2Cï¿½,LM,a,71,(2) 50-75ms,long,short,*V2 long,au,long,yes,no,secondary,a,short
3954,hautaama,V1V2Cï¿½,AG,a,60,(2) 50-75ms,long,short,*V2 long,au,long,yes,no,secondary,a,short
3955,hautaama,V1V2Cï¿½,AG,a,67,(2) 50-75ms,long,short,*V2 long,au,long,yes,no,secondary,a,short
3956,hautaama,V1V2Cï¿½,EI,a,61,(2) 50-75ms,long,short,*V2 long,au,long,yes,no,secondary,a,short
3957,hautaama,V1V2Cï¿½,AL,a,77,(3) 75-100ms,long,short,*V2 long,au,long,yes,no,secondary,a,short
3958,hautaama,V1V2Cï¿½,LM,a,88,(3) 75-100ms,long,short,*V2 long,au,long,yes,no,secondary,a,short
3959,hautaama,V1V2Cï¿½,LM,a,48,(1) <50ms,long,short,*V2 long,au,long,yes,no,secondary,a,short
3960,hautaama,V1V2Cï¿½,EI,a,111,(4) 100-125ms,long,short,*V2 long,au,long,yes,no,secondary,a,short
3961,hautaama,V1V2Cï¿½,AG,a,97,(3) 75-100ms,long,short,*V2 long,au,long,yes,no,secondary,a,short
3962,hautaama,V1V2Cï¿½,LM,a,46,(1) <50ms,long,short,*V2 long,au,long,yes,no,secondary,a,short
3963,henkAAmA,VRCï¿½,AL,A,73,(2) 50-75ms,long,short,*V2 long,e,short,no,yes,secondary,A,short
3964,henkAAmA,VRCï¿½,AL,A,79,(3) 75-100ms,long,short,*V2 long,e,short,no,yes,secondary,A,short
3965,henkAAmA,VRCï¿½,AL,A,56,(2) 50-75ms,long,short,*V2 long,e,short,no,yes,secondary,A,short
3966,hiukaama,V1V2Cï¿½,AG,a,110,(4) 100-125ms,long,short,*V2 long,iu,long,yes,no,secondary,a,short
3967,hiukaama,V1V2Cï¿½,AL,a,85,(3) 75-100ms,long,short,*V2 long,iu,long,yes,no,secondary,a,short
3968,hiukaama,V1V2Cï¿½,AG,a,128,(5) >125ms ,long,short,*V2 long,iu,long,yes,no,secondary,a,short
3969,hiukaama,V1V2Cï¿½,AG,a,80,(3) 75-100ms,long,short,*V2 long,iu,long,yes,no,secondary,a,short
3970,hiukaama,V1V2Cï¿½,AG,a,106,(4) 100-125ms,long,short,*V2 long,iu,long,yes,no,secondary,a,short
3971,hiukaama,V1V2Cï¿½,AG,a,96,(3) 75-100ms,long,short,*V2 long,iu,long,yes,no,secondary,a,short
3972,hiukaama,V1V2Cï¿½,AG,a,90,(3) 75-100ms,long,short,*V2 long,iu,long,yes,no,secondary,a,short
3973,hiukaama,V1V2Cï¿½,AG,a,140,(5) >125ms ,long,short,*V2 long,iu,long,yes,no,secondary,a,short
3974,hiukaama,V1V2Cï¿½,LM,a,70,(2) 50-75ms,long,short,*V2 long,iu,long,yes,no,secondary,a,short
3975,hiukaama,V1V2Cï¿½,AG,a,117,(4) 100-125ms,long,short,*V2 long,iu,long,yes,no,secondary,a,short
3976,hiukaama,V1V2Cï¿½,AL,a,70,(2) 50-75ms,long,short,*V2 long,iu,long,yes,no,secondary,a,short
3977,hiukaama,V1V2Cï¿½,AL,a,74,(2) 50-75ms,long,short,*V2 long,iu,long,yes,no,secondary,a,short
3978,hiukaama,V1V2Cï¿½,AL,a,69,(2) 50-75ms,long,short,*V2 long,iu,long,yes,no,secondary,a,short
3979,hiukaama,V1V2Cï¿½,AL,a,70,(2) 50-75ms,long,short,*V2 long,iu,long,yes,no,secondary,a,short
3980,hiukaama,V1V2Cï¿½,LM,a,87,(3) 75-100ms,long,short,*V2 long,iu,long,yes,no,secondary,a,short
3981,hiukaama,V1V2Cï¿½,LM,a,86,(3) 75-100ms,long,short,*V2 long,iu,long,yes,no,secondary,a,short
3982,hiukaama,V1V2Cï¿½,AL,a,65,(2) 50-75ms,long,short,*V2 long,iu,long,yes,no,secondary,a,short
3983,hiukaama,V1V2Cï¿½,AL,a,79,(3) 75-100ms,long,short,*V2 long,iu,long,yes,no,secondary,a,short
3984,hiukaama,V1V2Cï¿½,AL,a,74,(2) 50-75ms,long,short,*V2 long,iu,long,yes,no,secondary,a,short
3985,hiukaama,V1V2Cï¿½,LM,a,88,(3) 75-100ms,long,short,*V2 long,iu,long,yes,no,secondary,a,short
3986,hiukaama,V1V2Cï¿½,LM,a,126,(5) >125ms ,long,short,*V2 long,iu,long,yes,no,secondary,a,short
3987,hoiteli,V1V2Cï¿,ST,e,55,(2) 50-75ms,long,short,*V2 long,oi,long,yes,no,secondary,i,short
3988,hoiteli,V1V2Cï¿,ST,e,39,(1) <50ms,long,short,*V2 long,oi,long,yes,no,secondary,i,short
3989,hoiteli,V1V2Cï¿,EI,e,61,(2) 50-75ms,long,short,*V2 long,oi,long,yes,no,secondary,i,short
3990,hoiteli,V1V2Cï¿,EI,e,53,(2) 50-75ms,long,short,*V2 long,oi,long,yes,no,secondary,i,short
3991,hoiteli,V1V2Cï¿,LM,e,41,(1) <50ms,long,short,*V2 long,oi,long,yes,no,secondary,i,short
3992,hoiteli,V1V2Cï¿,EI,e,57,(2) 50-75ms,long,short,*V2 long,oi,long,yes,no,secondary,i,short
3993,hoiteli,V1V2Cï¿,EI,e,49,(1) <50ms,long,short,*V2 long,oi,long,yes,no,secondary,i,short
3994,hoiteli,V1V2Cï¿,LM,e,40,(1) <50ms,long,short,*V2 long,oi,long,yes,no,secondary,i,short
3995,hoiteli,V1V2Cï¿,LM,e,46,(1) <50ms,long,short,*V2 long,oi,long,yes,no,secondary,i,short
3996,hoiteli,V1V2Cï¿,ST,e,75,(2) 50-75ms,long,short,*V2 long,oi,long,yes,no,secondary,i,short
3997,hoiteli,V1V2Cï¿,ST,e,50,(1) <50ms,long,short,*V2 long,oi,long,yes,no,secondary,i,short
3998,hoiteli,V1V2Cï¿,EI,e,45,(1) <50ms,long,short,*V2 long,oi,long,yes,no,secondary,i,short
3999,hoiteli,V1V2Cï¿,EI,e,79,(3) 75-100ms,long,short,*V2 long,oi,long,yes,no,secondary,i,short
4000,hoitiima,V1V2Cï¿½,LM,i,57,(2) 50-75ms,long,short,*V2 long,oi,long,yes,no,secondary,a,short
4001,hoitiima,V1V2Cï¿½,EI,i,93,(3) 75-100ms,long,short,*V2 long,oi,long,yes,no,secondary,a,short
4002,hoitiima,V1V2Cï¿½,AL,i,63,(2) 50-75ms,long,short,*V2 long,oi,long,yes,no,secondary,a,short
4003,hoitiima,V1V2Cï¿½,LM,i,60,(2) 50-75ms,long,short,*V2 long,oi,long,yes,no,secondary,a,short
4004,hoitiima,V1V2Cï¿½,LM,i,76,(3) 75-100ms,long,short,*V2 long,oi,long,yes,no,secondary,a,short
4005,hoitiima,V1V2Cï¿½,AG,i,80,(3) 75-100ms,long,short,*V2 long,oi,long,yes,no,secondary,a,short
4006,hoitiima,V1V2Cï¿½,LM,i,61,(2) 50-75ms,long,short,*V2 long,oi,long,yes,no,secondary,a,short
4007,hoitiima,V1V2Cï¿½,AG,i,65,(2) 50-75ms,long,short,*V2 long,oi,long,yes,no,secondary,a,short
4008,hoitiima,V1V2Cï¿½,LM,i,59,(2) 50-75ms,long,short,*V2 long,oi,long,yes,no,secondary,a,short
4009,hoitiima,V1V2Cï¿½,EI,i,77,(3) 75-100ms,long,short,*V2 long,oi,long,yes,no,secondary,a,short
4010,hoitiima,V1V2Cï¿½,ST,i,39,(1) <50ms,long,short,*V2 long,oi,long,yes,no,secondary,a,short
4011,hoitiima,V1V2Cï¿½,AL,i,60,(2) 50-75ms,long,short,*V2 long,oi,long,yes,no,secondary,a,short
4012,hoitiima,V1V2Cï¿½,EI,i,93,(3) 75-100ms,long,short,*V2 long,oi,long,yes,no,secondary,a,short
4013,hoitiima,V1V2Cï¿½,EI,i,47,(1) <50ms,long,short,*V2 long,oi,long,yes,no,secondary,a,short
4014,hoitiima,V1V2Cï¿½,LM,i,58,(2) 50-75ms,long,short,*V2 long,oi,long,yes,no,secondary,a,short
4015,hoitiima,V1V2Cï¿½,AG,i,85,(3) 75-100ms,long,short,*V2 long,oi,long,yes,no,secondary,a,short
4016,hoitiima,V1V2Cï¿½,ST,i,23,(1) <50ms,long,short,*V2 long,oi,long,yes,no,secondary,a,short
4017,hoitiima,V1V2Cï¿½,EI,i,49,(1) <50ms,long,short,*V2 long,oi,long,yes,no,secondary,a,short
4018,hoitiima,V1V2Cï¿½,AL,i,46,(1) <50ms,long,short,*V2 long,oi,long,yes,no,secondary,a,short
4019,hoitiima,V1V2Cï¿½,EI,i,97,(3) 75-100ms,long,short,*V2 long,oi,long,yes,no,secondary,a,short
4020,hoitiima,V1V2Cï¿½,AG,i,100,(3) 75-100ms,long,short,*V2 long,oi,long,yes,no,secondary,a,short
4021,hoitiima,V1V2Cï¿½,LM,i,69,(2) 50-75ms,long,short,*V2 long,oi,long,yes,no,secondary,a,short
4022,hoitiima,V1V2Cï¿½,EI,i,62,(2) 50-75ms,long,short,*V2 long,oi,long,yes,no,secondary,a,short
4023,hoitiima,V1V2Cï¿½,LM,i,103,(4) 100-125ms,long,short,*V2 long,oi,long,yes,no,secondary,a,short
4024,hoitiima,V1V2Cï¿½,AL,i,64,(2) 50-75ms,long,short,*V2 long,oi,long,yes,no,secondary,a,short
4025,hoitiima,V1V2Cï¿½,AL,i,90,(3) 75-100ms,long,short,*V2 long,oi,long,yes,no,secondary,a,short
4026,hoitiima,V1V2Cï¿½,EI,i,40,(1) <50ms,long,short,*V2 long,oi,long,yes,no,secondary,a,short
4027,hoitiima,V1V2Cï¿½,EI,i,70,(2) 50-75ms,long,short,*V2 long,oi,long,yes,no,secondary,a,short
4028,hoitiima,V1V2Cï¿½,EI,i,93,(3) 75-100ms,long,short,*V2 long,oi,long,yes,no,secondary,a,short
4029,hoitiima,V1V2Cï¿½,AG,i,90,(3) 75-100ms,long,short,*V2 long,oi,long,yes,no,secondary,a,short
4030,hoitiima,V1V2Cï¿½,ST,i,44,(1) <50ms,long,short,*V2 long,oi,long,yes,no,secondary,a,short
4031,hoitiima,V1V2Cï¿½,EI,i,70,(2) 50-75ms,long,short,*V2 long,oi,long,yes,no,secondary,a,short
4032,hoitiima,V1V2Cï¿½,LM,i,59,(2) 50-75ms,long,short,*V2 long,oi,long,yes,no,secondary,a,short
4033,hoitiima,V1V2Cï¿½,ST,i,50,(1) <50ms,long,short,*V2 long,oi,long,yes,no,secondary,a,short
4034,hoitiima,V1V2Cï¿½,AG,i,66,(2) 50-75ms,long,short,*V2 long,oi,long,yes,no,secondary,a,short
4035,hoitiima,V1V2Cï¿½,EI,i,53,(2) 50-75ms,long,short,*V2 long,oi,long,yes,no,secondary,a,short
4036,hoitiima,V1V2Cï¿½,ST,i,69,(2) 50-75ms,long,short,*V2 long,oi,long,yes,no,secondary,a,short
4037,hoitiima,V1V2Cï¿½,AG,i,67,(2) 50-75ms,long,short,*V2 long,oi,long,yes,no,secondary,a,short
4038,hoitiima,V1V2Cï¿½,AL,i,35,(1) <50ms,long,short,*V2 long,oi,long,yes,no,secondary,a,short
4039,hoitiima,V1V2Cï¿½,AL,i,60,(2) 50-75ms,long,short,*V2 long,oi,long,yes,no,secondary,a,short
4040,hookaama,V:Cï¿½,AL,a,78,(3) 75-100ms,long,short,*V2 long,u,long,no,no,secondary,a,short
4041,hookaama,V:Cï¿½,ST,a,50,(1) <50ms,long,short,*V2 long,o,long,no,no,secondary,a,short
4042,hookaama,V:Cï¿½,AG,a,124,(4) 100-125ms,long,short,*V2 long,o,long,no,no,secondary,a,short
4043,hookaama,V:Cï¿½,AG,a,77,(3) 75-100ms,long,short,*V2 long,o,long,no,no,secondary,a,short
4044,hookaama,V:Cï¿½,ST,a,50,(1) <50ms,long,short,*V2 long,o,long,no,no,secondary,a,short
4045,hookaama,V:Cï¿½,EI,a,111,(4) 100-125ms,long,short,*V2 long,u,long,no,no,secondary,a,short
4046,hookaama,V:Cï¿½,ST,a,48,(1) <50ms,long,short,*V2 long,o,long,no,no,secondary,a,short
4047,hookaama,V:Cï¿½,EI,a,94,(3) 75-100ms,long,short,*V2 long,u,long,no,no,secondary,a,short
4048,hookaama,V:Cï¿½,ST,a,51,(2) 50-75ms,long,short,*V2 long,o,long,no,no,secondary,a,short
4049,hookaama,V:Cï¿½,EI,a,78,(3) 75-100ms,long,short,*V2 long,u,long,no,no,secondary,a,short
4050,hookaama,V:Cï¿½,AG,a,111,(4) 100-125ms,long,short,*V2 long,o,long,no,no,secondary,a,short
4051,hookaama,V:Cï¿½,EI,a,77,(3) 75-100ms,long,short,*V2 long,u,long,no,no,secondary,a,short
4052,hookaama,V:Cï¿½,EI,a,101,(4) 100-125ms,long,short,*V2 long,u,long,no,no,secondary,a,short
4053,hookaama,V:Cï¿½,AG,a,108,(4) 100-125ms,long,short,*V2 long,o,long,no,no,secondary,a,short
4054,hookaama,V:Cï¿½,EI,a,80,(3) 75-100ms,long,short,*V2 long,u,long,no,no,secondary,a,short
4055,hookaama,V:Cï¿½,AG,a,104,(4) 100-125ms,long,short,*V2 long,o,long,no,no,secondary,a,short
4056,hookaama,V:Cï¿½,AG,a,91,(3) 75-100ms,long,short,*V2 long,o,long,no,no,secondary,a,short
4057,hookaama,V:Cï¿½,ST,a,46,(1) <50ms,long,short,*V2 long,o,long,no,no,secondary,a,short
4058,hookaama,V:Cï¿½,EI,a,101,(4) 100-125ms,long,short,*V2 long,u,long,no,no,secondary,a,short
4059,hookaama,V:Cï¿½,ST,a,40,(1) <50ms,long,short,*V2 long,o,long,no,no,secondary,a,short
4060,hookaama,V:Cï¿½,EI,a,101,(4) 100-125ms,long,short,*V2 long,u,long,no,no,secondary,a,short
4061,hookaama,V:Cï¿½,EI,a,122,(4) 100-125ms,long,short,*V2 long,u,long,no,no,secondary,a,short
4062,hookaama,V:Cï¿½,AG,a,111,(4) 100-125ms,long,short,*V2 long,o,long,no,no,secondary,a,short
4063,hookaama,V:Cï¿½,EI,a,111,(4) 100-125ms,long,short,*V2 long,o,long,no,no,secondary,a,short
4064,hookaama,V:Cï¿½,ST,a,53,(2) 50-75ms,long,short,*V2 long,o,long,no,no,secondary,a,short
4065,hookaama,V:Cï¿½,EI,a,108,(4) 100-125ms,long,short,*V2 long,o,long,no,no,secondary,a,short
4066,hookaama,V:Cï¿½,EI,a,99,(3) 75-100ms,long,short,*V2 long,o,long,no,no,secondary,a,short
4067,hookaama,V:Cï¿½,ST,a,49,(1) <50ms,long,short,*V2 long,o,long,no,no,secondary,a,short
4068,hookaama,V:Cï¿½,ST,a,61,(2) 50-75ms,long,short,*V2 long,o,long,no,no,secondary,a,short
4069,hookaama,V:Cï¿½,ST,a,40,(1) <50ms,long,short,*V2 long,o,long,no,no,secondary,a,short
4070,hookaama,V:Cï¿½,LM,a,83,(3) 75-100ms,long,short,*V2 long,o,long,no,no,secondary,a,short
4071,hookaama,V:Cï¿½,ST,a,56,(2) 50-75ms,long,short,*V2 long,o,long,no,no,secondary,a,short
4072,hookaama,V:Cï¿½,AG,a,121,(4) 100-125ms,long,short,*V2 long,o,long,no,no,secondary,a,short
4073,hookaama,V:Cï¿½,AL,a,46,(1) <50ms,long,short,*V2 long,u,long,no,no,secondary,a,short
4074,hookaama,V:Cï¿½,EI,a,115,(4) 100-125ms,long,short,*V2 long,u,long,no,no,secondary,a,short
4075,hookaama,V:Cï¿½,LM,a,70,(2) 50-75ms,long,short,*V2 long,o,long,no,no,secondary,a,short
4076,hookaama,V:Cï¿½,EI,a,89,(3) 75-100ms,long,short,*V2 long,u,long,no,no,secondary,a,short
4077,hookaama,V:Cï¿½,EI,a,109,(4) 100-125ms,long,short,*V2 long,u,long,no,no,secondary,a,short
4078,hookaama,V:Cï¿½,EI,a,80,(3) 75-100ms,long,short,*V2 long,o,long,no,no,secondary,a,short
4079,hookaama,V:Cï¿½,ST,a,40,(1) <50ms,long,short,*V2 long,o,long,no,no,secondary,a,short
4080,hookaama,V:Cï¿½,LM,a,51,(2) 50-75ms,long,short,*V2 long,o,long,no,no,secondary,a,short
4081,hookaama,V:Cï¿½,ST,a,65,(2) 50-75ms,long,short,*V2 long,o,long,no,no,secondary,a,short
4082,hookaama,V:Cï¿½,LM,a,67,(2) 50-75ms,long,short,*V2 long,o,long,no,no,secondary,a,short
4083,hookaama,V:Cï¿½,ST,a,44,(1) <50ms,long,short,*V2 long,o,long,no,no,secondary,a,short
4084,hookaama,V:Cï¿½,EI,a,73,(2) 50-75ms,long,short,*V2 long,u,long,no,no,secondary,a,short
4085,hookaama,V:Cï¿½,ST,a,50,(1) <50ms,long,short,*V2 long,o,long,no,no,secondary,a,short
4086,hookaama,V:Cï¿½,ST,a,56,(2) 50-75ms,long,short,*V2 long,o,long,no,no,secondary,a,short
4087,hookaama,V:Cï¿½,LM,a,85,(3) 75-100ms,long,short,*V2 long,o,long,no,no,secondary,a,short
4088,hookaama,V:Cï¿½,LM,a,59,(2) 50-75ms,long,short,*V2 long,o,long,no,no,secondary,a,short
4089,hookaama,V:Cï¿½,EI,a,106,(4) 100-125ms,long,short,*V2 long,u,long,no,no,secondary,a,short
4090,hookaama,V:Cï¿½,EI,a,111,(4) 100-125ms,long,short,*V2 long,u,long,no,no,secondary,a,short
4091,hookaama,V:Cï¿½,LM,a,68,(2) 50-75ms,long,short,*V2 long,o,long,no,no,secondary,a,short
4092,hookaama,V:Cï¿½,AL,a,72,(2) 50-75ms,long,short,*V2 long,u,long,no,no,secondary,a,short
4093,hookaama,V:Cï¿½,LM,a,61,(2) 50-75ms,long,short,*V2 long,o,long,no,no,secondary,a,short
4094,hookaama,V:Cï¿½,LM,a,52,(2) 50-75ms,long,short,*V2 long,o,long,no,no,secondary,a,short
4095,hookaama,V:Cï¿½,EI,a,93,(3) 75-100ms,long,short,*V2 long,u,long,no,no,secondary,a,short
4096,hookaama,V:Cï¿½,EI,a,104,(4) 100-125ms,long,short,*V2 long,u,long,no,no,secondary,a,short
4097,hookaama,V:Cï¿½,EI,a,115,(4) 100-125ms,long,short,*V2 long,u,long,no,no,secondary,a,short
4098,hookaama,V:Cï¿½,AL,a,73,(2) 50-75ms,long,short,*V2 long,u,long,no,no,secondary,a,short
4099,hookaama,V:Cï¿½,AG,a,125,(4) 100-125ms,long,short,*V2 long,o,long,no,no,secondary,a,short
4100,hookaama,V:Cï¿½,ST,a,43,(1) <50ms,long,short,*V2 long,o,long,no,no,secondary,a,short
4101,hookaama,V:Cï¿½,AL,a,91,(3) 75-100ms,long,short,*V2 long,u,long,no,no,secondary,a,short
4102,hookaama,V:Cï¿½,LM,a,62,(2) 50-75ms,long,short,*V2 long,o,long,no,no,secondary,a,short
4103,hookaama,V:Cï¿½,ST,a,44,(1) <50ms,long,short,*V2 long,o,long,no,no,secondary,a,short
4104,hookaama,V:Cï¿½,ST,a,63,(2) 50-75ms,long,short,*V2 long,o,long,no,no,secondary,a,short
4105,hookaama,V:Cï¿½,EI,a,74,(2) 50-75ms,long,short,*V2 long,u,long,no,no,secondary,a,short
4106,hookaama,V:Cï¿½,ST,a,49,(1) <50ms,long,short,*V2 long,o,long,no,no,secondary,a,short
4107,hookaama,V:Cï¿½,ST,a,53,(2) 50-75ms,long,short,*V2 long,o,long,no,no,secondary,a,short
4108,hookaama,V:Cï¿½,LM,a,64,(2) 50-75ms,long,short,*V2 long,o,long,no,no,secondary,a,short
4109,hookaama,V:Cï¿½,AG,a,131,(5) >125ms ,long,short,*V2 long,o,long,no,no,secondary,a,short
4110,hookaama,V:Cï¿½,AG,a,96,(3) 75-100ms,long,short,*V2 long,o,long,no,no,secondary,a,short
4111,hookaama,V:Cï¿½,AL,a,91,(3) 75-100ms,long,short,*V2 long,u,long,no,no,secondary,a,short
4112,hookaama,V:Cï¿½,ST,a,41,(1) <50ms,long,short,*V2 long,o,long,no,no,secondary,a,short
4113,hookaama,V:Cï¿½,AG,a,94,(3) 75-100ms,long,short,*V2 long,o,long,no,no,secondary,a,short
4114,hookuuma,V:Cï¿½,LM,u,71,(2) 50-75ms,long,short,*V2 long,o,long,no,no,secondary,a,short
4115,hookuuma,V:Cï¿½,ST,u,33,(1) <50ms,long,short,*V2 long,o,long,no,no,secondary,a,short
4116,hookuuma,V:Cï¿½,LM,u,52,(2) 50-75ms,long,short,*V2 long,u,long,no,no,secondary,a,short
4117,hookuuma,V:Cï¿½,ST,u,31,(1) <50ms,long,short,*V2 long,o,long,no,no,secondary,a,short
4118,hookuuma,V:Cï¿½,LM,u,58,(2) 50-75ms,long,short,*V2 long,u,long,no,no,secondary,a,short
4119,hookuuma,V:Cï¿½,LM,u,71,(2) 50-75ms,long,short,*V2 long,u,long,no,no,secondary,a,short
4120,hookuuma,V:Cï¿½,ST,u,39,(1) <50ms,long,short,*V2 long,o,long,no,no,secondary,a,short
4121,hUbimA,VCV,ST,i,127,(5) >125ms ,short,long,V2 lengthened,U,short,no,no,singleton,A,short
4122,hUbimA,VCV,ST,i,129,(5) >125ms ,short,long,V2 lengthened,U,short,no,no,singleton,A,short
4123,hukkaama,VC:V:,AL,a,42,(1) <50ms,long,short,*V2 long,u,short,no,no,primary,a,short
4124,hukkaama,VC:V:,AG,a,83,(3) 75-100ms,long,short,*V2 long,u,short,no,no,primary,a,short
4125,hukkaama,VC:V:,AG,A,126,(5) >125ms ,long,short,*V2 long,u,short,no,no,primary,A,short
4126,hukkaama,VC:V:,LM,a,40,(1) <50ms,long,short,*V2 long,u,short,no,no,primary,a,short
4127,hukkaama,VC:V:,AG,a,105,(4) 100-125ms,long,short,*V2 long,u,short,no,no,primary,a,short
4128,hukkaama,VC:V:,AG,a,67,(2) 50-75ms,long,short,*V2 long,u,short,no,no,primary,a,short
4129,hukkaama,VC:V:,LM,a,70,(2) 50-75ms,long,short,*V2 long,u,short,no,no,primary,a,short
4130,hukkaama,VC:V:,EI,a,106,(4) 100-125ms,long,short,*V2 long,u,short,no,no,primary,a,short
4131,hukkaama,VC:V:,ST,a,42,(1) <50ms,long,short,*V2 long,u,short,no,no,primary,a,short
4132,hukkaama,VC:V:,ST,a,78,(3) 75-100ms,long,short,*V2 long,u,short,no,no,primary,a,short
4133,hukkaama,VC:V:,LM,a,102,(4) 100-125ms,long,short,*V2 long,u,short,no,no,primary,a,short
4134,hukkaama,VC:V:,EI,a,96,(3) 75-100ms,long,short,*V2 long,u,short,no,no,primary,a,short
4135,hukkaama,VC:V:,AL,a,51,(2) 50-75ms,long,short,*V2 long,u,short,no,no,primary,a,short
4136,hukkaama,VC:V:,AG,a,98,(3) 75-100ms,long,short,*V2 long,u,short,no,no,primary,a,short
4137,hukkaama,VC:V:,AL,a,66,(2) 50-75ms,long,short,*V2 long,u,short,no,no,primary,a,short
4138,hukkaama,VC:V:,EI,a,101,(4) 100-125ms,long,short,*V2 long,u,short,no,no,primary,a,short
4139,hukkaama,VC:V:,ST,a,48,(1) <50ms,long,short,*V2 long,u,short,no,no,primary,a,short
4140,hukkaama,VC:V:,EI,a,106,(4) 100-125ms,long,short,*V2 long,u,short,no,no,primary,a,short
4141,hukkaama,VC:V:,EI,a,114,(4) 100-125ms,long,short,*V2 long,u,short,no,no,primary,a,short
4142,hukkaama,VC:V:,EI,a,105,(4) 100-125ms,long,short,*V2 long,u,short,no,no,primary,a,short
4143,hukkaama,VC:V:,AG,a,102,(4) 100-125ms,long,short,*V2 long,u,short,no,no,primary,a,short
4144,hukkaama,VC:V:,LM,a,65,(2) 50-75ms,long,short,*V2 long,u,short,no,no,primary,a,short
4145,hukkaama,VC:V:,EI,a,153,(5) >125ms ,long,short,*V2 long,u,short,no,no,primary,a,short
4146,hukkaama,VC:V:,LM,a,55,(2) 50-75ms,long,short,*V2 long,u,short,no,no,primary,a,short
4147,hukkaama,VC:V:,ST,a,51,(2) 50-75ms,long,short,*V2 long,u,short,no,no,primary,a,short
4148,hukkaama,VC:V:,LM,a,65,(2) 50-75ms,long,short,*V2 long,u,short,no,no,primary,a,short
4149,hukkaama,VC:V:,AL,a,45,(1) <50ms,long,short,*V2 long,u,short,no,no,primary,a,short
4150,hukkaama,VC:V:,LM,a,56,(2) 50-75ms,long,short,*V2 long,u,short,no,no,primary,a,short
4151,hukkaama,VC:V:,AL,a,74,(2) 50-75ms,long,short,*V2 long,u,short,no,no,primary,a,short
4152,hukkaama,VC:V:,AL,a,51,(2) 50-75ms,long,short,*V2 long,u,short,no,no,primary,a,short
4153,hukkaama,VC:V:,LM,a,59,(2) 50-75ms,long,short,*V2 long,u,short,no,no,primary,a,short
4154,hukkaama,VC:V:,AG,a,82,(3) 75-100ms,long,short,*V2 long,u,short,no,no,primary,a,short
4155,hukkaama,VC:V:,AL,a,81,(3) 75-100ms,long,short,*V2 long,u,short,no,no,primary,a,short
4156,hukkaama,VC:V:,AG,a,119,(4) 100-125ms,long,short,*V2 long,u,short,no,no,primary,a,short
4157,hUlkAAmA,VRCï¿½,AG,A,100,(3) 75-100ms,long,short,*V2 long,U,short,no,yes,secondary,A,short
4158,hUlkAAmA,VRCï¿½,AL,A,53,(2) 50-75ms,long,short,*V2 long,u,short,no,yes,secondary,A,short
4159,hUlkAAmA,VRCï¿½,AG,A,155,(5) >125ms ,long,short,*V2 long,U,short,no,yes,secondary,A,short
4160,hUlkAAmA,VRCï¿½,AL,A,59,(2) 50-75ms,long,short,*V2 long,u,short,no,yes,secondary,A,short
4161,hUlkAAmA,VRCï¿½,EI,A,82,(3) 75-100ms,long,short,*V2 long,U,short,no,yes,secondary,A,short
4162,hUlkAAmA,VRCï¿½,AG,A,140,(5) >125ms ,long,short,*V2 long,u,short,no,yes,secondary,A,short
4163,hUlkAAmA,VRCï¿½,EI,A,72,(2) 50-75ms,long,short,*V2 long,U,short,no,yes,secondary,A,short
4164,hUlkAAmA,VRCï¿½,ST,A,49,(1) <50ms,long,short,*V2 long,U,short,no,yes,secondary,A,short
4165,hUlkAAmA,VRCï¿½,AL,A,79,(3) 75-100ms,long,short,*V2 long,U,short,no,yes,secondary,A,short
4166,hUlkAAmA,VRCï¿½,ST,A,37,(1) <50ms,long,short,*V2 long,U,short,no,yes,secondary,A,short
4167,hUlkAAmA,VRCï¿½,AG,A,156,(5) >125ms ,long,short,*V2 long,U,short,no,yes,secondary,A,short
4168,hUlkAAmA,VRCï¿½,LM,A,56,(2) 50-75ms,long,short,*V2 long,U,short,no,yes,secondary,A,short
4169,hUlkAAmA,VRCï¿½,AL,A,78,(3) 75-100ms,long,short,*V2 long,U,short,no,yes,secondary,A,short
4170,hUlkAAmA,VRCï¿½,AL,A,79,(3) 75-100ms,long,short,*V2 long,U,short,no,yes,secondary,A,short
4171,hUlkAAmA,VRCï¿½,EI,A,123,(4) 100-125ms,long,short,*V2 long,U,short,no,yes,secondary,A,short
4172,hUlkAAmA,VRCï¿½,AG,A,125,(4) 100-125ms,long,short,*V2 long,U,short,no,yes,secondary,A,short
4173,hUlkAAmA,VRCï¿½,AL,A,70,(2) 50-75ms,long,short,*V2 long,U,short,no,yes,secondary,A,short
4174,hUlkAAmA,VRCï¿½,ST,A,37,(1) <50ms,long,short,*V2 long,U,short,no,yes,secondary,A,short
4175,hUlkAAmA,VRCï¿½,ST,A,37,(1) <50ms,long,short,*V2 long,U,short,no,yes,secondary,A,short
4176,hUlkAAmA,VRCï¿½,EI,A,76,(3) 75-100ms,long,short,*V2 long,U,short,no,yes,secondary,A,short
4177,hUlkAAmA,VRCï¿½,LM,A,30,(1) <50ms,long,short,*V2 long,U,short,no,yes,secondary,A,short
4178,hUlkAAmA,VRCï¿½,ST,A,48,(1) <50ms,long,short,*V2 long,U,short,no,yes,secondary,A,short
4179,hUlkAAmA,VRCï¿½,LM,A,90,(3) 75-100ms,long,short,*V2 long,U,short,no,yes,secondary,A,short
4180,hUlkAAmA,VRCï¿½,AG,A,117,(4) 100-125ms,long,short,*V2 long,u,short,no,yes,secondary,A,short
4181,hUlkAAmA,VRCï¿½,AG,A,104,(4) 100-125ms,long,short,*V2 long,U,short,no,yes,secondary,A,short
4182,hUlkAAmA,VRCï¿½,EI,A,97,(3) 75-100ms,long,short,*V2 long,U,short,no,yes,secondary,A,short
4183,hUlkAAmA,VRCï¿½,LM,A,69,(2) 50-75ms,long,short,*V2 long,U,short,no,yes,secondary,A,short
4184,hUlkAAmA,VRCï¿½,ST,A,42,(1) <50ms,long,short,*V2 long,U,short,no,yes,secondary,A,short
4185,hUlkAAmA,VRCï¿½,AG,A,113,(4) 100-125ms,long,short,*V2 long,u,short,no,yes,secondary,A,short
4186,hUlkAAmA,VRCï¿½,LM,A,65,(2) 50-75ms,long,short,*V2 long,U,short,no,yes,secondary,A,short
4187,hUlkAAmA,VRCï¿½,AG,A,142,(5) >125ms ,long,short,*V2 long,U,short,no,yes,secondary,A,short
4188,hUlkAAmA,VRCï¿½,ST,A,40,(1) <50ms,long,short,*V2 long,U,short,no,yes,secondary,A,short
4189,hUlkAAmA,VRCï¿½,LM,A,43,(1) <50ms,long,short,*V2 long,U,short,no,yes,secondary,A,short
4190,hUlkAAmA,VRCï¿½,LM,A,42,(1) <50ms,long,short,*V2 long,U,short,no,yes,secondary,A,short
4191,hUlkAAmA,VRCï¿½,EI,A,97,(3) 75-100ms,long,short,*V2 long,U,short,no,yes,secondary,A,short
4192,hUlkAAmA,VRCï¿½,AG,A,108,(4) 100-125ms,long,short,*V2 long,U,short,no,yes,secondary,A,short
4193,hUlkAAmA,VRCï¿½,AG,A,121,(4) 100-125ms,long,short,*V2 long,U,short,no,yes,secondary,A,short
4194,hUlkAAmA,VRCï¿½,LM,A,49,(1) <50ms,long,short,*V2 long,u,short,no,yes,secondary,A,short
4195,hUlkAAmA,VRCï¿½,AG,A,148,(5) >125ms ,long,short,*V2 long,u,short,no,yes,secondary,A,short
4196,hUlkAAmA,VRCï¿½,AG,A,105,(4) 100-125ms,long,short,*V2 long,U,short,no,yes,secondary,A,short
4197,hUlkAAmA,VRCï¿½,LM,A,84,(3) 75-100ms,long,short,*V2 long,U,short,no,yes,secondary,A,short
4198,hUlkAAmA,VRCï¿½,ST,A,79,(3) 75-100ms,long,short,*V2 long,U,short,no,yes,secondary,A,short
4199,hUlkAAmA,VRCï¿½,AG,A,123,(4) 100-125ms,long,short,*V2 long,U,short,no,yes,secondary,A,short
4200,hUppAAmA,VC:V:,LM,A,75,(2) 50-75ms,long,short,*V2 long,U,short,no,no,primary,a,short
4201,hUppAAmA,VC:V:,EI,A,135,(5) >125ms ,long,short,*V2 long,U,short,no,no,primary,A,short
4202,hUppAAmA,VC:V:,ST,A,74,(2) 50-75ms,long,short,*V2 long,U,short,no,no,primary,A,short
4203,hUppAAmA,VC:V:,LM,A,80,(3) 75-100ms,long,short,*V2 long,U,short,no,no,primary,A,short
4204,hUppAAmA,VC:V:,ST,A,42,(1) <50ms,long,short,*V2 long,U,short,no,no,primary,A,short
4205,hUppAAmA,VC:V:,EI,A,126,(5) >125ms ,long,short,*V2 long,U,short,no,no,primary,A,short
4206,hUppAAmA,VC:V:,LM,A,76,(3) 75-100ms,long,short,*V2 long,U,short,no,no,primary,a,short
4207,hUppAAmA,VC:V:,ST,A,61,(2) 50-75ms,long,short,*V2 long,U,short,no,no,primary,A,short
4208,hUppAAmA,VC:V:,ST,A,61,(2) 50-75ms,long,short,*V2 long,U,short,no,no,primary,A,short
4209,hUppAAmA,VC:V:,ST,A,71,(2) 50-75ms,long,short,*V2 long,U,short,no,no,primary,A,short
4210,hUppAAmA,VC:V:,EI,A,150,(5) >125ms ,long,short,*V2 long,U,short,no,no,primary,A,short
4211,hUppAAmA,VC:V:,ST,A,54,(2) 50-75ms,long,short,*V2 long,U,short,no,no,primary,A,short
4212,hUppAAmA,VC:V:,LM,A,75,(2) 50-75ms,long,short,*V2 long,U,short,no,no,primary,A,short
4213,hUppAAmA,VC:V:,EI,A,111,(4) 100-125ms,long,short,*V2 long,U,short,no,no,primary,A,short
4214,hUppAAmA,VC:V:,EI,A,130,(5) >125ms ,long,short,*V2 long,U,short,no,no,primary,A,short
4215,hUppAAmA,VC:V:,EI,A,120,(4) 100-125ms,long,short,*V2 long,U,short,no,no,primary,A,short
4216,hUppAAmA,VC:V:,AG,A,107,(4) 100-125ms,long,short,*V2 long,U,short,no,no,primary,A,short
4217,hUppAAmA,VC:V:,LM,A,81,(3) 75-100ms,long,short,*V2 long,U,short,no,no,primary,a,short
4218,hUppAAmA,VC:V:,AG,A,165,(5) >125ms ,long,short,*V2 long,U,short,no,no,primary,A,short
4219,hUppAAmA,VC:V:,EI,A,123,(4) 100-125ms,long,short,*V2 long,U,short,no,no,primary,A,short
4220,hUppAAmA,VC:V:,AG,A,110,(4) 100-125ms,long,short,*V2 long,U,short,no,no,primary,A,short
4221,hUppAAmA,VC:V:,EI,A,138,(5) >125ms ,long,short,*V2 long,U,short,no,no,primary,A,short
4222,hUppAAmA,VC:V:,AG,A,118,(4) 100-125ms,long,short,*V2 long,U,short,no,no,primary,A,short
4223,hUppAAmA,VC:V:,LM,A,67,(2) 50-75ms,long,short,*V2 long,U,short,no,no,primary,A,short
4224,hUppAAmA,VC:V:,LM,A,61,(2) 50-75ms,long,short,*V2 long,U,short,no,no,primary,A,short
4225,hUppAAmA,VC:V:,LM,A,70,(2) 50-75ms,long,short,*V2 long,U,short,no,no,primary,A,short
4226,hUppAAmA,VC:V:,LM,A,54,(2) 50-75ms,long,short,*V2 long,U,short,no,no,primary,a,short
4227,hUppiimA,VC:V:,ST,i,98,(3) 75-100ms,long,short,*V2 long,U,short,no,no,primary,A,short
4228,hUppiimA,VC:V:,ST,i,70,(2) 50-75ms,long,short,*V2 long,U,short,no,no,primary,A,short
4229,hUppiimA,VC:V:,ST,i,75,(2) 50-75ms,long,short,*V2 long,U,short,no,no,primary,A,short
4230,hUppiimA,VC:V:,ST,i,86,(3) 75-100ms,long,short,*V2 long,U,short,no,no,primary,A,short
4231,hUppiimA,VC:V:,ST,i,49,(1) <50ms,long,short,*V2 long,U,short,no,no,primary,A,short
4232,hUppiimA,VC:V:,ST,i,127,(5) >125ms ,long,short,*V2 long,U,short,no,no,primary,A,short
4233,hUppiimA,VC:V:,ST,i,129,(5) >125ms ,long,short,*V2 long,u,short,no,no,primary,A,short
4234,hUppiimA,VC:V:,AL,i,38,(1) <50ms,long,short,*V2 long,u,short,no,no,primary,A,short
4235,hUppiimA,VC:V:,ST,i,96,(3) 75-100ms,long,short,*V2 long,U,short,no,no,primary,A,short
4236,hUppiimA,VC:V:,ST,i,55,(2) 50-75ms,long,short,*V2 long,U,short,no,no,primary,a,short
4237,hUppiimA,VC:V:,ST,i,49,(1) <50ms,long,short,*V2 long,U,short,no,no,primary,A,short
4238,hUppiimA,VC:V:,LM,i,58,(2) 50-75ms,long,short,*V2 long,u,short,no,no,primary,A,short
4239,hUppiimA,VC:V:,ST,i,60,(2) 50-75ms,long,short,*V2 long,U,short,no,no,primary,a,short
4240,hUppiimA,VC:V:,ST,i,81,(3) 75-100ms,long,short,*V2 long,U,short,no,no,primary,A,short
4241,hUppiimA,VC:V:,ST,i,90,(3) 75-100ms,long,short,*V2 long,U,short,no,no,primary,A,short
4242,hUppiimA,VC:V:,ST,i,59,(2) 50-75ms,long,short,*V2 long,U,short,no,no,primary,A,short
4243,hUppiimA,VC:V:,AL,i,40,(1) <50ms,long,short,*V2 long,U,short,no,no,primary,A,short
4244,hUppiimA,VC:V:,ST,i,81,(3) 75-100ms,long,short,*V2 long,U,short,no,no,primary,A,short
4245,hUppiimA,VC:V:,ST,i,59,(2) 50-75ms,long,short,*V2 long,U,short,no,no,primary,A,short
4246,hUppiimA,VC:V:,AL,i,50,(1) <50ms,long,short,*V2 long,U,short,no,no,primary,A,short
4247,jAdAmA,VCV,EI,A,144,(5) >125ms ,short,long,V2 lengthened,A,short,no,no,singleton,A,short
4248,jAdAmA,VCV,EI,A,165,(5) >125ms ,short,long,V2 lengthened,A,short,no,no,singleton,A,short
4249,jAdAmA,VCV,ST,A,137,(5) >125ms ,short,long,V2 lengthened,A,short,no,no,singleton,A,short
4250,jAdAmA,VCV,EI,A,147,(5) >125ms ,short,long,V2 lengthened,A,short,no,no,singleton,A,short
4251,jAdAmA,VCV,EI,A,139,(5) >125ms ,short,long,V2 lengthened,A,short,no,no,singleton,A,short
4252,jAdAmA,VCV,LM,a,132,(5) >125ms ,short,long,V2 lengthened,A,short,no,no,singleton,A,short
4253,jAdAmA,VCV,EI,A,138,(5) >125ms ,short,long,V2 lengthened,A,short,no,no,singleton,A,short
4254,jAdAmA,VCV,EI,A,122,(4) 100-125ms,short,long,V2 lengthened,A,short,no,no,singleton,A,short
4255,jAdAmA,VCV,EI,A,150,(5) >125ms ,short,long,V2 lengthened,A,short,no,no,singleton,A,short
4256,jAdAmA,VCV,EI,A,152,(5) >125ms ,short,long,V2 lengthened,A,short,no,no,singleton,A,short
4257,jAdAmA,VCV,LM,A,103,(4) 100-125ms,short,long,V2 lengthened,A,short,no,no,singleton,A,short
4258,jAdAmA,VCV,ST,A,131,(5) >125ms ,short,long,V2 lengthened,A,short,no,no,singleton,A,short
4259,jAdAmA,VCV,ST,A,130,(5) >125ms ,short,long,V2 lengthened,A,short,no,no,singleton,A,short
4260,jAdAmA,VCV,EI,A,145,(5) >125ms ,short,long,V2 lengthened,A,short,no,no,singleton,A,short
4261,jAdAmA,VCV,AL,A,107,(4) 100-125ms,short,long,V2 lengthened,A,short,no,no,singleton,A,short
4262,jAdAmA,VCV,LM,A,118,(4) 100-125ms,short,long,V2 lengthened,A,short,no,no,singleton,A,short
4263,jAdAmA,VCV,ST,A,129,(5) >125ms ,short,long,V2 lengthened,A,short,no,no,singleton,A,short
4264,jAdAmA,VCV,LM,A,113,(4) 100-125ms,short,long,V2 lengthened,A,short,no,no,singleton,A,short
4265,jAdAmA,VCV,ST,A,128,(5) >125ms ,short,long,V2 lengthened,A,short,no,no,singleton,A,short
4266,jAdAmA,VCV,ST,A,129,(5) >125ms ,short,long,V2 lengthened,A,short,no,no,singleton,A,short
4267,jAdAmA,VCV,EI,A,110,(4) 100-125ms,short,long,V2 lengthened,A,short,no,no,singleton,A,short
4268,jAdAmA,VCV,AL,A,119,(4) 100-125ms,short,long,V2 lengthened,A,short,no,no,singleton,A,short
4269,jAdAmA,VCV,AG,A,141,(5) >125ms ,short,long,V2 lengthened,A,short,no,no,singleton,A,short
4270,jAdAmA,VCV,ST,A,128,(5) >125ms ,short,long,V2 lengthened,A,short,no,no,singleton,A,short
4271,jAdAmA,VCV,AG,A,126,(5) >125ms ,short,long,V2 lengthened,A,short,no,no,singleton,A,short
4272,jAdAmA,VCV,ST,A,131,(5) >125ms ,short,long,V2 lengthened,A,short,no,no,singleton,A,short
4273,jAdAmA,VCV,AG,A,117,(4) 100-125ms,short,long,V2 lengthened,A,short,no,no,singleton,A,short
4274,jAdAmA,VCV,EI,A,123,(4) 100-125ms,short,long,V2 lengthened,A,short,no,no,singleton,A,short
4275,jAdAmA,VCV,AL,A,113,(4) 100-125ms,short,long,V2 lengthened,A,short,no,no,singleton,A,short
4276,jAdAmA,VCV,EI,A,136,(5) >125ms ,short,long,V2 lengthened,A,short,no,no,singleton,A,short
4277,jalkoja,VRCï¿,AL,o,27,(1) <50ms,short,short,V2 short,a,short,no,yes,secondary,a,short
4278,jalkoja,VRCï¿,ST,o,54,(2) 50-75ms,short,short,V2 short,a,short,no,yes,secondary,a,short
4279,jalkoja,VRCï¿,LM,o,68,(2) 50-75ms,short,short,V2 short,a,short,no,yes,secondary,a,short
4280,jalkoja,VRCï¿,EI,o,47,(1) <50ms,short,short,V2 short,a,short,no,yes,secondary,a,short
4281,jalkoja,VRCï¿,AG,o,65,(2) 50-75ms,short,short,V2 short,a,short,no,yes,secondary,a,short
4282,jalkoja,VRCï¿,AG,o,47,(1) <50ms,short,short,V2 short,a,short,no,yes,secondary,a,short
4283,jalkoja,VRCï¿,EI,o,61,(2) 50-75ms,short,short,V2 short,a,short,no,yes,secondary,a,short
4284,jalkoja,VRCï¿,AL,o,40,(1) <50ms,short,short,V2 short,a,short,no,yes,secondary,a,short
4285,jalkoja,VRCï¿,EI,o,87,(3) 75-100ms,short,short,V2 short,a,short,no,yes,secondary,a,short
4286,jalkoja,VRCï¿,AL,o,53,(2) 50-75ms,short,short,V2 short,a,short,no,yes,secondary,a,short
4287,jalkoja,VRCï¿,AL,o,47,(1) <50ms,short,short,V2 short,a,short,no,yes,secondary,a,short
4288,jalkoja,VRCï¿,EI,o,96,(3) 75-100ms,short,short,V2 short,a,short,no,yes,secondary,a,short
4289,jalkoja,VRCï¿,EI,o,78,(3) 75-100ms,short,short,V2 short,a,short,no,yes,secondary,a,short
4290,jalkoja,VRCï¿,AG,o,80,(3) 75-100ms,short,short,V2 short,a,short,no,yes,secondary,a,short
4291,jalkoja,VRCï¿,LM,o,68,(2) 50-75ms,short,short,V2 short,a,short,no,yes,secondary,a,short
4292,jalkoja,VRCï¿,EI,o,56,(2) 50-75ms,short,short,V2 short,a,short,no,yes,secondary,a,short
4293,jalkoja,VRCï¿,ST,o,68,(2) 50-75ms,short,short,V2 short,a,short,no,yes,secondary,a,short
4294,jalkoja,VRCï¿,LM,o,66,(2) 50-75ms,short,short,V2 short,a,short,no,yes,secondary,a,short
4295,jalkoja,VRCï¿,AG,o,73,(2) 50-75ms,short,short,V2 short,a,short,no,yes,secondary,a,short
4296,jalkoja,VRCï¿,EI,o,69,(2) 50-75ms,short,short,V2 short,a,short,no,yes,secondary,a,short
4297,jalkoja,VRCï¿,AG,o,51,(2) 50-75ms,short,short,V2 short,a,short,no,yes,secondary,a,short
4298,jalkoja,VRCï¿,AG,o,64,(2) 50-75ms,short,short,V2 short,a,short,no,yes,secondary,a,short
4299,jalkoja,VRCï¿,LM,o,63,(2) 50-75ms,short,short,V2 short,a,short,no,yes,secondary,a,short
4300,jalkoja,VRCï¿,LM,o,84,(3) 75-100ms,short,short,V2 short,a,short,no,yes,secondary,a,short
4301,jalkoja,VRCï¿,AL,o,64,(2) 50-75ms,short,short,V2 short,a,short,no,yes,secondary,a,short
4302,jalkoja,VRCï¿,AG,o,73,(2) 50-75ms,short,short,V2 short,a,short,no,yes,secondary,a,short
4303,jalkoja,VRCï¿,AL,o,52,(2) 50-75ms,short,short,V2 short,a,short,no,yes,secondary,a,short
4304,jalkoja,VRCï¿,LM,o,57,(2) 50-75ms,short,short,V2 short,a,short,no,yes,secondary,a,short
4305,jalkoja,VRCï¿,EI,o,90,(3) 75-100ms,short,short,V2 short,a,short,no,yes,secondary,a,short
4306,jalkoja,VRCï¿,AL,o,46,(1) <50ms,short,short,V2 short,a,short,no,yes,secondary,a,short
4307,jalkoja,VRCï¿,ST,o,59,(2) 50-75ms,short,short,V2 short,a,short,no,yes,secondary,a,short
4308,jalkoja,VRCï¿,AL,o,64,(2) 50-75ms,short,short,V2 short,a,short,no,yes,secondary,a,short
4309,jalkoja,VRCï¿,LM,o,90,(3) 75-100ms,short,short,V2 short,a,short,no,yes,secondary,a,short
4310,jalkoja,VRCï¿,ST,o,40,(1) <50ms,short,short,V2 short,a,short,no,yes,secondary,a,short
4311,kAAnteli,V:RCï¿,ST,e,44,(1) <50ms,short,short,V2 short,A,long,no,yes,secondary,i,short
4312,kAAnteli,V:RCï¿,AL,e,38,(1) <50ms,short,short,V2 short,A,long,no,yes,secondary,i,short
4313,kAAnteli,V:RCï¿,AL,e,44,(1) <50ms,short,short,V2 short,A,long,no,yes,secondary,i,short
4314,kAAnteli,V:RCï¿,EI,e,66,(2) 50-75ms,short,short,V2 short,A,long,no,yes,secondary,i,short
4315,kAAnteli,V:RCï¿,LM,e,64,(2) 50-75ms,short,short,V2 short,A,long,no,yes,secondary,i,short
4316,kAAnteli,V:RCï¿,AG,e,73,(2) 50-75ms,short,short,V2 short,A,long,no,yes,secondary,i,short
4317,kAAnteli,V:RCï¿,EI,e,101,(4) 100-125ms,short,short,V2 short,A,long,no,yes,secondary,i,short
4318,kAAnteli,V:RCï¿,AG,e,73,(2) 50-75ms,short,short,V2 short,A,long,no,yes,secondary,i,short
4319,kAAnteli,V:RCï¿,ST,e,57,(2) 50-75ms,short,short,V2 short,A,long,no,yes,secondary,i,short
4320,kAAnteli,V:RCï¿,AG,e,76,(3) 75-100ms,short,short,V2 short,A,long,no,yes,secondary,i,short
4321,kAAnteli,V:RCï¿,LM,e,60,(2) 50-75ms,short,short,V2 short,A,long,no,yes,secondary,i,short
4322,kAAnteli,V:RCï¿,EI,e,65,(2) 50-75ms,short,short,V2 short,A,long,no,yes,secondary,i,short
4323,kAAnteli,V:RCï¿,EI,e,68,(2) 50-75ms,short,short,V2 short,A,long,no,yes,secondary,i,short
4324,kAAnteli,V:RCï¿,ST,e,43,(1) <50ms,short,short,V2 short,A,long,no,yes,secondary,i,short
4325,kAAnteli,V:RCï¿,AG,e,103,(4) 100-125ms,short,short,V2 short,A,long,no,yes,secondary,i,short
4326,kAAnteli,V:RCï¿,LM,e,48,(1) <50ms,short,short,V2 short,A,long,no,yes,secondary,i,short
4327,kAAnteli,V:RCï¿,LM,e,72,(2) 50-75ms,short,short,V2 short,A,long,no,yes,secondary,i,short
4328,kAAnteli,V:RCï¿,AL,e,44,(1) <50ms,short,short,V2 short,A,long,no,yes,secondary,i,short
4329,kAAnteli,V:RCï¿,LM,e,64,(2) 50-75ms,short,short,V2 short,A,long,no,yes,secondary,i,short
4330,kAAnteli,V:RCï¿,EI,e,53,(2) 50-75ms,short,short,V2 short,A,long,no,yes,secondary,i,short
4331,kAAnteli,V:RCï¿,EI,e,43,(1) <50ms,short,short,V2 short,A,long,no,yes,secondary,i,short
4332,kAAnteli,V:RCï¿,AL,e,43,(1) <50ms,short,short,V2 short,A,long,no,yes,secondary,i,short
4333,kAAnteli,V:RCï¿,LM,e,46,(1) <50ms,short,short,V2 short,A,long,no,yes,secondary,i,short
4334,kAAnteli,V:RCï¿,AG,e,48,(1) <50ms,short,short,V2 short,A,long,no,yes,secondary,i,short
4335,kAAnteli,V:RCï¿,EI,e,79,(3) 75-100ms,short,short,V2 short,A,long,no,yes,secondary,i,short
4336,kAAnteli,V:RCï¿,AL,e,45,(1) <50ms,short,short,V2 short,A,long,no,yes,secondary,i,short
4337,kAAnteli,V:RCï¿,ST,e,44,(1) <50ms,short,short,V2 short,A,long,no,yes,secondary,i,short
4338,kAAnteli,V:RCï¿,EI,e,60,(2) 50-75ms,short,short,V2 short,A,long,no,yes,secondary,i,short
4339,kAAnteli,V:RCï¿,EI,e,79,(3) 75-100ms,short,short,V2 short,A,long,no,yes,secondary,i,short
4340,kAAnteli,V:RCï¿,AL,e,38,(1) <50ms,short,short,V2 short,A,long,no,yes,secondary,i,short
4341,kAAnteli,V:RCï¿,EI,e,74,(2) 50-75ms,short,short,V2 short,A,long,no,yes,secondary,i,short
4342,kAAnteli,V:RCï¿,EI,e,64,(2) 50-75ms,short,short,V2 short,A,long,no,yes,secondary,i,short
4343,kAAnteli,V:RCï¿,AG,e,85,(3) 75-100ms,short,short,V2 short,A,long,no,yes,secondary,i,short
4344,kAAnteli,V:RCï¿,AG,e,52,(2) 50-75ms,short,short,V2 short,A,long,no,yes,secondary,i,short
4345,kAAnteli,V:RCï¿,AL,e,60,(2) 50-75ms,short,short,V2 short,A,long,no,yes,secondary,i,short
4346,kAAnteli,V:RCï¿,EI,e,48,(1) <50ms,short,short,V2 short,A,long,no,yes,secondary,i,short
4347,kAAntiimA,V:RCï¿½,EI,i,65,(2) 50-75ms,long,short,*V2 long,A,long,no,yes,secondary,A,short
4348,kAAntiimA,V:RCï¿½,EI,i,73,(2) 50-75ms,long,short,*V2 long,A,long,no,yes,secondary,A,short
4349,kAAntiimA,V:RCï¿½,LM,i,59,(2) 50-75ms,long,short,*V2 long,A,long,no,yes,secondary,A,short
4350,kAAntiimA,V:RCï¿½,AG,i,67,(2) 50-75ms,long,short,*V2 long,A,long,no,yes,secondary,A,short
4351,kAAntiimA,V:RCï¿½,EI,i,70,(2) 50-75ms,long,short,*V2 long,A,long,no,yes,secondary,A,short
4352,kAAntiimA,V:RCï¿½,EI,i,48,(1) <50ms,long,short,*V2 long,A,long,no,yes,secondary,A,short
4353,kAAntiimA,V:RCï¿½,EI,i,49,(1) <50ms,long,short,*V2 long,A,long,no,yes,secondary,A,short
4354,kAAntiimA,V:RCï¿½,ST,i,69,(2) 50-75ms,long,short,*V2 long,A,long,no,yes,secondary,A,short
4355,kAAntiimA,V:RCï¿½,EI,i,56,(2) 50-75ms,long,short,*V2 long,A,long,no,yes,secondary,A,short
4356,kAAntiimA,V:RCï¿½,AG,i,68,(2) 50-75ms,long,short,*V2 long,A,long,no,yes,secondary,A,short
4357,kAAntiimA,V:RCï¿½,EI,i,117,(4) 100-125ms,long,short,*V2 long,A,long,no,yes,secondary,A,short
4358,kAAntiimA,V:RCï¿½,AG,i,94,(3) 75-100ms,long,short,*V2 long,A,long,no,yes,secondary,A,short
4359,kAAntiimA,V:RCï¿½,AG,i,60,(2) 50-75ms,long,short,*V2 long,A,long,no,yes,secondary,A,short
4360,kAAntiimA,V:RCï¿½,EI,i,80,(3) 75-100ms,long,short,*V2 long,A,long,no,yes,secondary,A,short
4361,kAAntiimA,V:RCï¿½,LM,i,100,(3) 75-100ms,long,short,*V2 long,A,long,no,yes,secondary,A,short
4362,kAAntiimA,V:RCï¿½,EI,i,84,(3) 75-100ms,long,short,*V2 long,A,long,no,yes,secondary,A,short
4363,kAAntiimA,V:RCï¿½,LM,i,62,(2) 50-75ms,long,short,*V2 long,A,long,no,yes,secondary,A,short
4364,kAAntiimA,V:RCï¿½,EI,i,59,(2) 50-75ms,long,short,*V2 long,A,long,no,yes,secondary,A,short
4365,kAAntiimA,V:RCï¿½,ST,i,54,(2) 50-75ms,long,short,*V2 long,A,long,no,yes,secondary,A,short
4366,kAAntiimA,V:RCï¿½,ST,i,71,(2) 50-75ms,long,short,*V2 long,A,long,no,yes,secondary,A,short
4367,kAAntiimA,V:RCï¿½,AG,i,80,(3) 75-100ms,long,short,*V2 long,A,long,no,yes,secondary,A,short
4368,kAAntiimA,V:RCï¿½,ST,i,64,(2) 50-75ms,long,short,*V2 long,A,long,no,yes,secondary,A,short
4369,kAAntiimA,V:RCï¿½,EI,i,88,(3) 75-100ms,long,short,*V2 long,A,long,no,yes,secondary,A,short
4370,kAAntiimA,V:RCï¿½,AG,i,49,(1) <50ms,long,short,*V2 long,A,long,no,yes,secondary,A,short
4371,kAAntiimA,V:RCï¿½,LM,i,50,(1) <50ms,long,short,*V2 long,A,long,no,yes,secondary,A,short
4372,kAAntiimA,V:RCï¿½,AG,i,53,(2) 50-75ms,long,short,*V2 long,A,long,no,yes,secondary,A,short
4373,kAAntiimA,V:RCï¿½,AG,i,40,(1) <50ms,long,short,*V2 long,A,long,no,yes,secondary,A,short
4374,kAAntiimA,V:RCï¿½,EI,i,87,(3) 75-100ms,long,short,*V2 long,A,long,no,yes,secondary,A,short
4375,kAAntiimA,V:RCï¿½,EI,i,48,(1) <50ms,long,short,*V2 long,A,long,no,yes,secondary,A,short
4376,kAAntiimA,V:RCï¿½,ST,i,70,(2) 50-75ms,long,short,*V2 long,A,long,no,yes,secondary,A,short
4377,kAAntiimA,V:RCï¿½,AG,i,55,(2) 50-75ms,long,short,*V2 long,A,long,no,yes,secondary,A,short
4378,kAAntiimA,V:RCï¿½,EI,i,62,(2) 50-75ms,long,short,*V2 long,A,long,no,yes,secondary,A,short
4379,kAAntiimA,V:RCï¿½,EI,i,60,(2) 50-75ms,long,short,*V2 long,A,long,no,yes,secondary,A,short
4380,kAAntiimA,V:RCï¿½,EI,i,54,(2) 50-75ms,long,short,*V2 long,A,long,no,yes,secondary,A,short
4381,kAAntiimA,V:RCï¿½,AL,i,49,(1) <50ms,long,short,*V2 long,A,long,no,yes,secondary,A,short
4382,kAAntiimA,V:RCï¿½,AG,i,50,(1) <50ms,long,short,*V2 long,A,long,no,yes,secondary,A,short
4383,kAAntiimA,V:RCï¿½,ST,i,70,(2) 50-75ms,long,short,*V2 long,A,long,no,yes,secondary,A,short
4384,kAAntiimA,V:RCï¿½,LM,i,65,(2) 50-75ms,long,short,*V2 long,A,long,no,yes,secondary,A,short
4385,kAAntiimA,V:RCï¿½,AL,i,62,(2) 50-75ms,long,short,*V2 long,A,long,no,yes,secondary,A,short
4386,kAAntiimA,V:RCï¿½,LM,i,60,(2) 50-75ms,long,short,*V2 long,A,long,no,yes,secondary,A,short
4387,kAAntiimA,V:RCï¿½,AL,i,62,(2) 50-75ms,long,short,*V2 long,A,long,no,yes,secondary,A,short
4388,kAAntiimA,V:RCï¿½,AG,i,41,(1) <50ms,long,short,*V2 long,A,long,no,yes,secondary,A,short
4389,kAAntiimA,V:RCï¿½,ST,i,37,(1) <50ms,long,short,*V2 long,A,long,no,yes,secondary,A,short
4390,kAAntiimA,V:RCï¿½,AG,i,53,(2) 50-75ms,long,short,*V2 long,A,long,no,yes,secondary,A,short
4391,kAAntiimA,V:RCï¿½,EI,i,73,(2) 50-75ms,long,short,*V2 long,A,long,no,yes,secondary,A,short
4392,kAAntiimA,V:RCï¿½,AG,i,60,(2) 50-75ms,long,short,*V2 long,A,long,no,yes,secondary,A,short
4393,kAAntiimA,V:RCï¿½,AL,i,40,(1) <50ms,long,short,*V2 long,A,long,no,yes,secondary,A,short
4394,kAAntiimA,V:RCï¿½,AL,i,50,(1) <50ms,long,short,*V2 long,A,long,no,yes,secondary,A,short
4395,kAAntiimA,V:RCï¿½,LM,i,93,(3) 75-100ms,long,short,*V2 long,A,long,no,yes,secondary,A,short
4396,kAAntiimA,V:RCï¿½,AL,i,68,(2) 50-75ms,long,short,*V2 long,A,long,no,yes,secondary,A,short
4397,kaipaama,V1V2Cï¿½,AG,a,134,(5) >125ms ,long,short,*V2 long,ai,long,yes,no,secondary,a,short
4398,kaipaama,V1V2Cï¿½,ST,a,60,(2) 50-75ms,long,short,*V2 long,ai,long,yes,no,secondary,a,short
4399,kaipaama,V1V2Cï¿½,AG,a,71,(2) 50-75ms,long,short,*V2 long,ai,long,yes,no,secondary,a,short
4400,kaipaama,V1V2Cï¿½,ST,a,66,(2) 50-75ms,long,short,*V2 long,ai,long,yes,no,secondary,a,short
4401,kaipaama,V1V2Cï¿½,ST,a,57,(2) 50-75ms,long,short,*V2 long,ai,long,yes,no,secondary,a,short
4402,kaipaama,V1V2Cï¿½,AG,a,116,(4) 100-125ms,long,short,*V2 long,ai,long,yes,no,secondary,a,short
4403,kaipaama,V1V2Cï¿½,AG,a,156,(5) >125ms ,long,short,*V2 long,ai,long,yes,no,secondary,a,short
4404,kakkara,VC:V,LM,a,48,(1) <50ms,short,short,V2 short,a,short,no,no,primary,a,short
4405,kakkara,VC:V,LM,a,48,(1) <50ms,short,short,V2 short,a,short,no,no,primary,a,short
4406,kakkara,VC:V,ST,a,41,(1) <50ms,short,short,V2 short,a,short,no,no,primary,a,short
4407,kakkara,VC:V,ST,a,40,(1) <50ms,short,short,V2 short,a,short,no,no,primary,a,short
4408,kakkara,VC:V,EI,a,82,(3) 75-100ms,short,short,V2 short,a,short,no,no,primary,a,short
4409,kakkara,VC:V,AL,a,38,(1) <50ms,short,short,V2 short,a,short,no,no,primary,a,short
4410,kakkara,VC:V,ST,a,39,(1) <50ms,short,short,V2 short,a,short,no,no,primary,a,short
4411,kakkara,VC:V,AL,a,57,(2) 50-75ms,short,short,V2 short,a,short,no,no,primary,a,short
4412,kakkara,VC:V,AL,a,40,(1) <50ms,short,short,V2 short,a,short,no,no,primary,a,short
4413,kakkara,VC:V,ST,a,42,(1) <50ms,short,short,V2 short,a,short,no,no,primary,a,short
4414,kakkara,VC:V,AG,a,58,(2) 50-75ms,short,short,V2 short,a,short,no,no,primary,a,short
4415,kakkara,VC:V,EI,a,73,(2) 50-75ms,short,short,V2 short,a,short,no,no,primary,a,short
4416,kakkara,VC:V,EI,a,58,(2) 50-75ms,short,short,V2 short,a,short,no,no,primary,a,short
4417,kakkara,VC:V,EI,a,76,(3) 75-100ms,short,short,V2 short,a,short,no,no,primary,a,short
4418,kakkara,VC:V,ST,a,34,(1) <50ms,short,short,V2 short,a,short,no,no,primary,a,short
4419,kakkara,VC:V,ST,a,40,(1) <50ms,short,short,V2 short,a,short,no,no,primary,a,short
4420,kakkara,VC:V,EI,a,66,(2) 50-75ms,short,short,V2 short,a,short,no,no,primary,a,short
4421,kakkara,VC:V,EI,a,49,(1) <50ms,short,short,V2 short,a,short,no,no,primary,a,short
4422,kakkara,VC:V,LM,a,46,(1) <50ms,short,short,V2 short,a,short,no,no,primary,a,short
4423,kakkara,VC:V,LM,a,31,(1) <50ms,short,short,V2 short,a,short,no,no,primary,a,short
4424,kakkara,VC:V,LM,a,42,(1) <50ms,short,short,V2 short,a,short,no,no,primary,a,short
4425,kakkara,VC:V,EI,a,60,(2) 50-75ms,short,short,V2 short,a,short,no,no,primary,a,short
4426,kakkara,VC:V,EI,a,70,(2) 50-75ms,short,short,V2 short,a,short,no,no,primary,a,short
4427,kakkara,VC:V,AG,a,62,(2) 50-75ms,short,short,V2 short,a,short,no,no,primary,a,short
4428,kakkara,VC:V,LM,a,61,(2) 50-75ms,short,short,V2 short,a,short,no,no,primary,a,short
4429,kakkara,VC:V,AG,a,28,(1) <50ms,short,short,V2 short,a,short,no,no,primary,a,short
4430,kakkara,VC:V,ST,a,42,(1) <50ms,short,short,V2 short,a,short,no,no,primary,a,short
4431,kakkara,VC:V,EI,a,48,(1) <50ms,short,short,V2 short,a,short,no,no,primary,a,short
4432,kakkara,VC:V,LM,a,58,(2) 50-75ms,short,short,V2 short,a,short,no,no,primary,a,short
4433,kakkara,VC:V,EI,a,77,(3) 75-100ms,short,short,V2 short,a,short,no,no,primary,a,short
4434,kakkara,VC:V,LM,a,29,(1) <50ms,short,short,V2 short,a,short,no,no,primary,a,short
4435,kakkara,VC:V,ST,a,57,(2) 50-75ms,short,short,V2 short,a,short,no,no,primary,a,short
4436,kakkara,VC:V,ST,a,39,(1) <50ms,short,short,V2 short,a,short,no,no,primary,a,short
4437,kakkara,VC:V,ST,a,46,(1) <50ms,short,short,V2 short,a,short,no,no,primary,a,short
4438,kakkara,VC:V,ST,a,53,(2) 50-75ms,short,short,V2 short,a,short,no,no,primary,a,short
4439,kAAndelOO,V:RCV,AL,e,47,(1) <50ms,short,short,V2 short,A,long,no,yes,singleton,O,long
4440,kAAndelOO,V:RCV,AL,e,47,(1) <50ms,short,short,V2 short,A,long,no,yes,singleton,O,long
4441,kAAndelOO,V:RCV,EI,e,72,(2) 50-75ms,short,short,V2 short,A,long,no,yes,singleton,O,long
4442,kAAndelOO,V:RCV,EI,e,56,(2) 50-75ms,short,short,V2 short,A,long,no,yes,singleton,O,long
4443,kAAndelOO,V:RCV,AL,e,58,(2) 50-75ms,short,short,V2 short,A,long,no,yes,singleton,O,long
4444,kAAndelOO,V:RCV,EI,e,56,(2) 50-75ms,short,short,V2 short,A,long,no,yes,singleton,O,long
4445,kAAndelOO,V:RCV,AL,e,59,(2) 50-75ms,short,short,V2 short,A,long,no,yes,singleton,O,long
4446,kAAndelOO,V:RCV,EI,e,72,(2) 50-75ms,short,short,V2 short,A,long,no,yes,singleton,O,long
4447,kAAndelOO,V:RCV,EI,e,82,(3) 75-100ms,short,short,V2 short,A,long,no,yes,singleton,O,long
4448,kAAndelOO,V:RCV,LM,e,41,(1) <50ms,short,short,V2 short,A,long,no,yes,singleton,O,long
4449,kAAndelOO,V:RCV,EI,e,69,(2) 50-75ms,short,short,V2 short,A,long,no,yes,singleton,O,long
4450,kAAndelOO,V:RCV,AG,e,79,(3) 75-100ms,short,short,V2 short,A,long,no,yes,singleton,O,long
4451,kAAndelOO,V:RCV,AL,e,46,(1) <50ms,short,short,V2 short,A,long,no,yes,singleton,O,long
4452,kAAndelOO,V:RCV,AL,e,38,(1) <50ms,short,short,V2 short,A,long,no,yes,singleton,O,long
4453,kAAndelOO,V:RCV,AL,e,55,(2) 50-75ms,short,short,V2 short,A,long,no,yes,singleton,O,long
4454,kAAndelOO,V:RCV,AL,e,50,(1) <50ms,short,short,V2 short,A,long,no,yes,singleton,O,long
4455,kAAndelOO,V:RCV,AL,e,65,(2) 50-75ms,short,short,V2 short,A,long,no,yes,singleton,O,long
4456,kAAndelOO,V:RCV,AL,e,55,(2) 50-75ms,short,short,V2 short,A,long,no,yes,singleton,O,long
4457,kAAndelOO,V:RCV,LM,e,71,(2) 50-75ms,short,short,V2 short,A,long,no,yes,singleton,O,long
4458,kAAndelOO,V:RCV,LM,e,65,(2) 50-75ms,short,short,V2 short,A,long,no,yes,singleton,O,long
4459,kAAndelOO,V:RCV,AL,e,50,(1) <50ms,short,short,V2 short,A,long,no,yes,singleton,O,long
4460,kAAndelOO,V:RCV,AG,e,66,(2) 50-75ms,short,short,V2 short,A,long,no,yes,singleton,O,long
4461,kAAndelOO,V:RCV,AL,e,56,(2) 50-75ms,short,short,V2 short,A,long,no,yes,singleton,O,long
4462,kantele,VRCï¿,AL,e,47,(1) <50ms,short,short,V2 short,a,short,no,yes,secondary,e,short
4463,kantele,VRCï¿,AL,e,49,(1) <50ms,short,short,V2 short,a,short,no,yes,secondary,e,short
4464,kantele,VRCï¿,LM,e,66,(2) 50-75ms,short,short,V2 short,a,short,no,yes,secondary,e,short
4465,kantele,VRCï¿,LM,e,59,(2) 50-75ms,short,short,V2 short,a,short,no,yes,secondary,e,short
4466,kantele,VRCï¿,AL,e,42,(1) <50ms,short,short,V2 short,a,short,no,yes,secondary,e,short
4467,kantele,VRCï¿,AL,e,30,(1) <50ms,short,short,V2 short,a,short,no,yes,secondary,e,short
4468,kantele,VRCï¿,LM,e,70,(2) 50-75ms,short,short,V2 short,a,short,no,yes,secondary,e,short
4469,kantele,VRCï¿,LM,e,60,(2) 50-75ms,short,short,V2 short,a,short,no,yes,secondary,e,short
4470,kattiima,VC:V:,EI,i,64,(2) 50-75ms,long,short,*V2 long,a,short,no,no,primary,a,short
4471,kattiima,VC:V:,ST,i,50,(1) <50ms,long,short,*V2 long,a,short,no,no,primary,a,short
4472,kattiima,VC:V:,EI,i,86,(3) 75-100ms,long,short,*V2 long,a,short,no,no,primary,a,short
4473,kattiima,VC:V:,ST,i,50,(1) <50ms,long,short,*V2 long,a,short,no,no,primary,a,short
4474,kattiima,VC:V:,ST,i,60,(2) 50-75ms,long,short,*V2 long,a,short,no,no,primary,a,short
4475,kattiima,VC:V:,AL,i,80,(3) 75-100ms,long,short,*V2 long,a,short,no,no,primary,a,short
4476,kattiima,VC:V:,EI,i,60,(2) 50-75ms,long,short,*V2 long,a,short,no,no,primary,a,short
4477,kattiima,VC:V:,EI,i,90,(3) 75-100ms,long,short,*V2 long,a,short,no,no,primary,a,short
4478,kattiima,VC:V:,ST,i,50,(1) <50ms,long,short,*V2 long,a,short,no,no,primary,a,short
4479,kattiima,VC:V:,AL,i,60,(2) 50-75ms,long,short,*V2 long,a,short,no,no,primary,a,short
4480,kattiima,VC:V:,ST,i,60,(2) 50-75ms,long,short,*V2 long,a,short,no,no,primary,a,short
4481,kattiima,VC:V:,EI,i,71,(2) 50-75ms,long,short,*V2 long,a,short,no,no,primary,a,short
4482,kattiima,VC:V:,ST,i,50,(1) <50ms,long,short,*V2 long,a,short,no,no,primary,a,short
4483,kattiima,VC:V:,AL,i,44,(1) <50ms,long,short,*V2 long,a,short,no,no,primary,a,short
4484,kattiima,VC:V:,ST,i,60,(2) 50-75ms,long,short,*V2 long,a,short,no,no,primary,a,short
4485,kattiima,VC:V:,EI,i,115,(4) 100-125ms,long,short,*V2 long,a,short,no,no,primary,a,short
4486,kattiima,VC:V:,AG,i,40,(1) <50ms,long,short,*V2 long,a,short,no,no,primary,a,short
4487,kattiima,VC:V:,EI,i,79,(3) 75-100ms,long,short,*V2 long,a,short,no,no,primary,a,short
4488,kattiima,VC:V:,LM,i,60,(2) 50-75ms,long,short,*V2 long,a,short,no,no,primary,a,short
4489,kattiima,VC:V:,ST,i,49,(1) <50ms,long,short,*V2 long,a,short,no,no,primary,a,short
4490,kattiima,VC:V:,LM,i,50,(1) <50ms,long,short,*V2 long,a,short,no,no,primary,a,short
4491,kattiima,VC:V:,LM,i,82,(3) 75-100ms,long,short,*V2 long,a,short,no,no,primary,a,short
4492,kattiima,VC:V:,ST,i,60,(2) 50-75ms,long,short,*V2 long,a,short,no,no,primary,a,short
4493,kattiima,VC:V:,AG,i,50,(1) <50ms,long,short,*V2 long,a,short,no,no,primary,a,short
4494,kattiima,VC:V:,ST,i,57,(2) 50-75ms,long,short,*V2 long,a,short,no,no,primary,a,short
4495,kattiima,VC:V:,LM,i,53,(2) 50-75ms,long,short,*V2 long,a,short,no,no,primary,a,short
4496,kattiima,VC:V:,AG,i,49,(1) <50ms,long,short,*V2 long,a,short,no,no,primary,a,short
4497,kattiima,VC:V:,ST,i,47,(1) <50ms,long,short,*V2 long,a,short,no,no,primary,a,short
4498,kattiima,VC:V:,LM,i,83,(3) 75-100ms,long,short,*V2 long,a,short,no,no,primary,a,short
4499,kattiima,VC:V:,LM,i,55,(2) 50-75ms,long,short,*V2 long,a,short,no,no,primary,a,short
4500,kattiima,VC:V:,ST,i,50,(1) <50ms,long,short,*V2 long,a,short,no,no,primary,a,short
4501,kattiima,VC:V:,LM,i,80,(3) 75-100ms,long,short,*V2 long,a,short,no,no,primary,a,short
4502,kattiima,VC:V:,AG,i,70,(2) 50-75ms,long,short,*V2 long,a,short,no,no,primary,a,short
4503,kattiima,VC:V:,LM,i,83,(3) 75-100ms,long,short,*V2 long,a,short,no,no,primary,a,short
4504,kattiima,VC:V:,LM,i,62,(2) 50-75ms,long,short,*V2 long,a,short,no,no,primary,a,short
4505,kattiima,VC:V:,ST,i,50,(1) <50ms,long,short,*V2 long,a,short,no,no,primary,a,short
4506,kattila,VC:V,AG,i,61,(2) 50-75ms,short,short,V2 short,a,short,no,no,primary,a,short
4507,kattila,VC:V,LM,i,55,(2) 50-75ms,short,short,V2 short,a,short,no,no,primary,a,short
4508,kattila,VC:V,AG,i,36,(1) <50ms,short,short,V2 short,a,short,no,no,primary,a,short
4509,kattila,VC:V,ST,i,50,(1) <50ms,short,short,V2 short,a,short,no,no,primary,a,short
4510,kattila,VC:V,ST,i,52,(2) 50-75ms,short,short,V2 short,a,short,no,no,primary,a,short
4511,kattila,VC:V,AG,i,40,(1) <50ms,short,short,V2 short,a,short,no,no,primary,a,short
4512,kattila,VC:V,ST,i,65,(2) 50-75ms,short,short,V2 short,a,short,no,no,primary,a,short
4513,kattila,VC:V,LM,i,82,(3) 75-100ms,short,short,V2 short,a,short,no,no,primary,a,short
4514,kattila,VC:V,EI,i,69,(2) 50-75ms,short,short,V2 short,a,short,no,no,primary,a,short
4515,kattila,VC:V,LM,i,79,(3) 75-100ms,short,short,V2 short,a,short,no,no,primary,a,short
4516,kattila,VC:V,LM,i,72,(2) 50-75ms,short,short,V2 short,a,short,no,no,primary,a,short
4517,kattila,VC:V,ST,i,62,(2) 50-75ms,short,short,V2 short,a,short,no,no,primary,a,short
4518,kattila,VC:V,ST,i,57,(2) 50-75ms,short,short,V2 short,a,short,no,no,primary,a,short
4519,kattila,VC:V,AL,i,40,(1) <50ms,short,short,V2 short,a,short,no,no,primary,a,short
4520,kattila,VC:V,AL,i,30,(1) <50ms,short,short,V2 short,a,short,no,no,primary,a,short
4521,kattila,VC:V,LM,i,64,(2) 50-75ms,short,short,V2 short,a,short,no,no,primary,a,short
4522,kattila,VC:V,AL,i,30,(1) <50ms,short,short,V2 short,a,short,no,no,primary,a,short
4523,kattila,VC:V,EI,i,97,(3) 75-100ms,short,short,V2 short,a,short,no,no,primary,a,short
4524,kattila,VC:V,EI,i,69,(2) 50-75ms,short,short,V2 short,a,short,no,no,primary,a,short
4525,kattila,VC:V,AG,i,64,(2) 50-75ms,short,short,V2 short,a,short,no,no,primary,a,short
4526,kattila,VC:V,EI,i,93,(3) 75-100ms,short,short,V2 short,a,short,no,no,primary,a,short
4527,kattila,VC:V,EI,i,56,(2) 50-75ms,short,short,V2 short,a,short,no,no,primary,a,short
4528,kattila,VC:V,LM,i,79,(3) 75-100ms,short,short,V2 short,a,short,no,no,primary,a,short
4529,kattila,VC:V,LM,i,65,(2) 50-75ms,short,short,V2 short,a,short,no,no,primary,a,short
4530,kattila,VC:V,ST,i,72,(2) 50-75ms,short,short,V2 short,a,short,no,no,primary,a,short
4531,kattila,VC:V,ST,i,79,(3) 75-100ms,short,short,V2 short,a,short,no,no,primary,a,short
4532,kattila,VC:V,ST,i,87,(3) 75-100ms,short,short,V2 short,a,short,no,no,primary,a,short
4533,kattila,VC:V,AL,i,49,(1) <50ms,short,short,V2 short,a,short,no,no,primary,a,short
4534,kattila,VC:V,EI,i,47,(1) <50ms,short,short,V2 short,a,short,no,no,primary,a,short
4535,kattila,VC:V,EI,i,52,(2) 50-75ms,short,short,V2 short,a,short,no,no,primary,a,short
4536,kattila,VC:V,EI,i,77,(3) 75-100ms,short,short,V2 short,a,short,no,no,primary,a,short
4537,kattila,VC:V,ST,i,62,(2) 50-75ms,short,short,V2 short,a,short,no,no,primary,a,short
4538,kattila,VC:V,ST,i,56,(2) 50-75ms,short,short,V2 short,a,short,no,no,primary,a,short
4539,kattila,VC:V,ST,i,67,(2) 50-75ms,short,short,V2 short,a,short,no,no,primary,a,short
4540,kAUtteli,V1V2C:V,AG,e,73,(2) 50-75ms,short,short,V2 short,AU,long,yes,no,primary,i,short
4541,kAUtteli,V1V2C:V,AL,e,36,(1) <50ms,short,short,V2 short,AU,long,yes,no,primary,i,short
4542,kAUtteli,V1V2C:V,AL,e,30,(1) <50ms,short,short,V2 short,AU,long,yes,no,primary,i,short
4543,kAUtteli,V1V2C:V,AG,e,84,(3) 75-100ms,short,short,V2 short,AU,long,yes,no,primary,i,short
4544,kAUtteli,V1V2C:V,AG,e,46,(1) <50ms,short,short,V2 short,AU,long,yes,no,primary,i,short
4545,kAUtteli,V1V2C:V,AL,e,40,(1) <50ms,short,short,V2 short,AU,long,yes,no,primary,i,short
4546,kAUtteli,V1V2C:V,AL,e,32,(1) <50ms,short,short,V2 short,AU,long,yes,no,primary,i,short
4547,kAUtteli,V1V2C:V,AG,e,66,(2) 50-75ms,short,short,V2 short,AU,long,yes,no,primary,i,short
4548,kAUtteli,V1V2C:V,ST,e,55,(2) 50-75ms,short,short,V2 short,AU,long,yes,no,primary,i,short
4549,kAUtteli,V1V2C:V,AL,e,50,(1) <50ms,short,short,V2 short,AU,long,yes,no,primary,i,short
4550,kAUtteli,V1V2C:V,LM,e,55,(2) 50-75ms,short,short,V2 short,AU,long,yes,no,primary,i,short
4551,kAUtteli,V1V2C:V,AL,e,55,(2) 50-75ms,short,short,V2 short,AU,long,yes,no,primary,i,short
4552,kAUtteli,V1V2C:V,LM,e,61,(2) 50-75ms,short,short,V2 short,AU,long,yes,no,primary,i,short
4553,kAUtteli,V1V2C:V,AG,e,75,(2) 50-75ms,short,short,V2 short,AU,long,yes,no,primary,i,short
4554,kAUtteli,V1V2C:V,EI,e,61,(2) 50-75ms,short,short,V2 short,AU,long,yes,no,primary,i,short
4555,kAUtteli,V1V2C:V,LM,e,60,(2) 50-75ms,short,short,V2 short,AU,long,yes,no,primary,i,short
4556,kAUtteli,V1V2C:V,ST,e,47,(1) <50ms,short,short,V2 short,AU,long,yes,no,primary,i,short
4557,kAUtteli,V1V2C:V,AL,e,43,(1) <50ms,short,short,V2 short,AU,long,yes,no,primary,i,short
4558,kAUtteli,V1V2C:V,LM,e,58,(2) 50-75ms,short,short,V2 short,AU,long,yes,no,primary,i,short
4559,kAUtteli,V1V2C:V,LM,e,68,(2) 50-75ms,short,short,V2 short,AU,long,yes,no,primary,i,short
4560,kAUtteli,V1V2C:V,AL,e,16,(1) <50ms,short,short,V2 short,AU,long,yes,no,primary,i,short
4561,kAUtteli,V1V2C:V,AL,e,50,(1) <50ms,short,short,V2 short,AU,long,yes,no,primary,i,short
4562,kAUtteli,V1V2C:V,EI,e,60,(2) 50-75ms,short,short,V2 short,AU,long,yes,no,primary,i,short
4563,kAUtteli,V1V2C:V,LM,e,74,(2) 50-75ms,short,short,V2 short,AU,long,yes,no,primary,i,short
4564,kAUtteli,V1V2C:V,ST,e,59,(2) 50-75ms,short,short,V2 short,AU,long,yes,no,primary,i,short
4565,kAUtteli,V1V2C:V,EI,e,62,(2) 50-75ms,short,short,V2 short,AU,long,yes,no,primary,i,short
4566,kAUtteli,V1V2C:V,LM,e,51,(2) 50-75ms,short,short,V2 short,AU,long,yes,no,primary,i,short
4567,kAUtteli,V1V2C:V,AG,e,67,(2) 50-75ms,short,short,V2 short,AU,long,yes,no,primary,i,short
4568,kAUtteli,V1V2C:V,EI,e,56,(2) 50-75ms,short,short,V2 short,AU,long,yes,no,primary,i,short
4569,kAUtteli,V1V2C:V,EI,e,69,(2) 50-75ms,short,short,V2 short,AU,long,yes,no,primary,i,short
4570,kAUtteli,V1V2C:V,EI,e,68,(2) 50-75ms,short,short,V2 short,AU,long,yes,no,primary,i,short
4571,kAUtteli,V1V2C:V,AG,e,61,(2) 50-75ms,short,short,V2 short,AU,long,yes,no,primary,i,short
4572,kAUtteli,V1V2C:V,AG,e,75,(2) 50-75ms,short,short,V2 short,AU,long,yes,no,primary,i,short
4573,kAUtteli,V1V2C:V,EI,e,63,(2) 50-75ms,short,short,V2 short,AU,long,yes,no,primary,i,short
4574,keeltiimA,V:RCï¿½,LM,i,54,(2) 50-75ms,long,short,*V2 long,i,long,no,yes,secondary,A,short
4575,keeltiimA,V:RCï¿½,AL,i,39,(1) <50ms,long,short,*V2 long,i,long,no,yes,secondary,A,short
4576,keeltiimA,V:RCï¿½,ST,i,80,(3) 75-100ms,long,short,*V2 long,e,long,no,yes,secondary,A,short
4577,keeltiimA,V:RCï¿½,AL,i,60,(2) 50-75ms,long,short,*V2 long,i,long,no,yes,secondary,A,short
4578,keeltiimA,V:RCï¿½,LM,i,71,(2) 50-75ms,long,short,*V2 long,i,long,no,yes,secondary,A,short
4579,keeltiimA,V:RCï¿½,LM,i,62,(2) 50-75ms,long,short,*V2 long,i,long,no,yes,secondary,A,short
4580,keeltiimA,V:RCï¿½,AL,i,50,(1) <50ms,long,short,*V2 long,i,long,no,yes,secondary,A,short
4581,keeltiimA,V:RCï¿½,ST,i,69,(2) 50-75ms,long,short,*V2 long,e,long,no,yes,secondary,A,short
4582,keeltiimA,V:RCï¿½,AG,i,65,(2) 50-75ms,long,short,*V2 long,e,long,no,yes,secondary,A,short
4583,keeltiimA,V:RCï¿½,LM,i,62,(2) 50-75ms,long,short,*V2 long,i,long,no,yes,secondary,A,short
4584,keeltiimA,V:RCï¿½,AG,i,80,(3) 75-100ms,long,short,*V2 long,e,long,no,yes,secondary,A,short
4585,keeltiimA,V:RCï¿½,AG,i,70,(2) 50-75ms,long,short,*V2 long,e,long,no,yes,secondary,A,short
4586,keeltiimA,V:RCï¿½,ST,i,68,(2) 50-75ms,long,short,*V2 long,e,long,no,yes,secondary,A,short
4587,keeltiimA,V:RCï¿½,AL,i,54,(2) 50-75ms,long,short,*V2 long,i,long,no,yes,secondary,A,short
4588,keeltiimA,V:RCï¿½,AG,i,107,(4) 100-125ms,long,short,*V2 long,e,long,no,yes,secondary,A,short
4589,keeltiimA,V:RCï¿½,AG,i,65,(2) 50-75ms,long,short,*V2 long,e,long,no,yes,secondary,A,short
4590,keeltiimA,V:RCï¿½,AG,i,67,(2) 50-75ms,long,short,*V2 long,e,long,no,yes,secondary,A,short
4591,keeltiimA,V:RCï¿½,AL,i,45,(1) <50ms,long,short,*V2 long,i,long,no,yes,secondary,A,short
4592,keeltiimA,V:RCï¿½,AL,i,62,(2) 50-75ms,long,short,*V2 long,i,long,no,yes,secondary,A,short
4593,keeltiimA,V:RCï¿½,LM,i,64,(2) 50-75ms,long,short,*V2 long,i,long,no,yes,secondary,A,short
4594,keeltiimA,V:RCï¿½,ST,i,73,(2) 50-75ms,long,short,*V2 long,e,long,no,yes,secondary,A,short
4595,keeltiimA,V:RCï¿½,AG,i,85,(3) 75-100ms,long,short,*V2 long,e,long,no,yes,secondary,A,short
4596,keeltiimA,V:RCï¿½,AG,i,72,(2) 50-75ms,long,short,*V2 long,e,long,no,yes,secondary,A,short
4597,keeltiimA,V:RCï¿½,AL,i,43,(1) <50ms,long,short,*V2 long,i,long,no,yes,secondary,A,short
4598,keeltiimA,V:RCï¿½,AL,i,56,(2) 50-75ms,long,short,*V2 long,i,long,no,yes,secondary,A,short
4599,keeltiimA,V:RCï¿½,LM,i,67,(2) 50-75ms,long,short,*V2 long,i,long,no,yes,secondary,A,short
4600,keeltiimA,V:RCï¿½,LM,i,118,(4) 100-125ms,long,short,*V2 long,i,long,no,yes,secondary,A,short
4601,keeltiimA,V:RCï¿½,AG,i,100,(3) 75-100ms,long,short,*V2 long,e,long,no,yes,secondary,A,short
4602,keeltiimA,V:RCï¿½,AG,i,76,(3) 75-100ms,long,short,*V2 long,e,long,no,yes,secondary,A,short
4603,keeltiimA,V:RCï¿½,AG,i,76,(3) 75-100ms,long,short,*V2 long,e,long,no,yes,secondary,A,short
4604,keeltiimA,V:RCï¿½,LM,i,83,(3) 75-100ms,long,short,*V2 long,i,long,no,yes,secondary,A,short
4605,keeltiimA,V:RCï¿½,AG,i,76,(3) 75-100ms,long,short,*V2 long,e,long,no,yes,secondary,A,short
4606,keerdelOO,V:RCV,EI,e,83,(3) 75-100ms,short,short,V2 short,i,long,no,yes,singleton,O,long
4607,keerdelOO,V:RCV,AG,e,83,(3) 75-100ms,short,short,V2 short,e,long,no,yes,singleton,O,long
4608,keerdelOO,V:RCV,EI,e,105,(4) 100-125ms,short,short,V2 short,i,long,no,yes,singleton,O,long
4609,keerdelOO,V:RCV,AL,e,55,(2) 50-75ms,short,short,V2 short,i,long,no,yes,singleton,O,long
4610,keerdelOO,V:RCV,EI,e,93,(3) 75-100ms,short,short,V2 short,i,long,no,yes,singleton,O,long
4611,keerdelOO,V:RCV,AL,e,61,(2) 50-75ms,short,short,V2 short,i,long,no,yes,singleton,O,long
4612,keerdelOO,V:RCV,EI,e,62,(2) 50-75ms,short,short,V2 short,i,long,no,yes,singleton,O,long
4613,keerdelOO,V:RCV,AG,e,67,(2) 50-75ms,short,short,V2 short,e,long,no,yes,singleton,O,long
4614,keerdelOO,V:RCV,EI,e,77,(3) 75-100ms,short,short,V2 short,i,long,no,yes,singleton,O,long
4615,keerdelOO,V:RCV,EI,e,67,(2) 50-75ms,short,short,V2 short,i,long,no,yes,singleton,O,long
4616,keerdelOO,V:RCV,LM,e,62,(2) 50-75ms,short,short,V2 short,i,long,no,yes,singleton,O,long
4617,keerdelOO,V:RCV,AL,e,64,(2) 50-75ms,short,short,V2 short,i,long,no,yes,singleton,O,long
4618,keerdelOO,V:RCV,EI,e,58,(2) 50-75ms,short,short,V2 short,i,long,no,yes,singleton,O,long
4619,keerdelOO,V:RCV,LM,e,54,(2) 50-75ms,short,short,V2 short,i,long,no,yes,singleton,O,long
4620,keerdelOO,V:RCV,AL,e,63,(2) 50-75ms,short,short,V2 short,i,long,no,yes,singleton,O,long
4621,keerdelOO,V:RCV,AL,e,51,(2) 50-75ms,short,short,V2 short,i,long,no,yes,singleton,O,long
4622,keerdelOO,V:RCV,EI,e,81,(3) 75-100ms,short,short,V2 short,i,long,no,yes,singleton,O,long
4623,keerdelOO,V:RCV,LM,e,60,(2) 50-75ms,short,short,V2 short,i,long,no,yes,singleton,O,long
4624,keerdelOO,V:RCV,EI,e,76,(3) 75-100ms,short,short,V2 short,i,long,no,yes,singleton,O,long
4625,keerdelOO,V:RCV,LM,e,63,(2) 50-75ms,short,short,V2 short,i,long,no,yes,singleton,O,long
4626,keerdelOO,V:RCV,EI,e,93,(3) 75-100ms,short,short,V2 short,i,long,no,yes,singleton,O,long
4627,keerdelOO,V:RCV,AL,e,83,(3) 75-100ms,short,short,V2 short,i,long,no,yes,singleton,O,long
4628,keerdelOO,V:RCV,AL,e,51,(2) 50-75ms,short,short,V2 short,i,long,no,yes,singleton,O,long
4629,keerdelOO,V:RCV,EI,e,77,(3) 75-100ms,short,short,V2 short,i,long,no,yes,singleton,O,long
4630,keerdelOO,V:RCV,EI,e,88,(3) 75-100ms,short,short,V2 short,i,long,no,yes,singleton,O,long
4631,keerdelOO,V:RCV,LM,e,94,(3) 75-100ms,short,short,V2 short,i,long,no,yes,singleton,O,long
4632,keerdelOO,V:RCV,EI,e,145,(5) >125ms ,short,short,V2 short,i,long,no,yes,singleton,O,long
4633,keerdelOO,V:RCV,AL,e,66,(2) 50-75ms,short,short,V2 short,i,long,no,yes,singleton,O,long
4634,keerdelOO,V:RCV,EI,e,70,(2) 50-75ms,short,short,V2 short,i,long,no,yes,singleton,O,long
4635,keerdelOO,V:RCV,EI,e,63,(2) 50-75ms,short,short,V2 short,i,long,no,yes,singleton,O,long
4636,keerdelOO,V:RCV,LM,e,69,(2) 50-75ms,short,short,V2 short,i,long,no,yes,singleton,O,long
4637,keerdelOO,V:RCV,EI,e,82,(3) 75-100ms,short,short,V2 short,i,long,no,yes,singleton,O,long
4638,keerdelOO,V:RCV,EI,e,68,(2) 50-75ms,short,short,V2 short,i,long,no,yes,singleton,O,long
4639,keerdelOO,V:RCV,EI,e,88,(3) 75-100ms,short,short,V2 short,i,long,no,yes,singleton,O,long
4640,keerdelOO,V:RCV,EI,e,83,(3) 75-100ms,short,short,V2 short,i,long,no,yes,singleton,O,long
4641,keerdelOO,V:RCV,AG,e,83,(3) 75-100ms,short,short,V2 short,e,long,no,yes,singleton,O,long
4642,keerdelOO,V:RCV,EI,e,105,(4) 100-125ms,short,short,V2 short,i,long,no,yes,singleton,O,long
4643,keerdelOO,V:RCV,AL,e,55,(2) 50-75ms,short,short,V2 short,i,long,no,yes,singleton,O,long
4644,keerdelOO,V:RCV,EI,e,93,(3) 75-100ms,short,short,V2 short,i,long,no,yes,singleton,O,long
4645,keerdelOO,V:RCV,AL,e,61,(2) 50-75ms,short,short,V2 short,i,long,no,yes,singleton,O,long
4646,keerdelOO,V:RCV,EI,e,62,(2) 50-75ms,short,short,V2 short,i,long,no,yes,singleton,O,long
4647,keerdelOO,V:RCV,AG,e,67,(2) 50-75ms,short,short,V2 short,e,long,no,yes,singleton,O,long
4648,keerdelOO,V:RCV,EI,e,77,(3) 75-100ms,short,short,V2 short,i,long,no,yes,singleton,O,long
4649,keerdelOO,V:RCV,EI,e,67,(2) 50-75ms,short,short,V2 short,i,long,no,yes,singleton,O,long
4650,keerdelOO,V:RCV,LM,e,62,(2) 50-75ms,short,short,V2 short,i,long,no,yes,singleton,O,long
4651,keerdelOO,V:RCV,AL,e,64,(2) 50-75ms,short,short,V2 short,i,long,no,yes,singleton,O,long
4652,keerdelOO,V:RCV,EI,e,58,(2) 50-75ms,short,short,V2 short,i,long,no,yes,singleton,O,long
4653,keerdelOO,V:RCV,LM,e,54,(2) 50-75ms,short,short,V2 short,i,long,no,yes,singleton,O,long
4654,keerdelOO,V:RCV,AL,e,63,(2) 50-75ms,short,short,V2 short,i,long,no,yes,singleton,O,long
4655,keerdelOO,V:RCV,AL,e,51,(2) 50-75ms,short,short,V2 short,i,long,no,yes,singleton,O,long
4656,keerdelOO,V:RCV,EI,e,81,(3) 75-100ms,short,short,V2 short,i,long,no,yes,singleton,O,long
4657,keerdelOO,V:RCV,LM,e,60,(2) 50-75ms,short,short,V2 short,i,long,no,yes,singleton,O,long
4658,keerdelOO,V:RCV,EI,e,76,(3) 75-100ms,short,short,V2 short,i,long,no,yes,singleton,O,long
4659,keerdelOO,V:RCV,LM,e,63,(2) 50-75ms,short,short,V2 short,i,long,no,yes,singleton,O,long
4660,keerdelOO,V:RCV,EI,e,93,(3) 75-100ms,short,short,V2 short,i,long,no,yes,singleton,O,long
4661,keerdelOO,V:RCV,AL,e,83,(3) 75-100ms,short,short,V2 short,i,long,no,yes,singleton,O,long
4662,keerdelOO,V:RCV,AL,e,51,(2) 50-75ms,short,short,V2 short,i,long,no,yes,singleton,O,long
4663,keerdelOO,V:RCV,EI,e,77,(3) 75-100ms,short,short,V2 short,i,long,no,yes,singleton,O,long
4664,keerdelOO,V:RCV,EI,e,88,(3) 75-100ms,short,short,V2 short,i,long,no,yes,singleton,O,long
4665,keerdelOO,V:RCV,LM,e,94,(3) 75-100ms,short,short,V2 short,i,long,no,yes,singleton,O,long
4666,keerdelOO,V:RCV,EI,e,145,(5) >125ms ,short,short,V2 short,i,long,no,yes,singleton,O,long
4667,keerdelOO,V:RCV,AL,e,66,(2) 50-75ms,short,short,V2 short,i,long,no,yes,singleton,O,long
4668,keerdelOO,V:RCV,EI,e,70,(2) 50-75ms,short,short,V2 short,i,long,no,yes,singleton,O,long
4669,keerdelOO,V:RCV,EI,e,63,(2) 50-75ms,short,short,V2 short,i,long,no,yes,singleton,O,long
4670,keerdelOO,V:RCV,LM,e,69,(2) 50-75ms,short,short,V2 short,i,long,no,yes,singleton,O,long
4671,keerdelOO,V:RCV,EI,e,82,(3) 75-100ms,short,short,V2 short,i,long,no,yes,singleton,O,long
4672,keerdelOO,V:RCV,EI,e,68,(2) 50-75ms,short,short,V2 short,i,long,no,yes,singleton,O,long
4673,keerdelOO,V:RCV,EI,e,88,(3) 75-100ms,short,short,V2 short,i,long,no,yes,singleton,O,long
4674,keerteli,V:RCï¿,AG,e,44,(1) <50ms,short,short,V2 short,e,long,no,yes,secondary,i,short
4675,keerteli,V:RCï¿,ST,e,55,(2) 50-75ms,short,short,V2 short,e,long,no,yes,secondary,i,short
4676,keerteli,V:RCï¿,AG,e,55,(2) 50-75ms,short,short,V2 short,e,long,no,yes,secondary,i,short
4677,keerteli,V:RCï¿,ST,e,50,(1) <50ms,short,short,V2 short,e,long,no,yes,secondary,i,short
4678,keerteli,V:RCï¿,EI,e,70,(2) 50-75ms,short,short,V2 short,i,long,no,yes,secondary,i,short
4679,keerteli,V:RCï¿,ST,e,54,(2) 50-75ms,short,short,V2 short,e,long,no,yes,secondary,i,short
4680,keerteli,V:RCï¿,LM,e,65,(2) 50-75ms,short,short,V2 short,i,long,no,yes,secondary,i,short
4681,keerteli,V:RCï¿,EI,e,84,(3) 75-100ms,short,short,V2 short,i,long,no,yes,secondary,i,short
4682,keerteli,V:RCï¿,AG,e,66,(2) 50-75ms,short,short,V2 short,e,long,no,yes,secondary,i,short
4683,keerteli,V:RCï¿,AG,e,89,(3) 75-100ms,short,short,V2 short,e,long,no,yes,secondary,i,short
4684,keerteli,V:RCï¿,AG,e,70,(2) 50-75ms,short,short,V2 short,e,long,no,yes,secondary,i,short
4685,keerteli,V:RCï¿,ST,e,61,(2) 50-75ms,short,short,V2 short,e,long,no,yes,secondary,i,short
4686,keerteli,V:RCï¿,ST,e,62,(2) 50-75ms,short,short,V2 short,e,long,no,yes,secondary,i,short
4687,keerteli,V:RCï¿,EI,e,89,(3) 75-100ms,short,short,V2 short,i,long,no,yes,secondary,i,short
4688,keerteli,V:RCï¿,ST,e,52,(2) 50-75ms,short,short,V2 short,e,long,no,yes,secondary,i,short
4689,keerteli,V:RCï¿,AG,e,40,(1) <50ms,short,short,V2 short,e,long,no,yes,secondary,i,short
4690,keerteli,V:RCï¿,AL,e,25,(1) <50ms,short,short,V2 short,i,long,no,yes,secondary,i,short
4691,keerteli,V:RCï¿,EI,e,81,(3) 75-100ms,short,short,V2 short,i,long,no,yes,secondary,i,short
4692,keerteli,V:RCï¿,LM,e,70,(2) 50-75ms,short,short,V2 short,i,long,no,yes,secondary,i,short
4693,keerteli,V:RCï¿,LM,e,62,(2) 50-75ms,short,short,V2 short,i,long,no,yes,secondary,i,short
4694,keerteli,V:RCï¿,ST,e,56,(2) 50-75ms,short,short,V2 short,e,long,no,yes,secondary,i,short
4695,keerteli,V:RCï¿,EI,e,60,(2) 50-75ms,short,short,V2 short,i,long,no,yes,secondary,i,short
4696,keerteli,V:RCï¿,AG,e,76,(3) 75-100ms,short,short,V2 short,e,long,no,yes,secondary,i,short
4697,keerteli,V:RCï¿,AL,e,47,(1) <50ms,short,short,V2 short,i,long,no,yes,secondary,i,short
4698,keerteli,V:RCï¿,AL,e,90,(3) 75-100ms,short,short,V2 short,i,long,no,yes,secondary,i,short
4699,keerteli,V:RCï¿,AG,e,60,(2) 50-75ms,short,short,V2 short,e,long,no,yes,secondary,i,short
4700,keerteli,V:RCï¿,LM,e,65,(2) 50-75ms,short,short,V2 short,i,long,no,yes,secondary,i,short
4701,keerteli,V:RCï¿,LM,e,53,(2) 50-75ms,short,short,V2 short,i,long,no,yes,secondary,i,short
4702,keerteli,V:RCï¿,LM,e,48,(1) <50ms,short,short,V2 short,i,long,no,yes,secondary,i,short
4703,keerteli,V:RCï¿,AL,e,43,(1) <50ms,short,short,V2 short,i,long,no,yes,secondary,i,short
4704,keerteli,V:RCï¿,EI,e,63,(2) 50-75ms,short,short,V2 short,i,long,no,yes,secondary,i,short
4705,keerteli,V:RCï¿,LM,e,75,(2) 50-75ms,short,short,V2 short,i,long,no,yes,secondary,i,short
4706,keerteli,V:RCï¿,AL,e,47,(1) <50ms,short,short,V2 short,i,long,no,yes,secondary,i,short
4707,keerteli,V:RCï¿,LM,e,46,(1) <50ms,short,short,V2 short,i,long,no,yes,secondary,i,short
4708,keerteli,V:RCï¿,LM,e,59,(2) 50-75ms,short,short,V2 short,i,long,no,yes,secondary,i,short
4709,keerteli,V:RCï¿,LM,e,82,(3) 75-100ms,short,short,V2 short,i,long,no,yes,secondary,i,short
4710,keerteli,V:RCï¿,LM,e,64,(2) 50-75ms,short,short,V2 short,i,long,no,yes,secondary,i,short
4711,keerteli,V:RCï¿,AL,e,38,(1) <50ms,short,short,V2 short,i,long,no,yes,secondary,i,short
4712,keerteli,V:RCï¿,EI,e,68,(2) 50-75ms,short,short,V2 short,i,long,no,yes,secondary,i,short
4713,keerteli,V:RCï¿,AL,e,43,(1) <50ms,short,short,V2 short,i,long,no,yes,secondary,i,short
4714,keerteli,V:RCï¿,EI,e,45,(1) <50ms,short,short,V2 short,i,long,no,yes,secondary,i,short
4715,keerteli,V:RCï¿,AG,e,71,(2) 50-75ms,short,short,V2 short,e,long,no,yes,secondary,i,short
4716,keerteli,V:RCï¿,AG,e,61,(2) 50-75ms,short,short,V2 short,e,long,no,yes,secondary,i,short
4717,keerteli,V:RCï¿,AL,e,39,(1) <50ms,short,short,V2 short,i,long,no,yes,secondary,i,short
4718,keerteli,V:RCï¿,EI,e,107,(4) 100-125ms,short,short,V2 short,i,long,no,yes,secondary,i,short
4719,keerteli,V:RCï¿,EI,e,70,(2) 50-75ms,short,short,V2 short,i,long,no,yes,secondary,i,short
4720,keerteli,V:RCï¿,AG,e,48,(1) <50ms,short,short,V2 short,e,long,no,yes,secondary,i,short
4721,keerteli,V:RCï¿,LM,e,60,(2) 50-75ms,short,short,V2 short,i,long,no,yes,secondary,i,short
4722,keerteli,V:RCï¿,AG,e,37,(1) <50ms,short,short,V2 short,e,long,no,yes,secondary,i,short
4723,keerteli,V:RCï¿,EI,e,52,(2) 50-75ms,short,short,V2 short,i,long,no,yes,secondary,i,short
4724,keerteli,V:RCï¿,EI,e,106,(4) 100-125ms,short,short,V2 short,i,long,no,yes,secondary,i,short
4725,keerteli,V:RCï¿,EI,e,68,(2) 50-75ms,short,short,V2 short,i,long,no,yes,secondary,i,short
4726,keerteli,V:RCï¿,LM,e,61,(2) 50-75ms,short,short,V2 short,i,long,no,yes,secondary,i,short
4727,keerteli,V:RCï¿,LM,e,64,(2) 50-75ms,short,short,V2 short,i,long,no,yes,secondary,i,short
4728,keerteli,V:RCï¿,EI,e,76,(3) 75-100ms,short,short,V2 short,i,long,no,yes,secondary,i,short
4729,keerteli,V:RCï¿,LM,e,50,(1) <50ms,short,short,V2 short,i,long,no,yes,secondary,i,short
4730,keerteli,V:RCï¿,AG,e,66,(2) 50-75ms,short,short,V2 short,e,long,no,yes,secondary,i,short
4731,keerteli,V:RCï¿,EI,e,67,(2) 50-75ms,short,short,V2 short,i,long,no,yes,secondary,i,short
4732,keerteli,V:RCï¿,AG,e,46,(1) <50ms,short,short,V2 short,e,long,no,yes,secondary,i,short
4733,keerteli,V:RCï¿,EI,e,86,(3) 75-100ms,short,short,V2 short,i,long,no,yes,secondary,i,short
4734,keerteli,V:RCï¿,AG,e,76,(3) 75-100ms,short,short,V2 short,e,long,no,yes,secondary,i,short
4735,keerteli,V:RCï¿,AG,e,50,(1) <50ms,short,short,V2 short,e,long,no,yes,secondary,i,short
4736,keertiimA,V:RCï¿½,EI,i,86,(3) 75-100ms,long,short,*V2 long,i,long,no,yes,secondary,A,short
4737,keertiimA,V:RCï¿½,EI,i,74,(2) 50-75ms,long,short,*V2 long,i,long,no,yes,secondary,A,short
4738,keertiimA,V:RCï¿½,EI,i,70,(2) 50-75ms,long,short,*V2 long,i,long,no,yes,secondary,A,short
4739,keertiimA,V:RCï¿½,EI,i,65,(2) 50-75ms,long,short,*V2 long,i,long,no,yes,secondary,A,short
4740,keertiimA,V:RCï¿½,EI,i,73,(2) 50-75ms,long,short,*V2 long,i,long,no,yes,secondary,A,short
4741,keertiimA,V:RCï¿½,EI,i,77,(3) 75-100ms,long,short,*V2 long,i,long,no,yes,secondary,A,short
4742,keertiimA,V:RCï¿½,EI,i,88,(3) 75-100ms,long,short,*V2 long,i,long,no,yes,secondary,A,short
4743,keertiimA,V:RCï¿½,EI,i,69,(2) 50-75ms,long,short,*V2 long,i,long,no,yes,secondary,A,short
4744,keertiimA,V:RCï¿½,EI,i,60,(2) 50-75ms,long,short,*V2 long,i,long,no,yes,secondary,A,short
4745,keertiimA,V:RCï¿½,EI,i,50,(1) <50ms,long,short,*V2 long,i,long,no,yes,secondary,A,short
4746,keertiimA,V:RCï¿½,EI,i,81,(3) 75-100ms,long,short,*V2 long,i,long,no,yes,secondary,A,short
4747,keertiimA,V:RCï¿½,LM,i,86,(3) 75-100ms,long,short,*V2 long,i,long,no,yes,secondary,A,short
4748,keertiimA,V:RCï¿½,LM,i,65,(2) 50-75ms,long,short,*V2 long,i,long,no,yes,secondary,A,short
4749,keertiimA,V:RCï¿½,EI,i,82,(3) 75-100ms,long,short,*V2 long,i,long,no,yes,secondary,A,short
4750,keertiimA,V:RCï¿½,LM,i,75,(2) 50-75ms,long,short,*V2 long,i,long,no,yes,secondary,A,short
4751,keertiimA,V:RCï¿½,EI,i,96,(3) 75-100ms,long,short,*V2 long,i,long,no,yes,secondary,A,short
4752,keertiimA,V:RCï¿½,EI,i,88,(3) 75-100ms,long,short,*V2 long,i,long,no,yes,secondary,A,short
4753,keertiimA,V:RCï¿½,EI,i,40,(1) <50ms,long,short,*V2 long,i,long,no,yes,secondary,A,short
4754,keertiimA,V:RCï¿½,EI,i,77,(3) 75-100ms,long,short,*V2 long,i,long,no,yes,secondary,A,short
4755,keertiimA,V:RCï¿½,LM,i,70,(2) 50-75ms,long,short,*V2 long,i,long,no,yes,secondary,A,short
4756,keertiimA,V:RCï¿½,EI,i,48,(1) <50ms,long,short,*V2 long,i,long,no,yes,secondary,A,short
4757,keertiimA,V:RCï¿½,LM,i,40,(1) <50ms,long,short,*V2 long,i,long,no,yes,secondary,A,short
4758,keertiimA,V:RCï¿½,LM,i,50,(1) <50ms,long,short,*V2 long,i,long,no,yes,secondary,A,short
4759,keertiimA,V:RCï¿½,EI,i,68,(2) 50-75ms,long,short,*V2 long,i,long,no,yes,secondary,A,short
4760,keertiimA,V:RCï¿½,LM,i,61,(2) 50-75ms,long,short,*V2 long,i,long,no,yes,secondary,A,short
4761,keertiimA,V:RCï¿½,LM,i,50,(1) <50ms,long,short,*V2 long,i,long,no,yes,secondary,A,short
4762,keertiimA,V:RCï¿½,LM,i,83,(3) 75-100ms,long,short,*V2 long,i,long,no,yes,secondary,A,short
4763,keertiimA,V:RCï¿½,EI,i,80,(3) 75-100ms,long,short,*V2 long,i,long,no,yes,secondary,A,short
4764,keertiimA,V:RCï¿½,EI,i,45,(1) <50ms,long,short,*V2 long,i,long,no,yes,secondary,A,short
4765,keertiimA,V:RCï¿½,EI,i,61,(2) 50-75ms,long,short,*V2 long,i,long,no,yes,secondary,A,short
4766,keertiimA,V:RCï¿½,EI,i,49,(1) <50ms,long,short,*V2 long,i,long,no,yes,secondary,A,short
4767,keertiimA,V:RCï¿½,EI,i,86,(3) 75-100ms,long,short,*V2 long,i,long,no,yes,secondary,A,short
4768,keertiimA,V:RCï¿½,EI,i,70,(2) 50-75ms,long,short,*V2 long,i,long,no,yes,secondary,A,short
4769,keertiimA,V:RCï¿½,EI,i,61,(2) 50-75ms,long,short,*V2 long,i,long,no,yes,secondary,A,short
4770,kelgale,VRCV,EI,a,80,(3) 75-100ms,short,short,V2 short,e,short,no,yes,singleton,e,short
4771,kelgale,VRCV,EI,a,72,(2) 50-75ms,short,short,V2 short,e,short,no,yes,singleton,e,short
4772,kelgale,VRCV,EI,a,80,(3) 75-100ms,short,short,V2 short,e,short,no,yes,singleton,e,short
4773,kelgale,VRCV,EI,a,98,(3) 75-100ms,short,short,V2 short,e,short,no,yes,singleton,e,short
4774,kelgale,VRCV,AL,a,55,(2) 50-75ms,short,short,V2 short,e,short,no,yes,singleton,e,short
4775,kelgale,VRCV,AL,a,67,(2) 50-75ms,short,short,V2 short,e,short,no,yes,singleton,e,short
4776,kelgale,VRCV,AG,a,49,(1) <50ms,short,short,V2 short,e,short,no,yes,singleton,e,short
4777,kelgale,VRCV,EI,a,54,(2) 50-75ms,short,short,V2 short,e,short,no,yes,singleton,e,short
4778,kelgale,VRCV,AL,a,63,(2) 50-75ms,short,short,V2 short,e,short,no,yes,singleton,e,short
4779,kelgale,VRCV,EI,a,82,(3) 75-100ms,short,short,V2 short,e,short,no,yes,singleton,e,short
4780,kelgale,VRCV,LM,a,77,(3) 75-100ms,short,short,V2 short,e,short,no,yes,singleton,e,short
4781,kelgale,VRCV,EI,a,84,(3) 75-100ms,short,short,V2 short,e,short,no,yes,singleton,e,short
4782,kelgale,VRCV,LM,a,72,(2) 50-75ms,short,short,V2 short,e,short,no,yes,singleton,e,short
4783,kelgale,VRCV,AG,a,88,(3) 75-100ms,short,short,V2 short,e,short,no,yes,singleton,e,short
4784,kelgale,VRCV,AL,a,47,(1) <50ms,short,short,V2 short,e,short,no,yes,singleton,e,short
4785,kelgale,VRCV,EI,a,110,(4) 100-125ms,short,short,V2 short,e,short,no,yes,singleton,e,short
4786,kelgale,VRCV,LM,a,73,(2) 50-75ms,short,short,V2 short,e,short,no,yes,singleton,e,short
4787,kelgale,VRCV,AL,a,60,(2) 50-75ms,short,short,V2 short,e,short,no,yes,singleton,e,short
4788,kelgale,VRCV,AG,a,110,(4) 100-125ms,short,short,V2 short,e,short,no,yes,singleton,e,short
4789,kelgale,VRCV,AL,a,77,(3) 75-100ms,short,short,V2 short,e,short,no,yes,singleton,e,short
4790,kelgale,VRCV,AL,a,66,(2) 50-75ms,short,short,V2 short,e,short,no,yes,singleton,e,short
4791,kelkkoja,VRC:V,AL,o,47,(1) <50ms,short,short,V2 short,e,short,no,yes,primary,a,short
4792,kelkkoja,VRC:V,AG,o,50,(1) <50ms,short,short,V2 short,e,short,no,yes,primary,a,short
4793,kelkkoja,VRC:V,LM,o,68,(2) 50-75ms,short,short,V2 short,e,short,no,yes,primary,a,short
4794,kelkkoja,VRC:V,LM,o,71,(2) 50-75ms,short,short,V2 short,e,short,no,yes,primary,a,short
4795,kelkkoja,VRC:V,AG,o,62,(2) 50-75ms,short,short,V2 short,e,short,no,yes,primary,a,short
4796,kelkkoja,VRC:V,AL,o,51,(2) 50-75ms,short,short,V2 short,e,short,no,yes,primary,a,short
4797,kelkkoja,VRC:V,LM,o,83,(3) 75-100ms,short,short,V2 short,e,short,no,yes,primary,a,short
4798,kelkkoja,VRC:V,EI,o,65,(2) 50-75ms,short,short,V2 short,e,short,no,yes,primary,a,short
4799,kelkkoja,VRC:V,EI,o,86,(3) 75-100ms,short,short,V2 short,e,short,no,yes,primary,a,short
4800,kelkkoja,VRC:V,AG,o,50,(1) <50ms,short,short,V2 short,e,short,no,yes,primary,a,short
4801,kelkkoja,VRC:V,AG,o,52,(2) 50-75ms,short,short,V2 short,e,short,no,yes,primary,a,short
4802,kelkkoja,VRC:V,EI,o,78,(3) 75-100ms,short,short,V2 short,e,short,no,yes,primary,a,short
4803,kelkkoja,VRC:V,EI,o,62,(2) 50-75ms,short,short,V2 short,e,short,no,yes,primary,a,short
4804,kelkkoja,VRC:V,ST,o,66,(2) 50-75ms,short,short,V2 short,e,short,no,yes,primary,a,short
4805,kelkkoja,VRC:V,AG,o,68,(2) 50-75ms,short,short,V2 short,e,short,no,yes,primary,a,short
4806,kelkkoja,VRC:V,LM,o,66,(2) 50-75ms,short,short,V2 short,e,short,no,yes,primary,a,short
4807,kelkkoja,VRC:V,AL,o,50,(1) <50ms,short,short,V2 short,e,short,no,yes,primary,a,short
4808,kelkkoja,VRC:V,AL,o,56,(2) 50-75ms,short,short,V2 short,e,short,no,yes,primary,a,short
4809,kelkkoja,VRC:V,LM,o,66,(2) 50-75ms,short,short,V2 short,e,short,no,yes,primary,a,short
4810,kelkkoja,VRC:V,AG,o,55,(2) 50-75ms,short,short,V2 short,e,short,no,yes,primary,a,short
4811,kelkkoja,VRC:V,EI,o,76,(3) 75-100ms,short,short,V2 short,e,short,no,yes,primary,a,short
4812,kelkkoja,VRC:V,EI,o,84,(3) 75-100ms,short,short,V2 short,e,short,no,yes,primary,a,short
4813,kelkkoja,VRC:V,ST,o,75,(2) 50-75ms,short,short,V2 short,e,short,no,yes,primary,a,short
4814,kelkkoja,VRC:V,AL,o,43,(1) <50ms,short,short,V2 short,e,short,no,yes,primary,a,short
4815,kelkkoja,VRC:V,ST,o,66,(2) 50-75ms,short,short,V2 short,e,short,no,yes,primary,a,short
4816,kelkkoja,VRC:V,LM,o,85,(3) 75-100ms,short,short,V2 short,e,short,no,yes,primary,a,short
4817,kelkkoja,VRC:V,AG,o,51,(2) 50-75ms,short,short,V2 short,e,short,no,yes,primary,a,short
4818,kelkkoja,VRC:V,EI,o,65,(2) 50-75ms,short,short,V2 short,e,short,no,yes,primary,a,short
4819,kelkkoja,VRC:V,AL,o,46,(1) <50ms,short,short,V2 short,e,short,no,yes,primary,a,short
4820,kelkkoja,VRC:V,AL,o,63,(2) 50-75ms,short,short,V2 short,e,short,no,yes,primary,a,short
4821,kelkkoja,VRC:V,AL,o,55,(2) 50-75ms,short,short,V2 short,e,short,no,yes,primary,a,short
4822,kelkkoja,VRC:V,LM,o,63,(2) 50-75ms,short,short,V2 short,e,short,no,yes,primary,a,short
4823,kelkkoja,VRC:V,AL,o,46,(1) <50ms,short,short,V2 short,e,short,no,yes,primary,a,short
4824,kelkkoja,VRC:V,EI,o,80,(3) 75-100ms,short,short,V2 short,e,short,no,yes,primary,a,short
4825,kenkiimA,VRCï¿½,LM,i,76,(3) 75-100ms,long,short,*V2 long,e,short,no,yes,secondary,A,short
4826,kenkiimA,VRCï¿½,AL,i,55,(2) 50-75ms,long,short,*V2 long,e,short,no,yes,secondary,A,short
4827,kenkiimA,VRCï¿½,EI,i,82,(3) 75-100ms,long,short,*V2 long,e,short,no,yes,secondary,A,short
4828,kenkiimA,VRCï¿½,LM,i,30,(1) <50ms,long,short,*V2 long,e,short,no,yes,secondary,A,short
4829,kenkiimA,VRCï¿½,LM,i,30,(1) <50ms,long,short,*V2 long,e,short,no,yes,secondary,A,short
4830,kenkiimA,VRCï¿½,LM,i,32,(1) <50ms,long,short,*V2 long,e,short,no,yes,secondary,A,short
4831,kenkiimA,VRCï¿½,AL,i,67,(2) 50-75ms,long,short,*V2 long,e,short,no,yes,secondary,A,short
4832,kenkiimA,VRCï¿½,EI,i,58,(2) 50-75ms,long,short,*V2 long,e,short,no,yes,secondary,A,short
4833,kenkiimA,VRCï¿½,AL,i,55,(2) 50-75ms,long,short,*V2 long,e,short,no,yes,secondary,A,short
4834,kenkiimA,VRCï¿½,EI,i,62,(2) 50-75ms,long,short,*V2 long,e,short,no,yes,secondary,A,short
4835,kenkiimA,VRCï¿½,EI,i,60,(2) 50-75ms,long,short,*V2 long,e,short,no,yes,secondary,A,short
4836,kenkiimA,VRCï¿½,EI,i,100,(3) 75-100ms,long,short,*V2 long,e,short,no,yes,secondary,A,short
4837,kenkiimA,VRCï¿½,LM,i,40,(1) <50ms,long,short,*V2 long,e,short,no,yes,secondary,A,short
4838,kenkiimA,VRCï¿½,LM,i,50,(1) <50ms,long,short,*V2 long,e,short,no,yes,secondary,A,short
4839,kenkiimA,VRCï¿½,LM,i,64,(2) 50-75ms,long,short,*V2 long,e,short,no,yes,secondary,A,short
4840,kenkiimA,VRCï¿½,AL,i,61,(2) 50-75ms,long,short,*V2 long,e,short,no,yes,secondary,A,short
4841,kenkiimA,VRCï¿½,EI,i,75,(2) 50-75ms,long,short,*V2 long,e,short,no,yes,secondary,A,short
4842,kenkiimA,VRCï¿½,AL,i,60,(2) 50-75ms,long,short,*V2 long,e,short,no,yes,secondary,A,short
4843,kenkiimA,VRCï¿½,AL,i,56,(2) 50-75ms,long,short,*V2 long,e,short,no,yes,secondary,A,short
4844,kenkiimA,VRCï¿½,EI,i,84,(3) 75-100ms,long,short,*V2 long,e,short,no,yes,secondary,A,short
4845,kenkiimA,VRCï¿½,AL,i,47,(1) <50ms,long,short,*V2 long,e,short,no,yes,secondary,A,short
4846,kenkiimA,VRCï¿½,EI,i,101,(4) 100-125ms,long,short,*V2 long,e,short,no,yes,secondary,A,short
4847,kenkiimA,VRCï¿½,EI,i,81,(3) 75-100ms,long,short,*V2 long,e,short,no,yes,secondary,A,short
4848,kenkiimA,VRCï¿½,EI,i,79,(3) 75-100ms,long,short,*V2 long,e,short,no,yes,secondary,A,short
4849,kenkiimA,VRCï¿½,LM,i,50,(1) <50ms,long,short,*V2 long,e,short,no,yes,secondary,A,short
4850,kerkiimA,VRCï¿½,AL,i,66,(2) 50-75ms,long,short,*V2 long,e,short,no,yes,secondary,A,short
4851,kerkiimA,VRCï¿½,AG,i,63,(2) 50-75ms,long,short,*V2 long,e,short,no,yes,secondary,A,short
4852,kerkiimA,VRCï¿½,AG,i,67,(2) 50-75ms,long,short,*V2 long,e,short,no,yes,secondary,A,short
4853,kerkiimA,VRCï¿½,AG,i,69,(2) 50-75ms,long,short,*V2 long,e,short,no,yes,secondary,A,short
4854,kerkiimA,VRCï¿½,AL,i,45,(1) <50ms,long,short,*V2 long,e,short,no,yes,secondary,A,short
4855,kerkiimA,VRCï¿½,AG,i,85,(3) 75-100ms,long,short,*V2 long,e,short,no,yes,secondary,A,short
4856,kerkiimA,VRCï¿½,ST,i,57,(2) 50-75ms,long,short,*V2 long,e,short,no,yes,secondary,A,short
4857,kerkiimA,VRCï¿½,AG,i,67,(2) 50-75ms,long,short,*V2 long,e,short,no,yes,secondary,A,short
4858,kerkiimA,VRCï¿½,ST,i,54,(2) 50-75ms,long,short,*V2 long,e,short,no,yes,secondary,A,short
4859,kerkiimA,VRCï¿½,AL,i,50,(1) <50ms,long,short,*V2 long,e,short,no,yes,secondary,A,short
4860,kerkiimA,VRCï¿½,AG,i,70,(2) 50-75ms,long,short,*V2 long,e,short,no,yes,secondary,A,short
4861,kerkiimA,VRCï¿½,ST,i,49,(1) <50ms,long,short,*V2 long,e,short,no,yes,secondary,A,short
4862,kerkiimA,VRCï¿½,ST,i,50,(1) <50ms,long,short,*V2 long,e,short,no,yes,secondary,A,short
4863,kerkiimA,VRCï¿½,LM,i,60,(2) 50-75ms,long,short,*V2 long,e,short,no,yes,secondary,A,short
4864,kerkiimA,VRCï¿½,AG,i,40,(1) <50ms,long,short,*V2 long,e,short,no,yes,secondary,A,short
4865,kerkiimA,VRCï¿½,LM,i,52,(2) 50-75ms,long,short,*V2 long,e,short,no,yes,secondary,A,short
4866,kerkiimA,VRCï¿½,AL,i,69,(2) 50-75ms,long,short,*V2 long,e,short,no,yes,secondary,A,short
4867,kerkiimA,VRCï¿½,AG,i,60,(2) 50-75ms,long,short,*V2 long,e,short,no,yes,secondary,A,short
4868,kerkiimA,VRCï¿½,AG,i,93,(3) 75-100ms,long,short,*V2 long,e,short,no,yes,secondary,A,short
4869,kerkiimA,VRCï¿½,LM,i,78,(3) 75-100ms,long,short,*V2 long,e,short,no,yes,secondary,A,short
4870,kerkiimA,VRCï¿½,LM,i,42,(1) <50ms,long,short,*V2 long,e,short,no,yes,secondary,A,short
4871,kerkiimA,VRCï¿½,EI,i,83,(3) 75-100ms,long,short,*V2 long,e,short,no,yes,secondary,A,short
4872,kerkiimA,VRCï¿½,LM,i,60,(2) 50-75ms,long,short,*V2 long,e,short,no,yes,secondary,A,short
4873,kerkiimA,VRCï¿½,AL,i,49,(1) <50ms,long,short,*V2 long,e,short,no,yes,secondary,A,short
4874,kerkiimA,VRCï¿½,AL,i,43,(1) <50ms,long,short,*V2 long,e,short,no,yes,secondary,A,short
4875,kerkiimA,VRCï¿½,AG,i,60,(2) 50-75ms,long,short,*V2 long,e,short,no,yes,secondary,A,short
4876,kerkiimA,VRCï¿½,ST,i,42,(1) <50ms,long,short,*V2 long,e,short,no,yes,secondary,A,short
4877,kerkiimA,VRCï¿½,EI,i,53,(2) 50-75ms,long,short,*V2 long,e,short,no,yes,secondary,A,short
4878,kerkiimA,VRCï¿½,EI,i,57,(2) 50-75ms,long,short,*V2 long,e,short,no,yes,secondary,A,short
4879,kerkiimA,VRCï¿½,LM,i,46,(1) <50ms,long,short,*V2 long,e,short,no,yes,secondary,A,short
4880,kerkiimA,VRCï¿½,EI,i,118,(4) 100-125ms,long,short,*V2 long,e,short,no,yes,secondary,A,short
4881,kerkiimA,VRCï¿½,AG,i,78,(3) 75-100ms,long,short,*V2 long,e,short,no,yes,secondary,A,short
4882,kerkiimA,VRCï¿½,AG,i,49,(1) <50ms,long,short,*V2 long,e,short,no,yes,secondary,A,short
4883,kerkiimA,VRCï¿½,AG,i,60,(2) 50-75ms,long,short,*V2 long,e,short,no,yes,secondary,A,short
4884,kerkiimA,VRCï¿½,AL,i,51,(2) 50-75ms,long,short,*V2 long,e,short,no,yes,secondary,A,short
4885,kerkiimA,VRCï¿½,LM,i,51,(2) 50-75ms,long,short,*V2 long,e,short,no,yes,secondary,A,short
4886,kerkiimA,VRCï¿½,ST,i,43,(1) <50ms,long,short,*V2 long,e,short,no,yes,secondary,A,short
4887,kerkiimA,VRCï¿½,EI,i,52,(2) 50-75ms,long,short,*V2 long,e,short,no,yes,secondary,A,short
4888,kerkiimA,VRCï¿½,EI,i,62,(2) 50-75ms,long,short,*V2 long,e,short,no,yes,secondary,A,short
4889,kerkiimA,VRCï¿½,AG,i,90,(3) 75-100ms,long,short,*V2 long,e,short,no,yes,secondary,A,short
4890,kerkiimA,VRCï¿½,AL,i,38,(1) <50ms,long,short,*V2 long,e,short,no,yes,secondary,A,short
4891,kerkiimA,VRCï¿½,LM,i,53,(2) 50-75ms,long,short,*V2 long,e,short,no,yes,secondary,A,short
4892,kerkiimA,VRCï¿½,ST,i,39,(1) <50ms,long,short,*V2 long,e,short,no,yes,secondary,A,short
4893,kerkiimA,VRCï¿½,EI,i,78,(3) 75-100ms,long,short,*V2 long,e,short,no,yes,secondary,A,short
4894,kerkiimA,VRCï¿½,ST,i,52,(2) 50-75ms,long,short,*V2 long,e,short,no,yes,secondary,A,short
4895,kerkiimA,VRCï¿½,AG,i,76,(3) 75-100ms,long,short,*V2 long,e,short,no,yes,secondary,A,short
4896,kertaama,VRCï¿½,AL,a,70,(2) 50-75ms,long,short,*V2 long,e,short,no,yes,secondary,a,short
4897,kertaama,VRCï¿½,ST,a,42,(1) <50ms,long,short,*V2 long,e,short,no,yes,secondary,a,short
4898,kertaama,VRCï¿½,EI,a,106,(4) 100-125ms,long,short,*V2 long,e,short,no,yes,secondary,a,short
4899,kertaama,VRCï¿½,ST,a,60,(2) 50-75ms,long,short,*V2 long,e,short,no,yes,secondary,a,short
4900,kertaama,VRCï¿½,LM,a,60,(2) 50-75ms,long,short,*V2 long,e,short,no,yes,secondary,a,short
4901,kertaama,VRCï¿½,LM,a,69,(2) 50-75ms,long,short,*V2 long,e,short,no,yes,secondary,a,short
4902,kertaama,VRCï¿½,AG,a,91,(3) 75-100ms,long,short,*V2 long,e,short,no,yes,secondary,a,short
4903,kertaama,VRCï¿½,ST,a,31,(1) <50ms,long,short,*V2 long,e,short,no,yes,secondary,a,short
4904,kertaama,VRCï¿½,LM,a,52,(2) 50-75ms,long,short,*V2 long,e,short,no,yes,secondary,a,short
4905,kertaama,VRCï¿½,AL,a,81,(3) 75-100ms,long,short,*V2 long,e,short,no,yes,secondary,a,short
4906,kertaama,VRCï¿½,EI,a,100,(3) 75-100ms,long,short,*V2 long,e,short,no,yes,secondary,a,short
4907,kertaama,VRCï¿½,LM,a,46,(1) <50ms,long,short,*V2 long,e,short,no,yes,secondary,a,short
4908,kertaama,VRCï¿½,AL,a,69,(2) 50-75ms,long,short,*V2 long,e,short,no,yes,secondary,a,short
4909,kertaama,VRCï¿½,AG,a,103,(4) 100-125ms,long,short,*V2 long,e,short,no,yes,secondary,a,short
4910,kertaama,VRCï¿½,AG,a,63,(2) 50-75ms,long,short,*V2 long,e,short,no,yes,secondary,a,short
4911,kertaama,VRCï¿½,ST,a,35,(1) <50ms,long,short,*V2 long,e,short,no,yes,secondary,a,short
4912,kertaama,VRCï¿½,AG,a,129,(5) >125ms ,long,short,*V2 long,e,short,no,yes,secondary,a,short
4913,kertaama,VRCï¿½,EI,a,100,(3) 75-100ms,long,short,*V2 long,e,short,no,yes,secondary,a,short
4914,kertaama,VRCï¿½,LM,a,63,(2) 50-75ms,long,short,*V2 long,e,short,no,yes,secondary,a,short
4915,kertaama,VRCï¿½,EI,a,95,(3) 75-100ms,long,short,*V2 long,e,short,no,yes,secondary,a,short
4916,kertaama,VRCï¿½,AL,a,66,(2) 50-75ms,long,short,*V2 long,e,short,no,yes,secondary,a,short
4917,kertaama,VRCï¿½,AG,a,135,(5) >125ms ,long,short,*V2 long,e,short,no,yes,secondary,a,short
4918,kertaama,VRCï¿½,AL,a,72,(2) 50-75ms,long,short,*V2 long,e,short,no,yes,secondary,a,short
4919,kertaama,VRCï¿½,LM,a,34,(1) <50ms,long,short,*V2 long,e,short,no,yes,secondary,a,short
4920,kertaama,VRCï¿½,AG,a,81,(3) 75-100ms,long,short,*V2 long,e,short,no,yes,secondary,a,short
4921,kertaama,VRCï¿½,LM,a,44,(1) <50ms,long,short,*V2 long,e,short,no,yes,secondary,a,short
4922,kertaama,VRCï¿½,AL,a,50,(1) <50ms,long,short,*V2 long,e,short,no,yes,secondary,a,short
4923,kertaama,VRCï¿½,EI,a,139,(5) >125ms ,long,short,*V2 long,e,short,no,yes,secondary,a,short
4924,kertaama,VRCï¿½,EI,a,89,(3) 75-100ms,long,short,*V2 long,e,short,no,yes,secondary,a,short
4925,kertaama,VRCï¿½,AL,a,69,(2) 50-75ms,long,short,*V2 long,e,short,no,yes,secondary,a,short
4926,kertaama,VRCï¿½,EI,a,90,(3) 75-100ms,long,short,*V2 long,e,short,no,yes,secondary,a,short
4927,kertaama,VRCï¿½,EI,a,141,(5) >125ms ,long,short,*V2 long,e,short,no,yes,secondary,a,short
4928,kerttele,VRC:V,LM,e,46,(1) <50ms,short,short,V2 short,e,short,no,yes,primary,e,short
4929,kerttele,VRC:V,AG,e,47,(1) <50ms,short,short,V2 short,e,short,no,yes,primary,e,short
4930,kerttele,VRC:V,EI,e,60,(2) 50-75ms,short,short,V2 short,e,short,no,yes,primary,e,short
4931,kerttele,VRC:V,AG,e,44,(1) <50ms,short,short,V2 short,e,short,no,yes,primary,e,short
4932,kerttele,VRC:V,ST,e,55,(2) 50-75ms,short,short,V2 short,e,short,no,yes,primary,e,short
4933,kerttele,VRC:V,AG,e,48,(1) <50ms,short,short,V2 short,e,short,no,yes,primary,e,short
4934,kerttele,VRC:V,EI,e,60,(2) 50-75ms,short,short,V2 short,e,short,no,yes,primary,e,short
4935,kerttele,VRC:V,EI,e,71,(2) 50-75ms,short,short,V2 short,e,short,no,yes,primary,e,short
4936,kerttele,VRC:V,LM,e,73,(2) 50-75ms,short,short,V2 short,e,short,no,yes,primary,e,short
4937,kerttele,VRC:V,AL,e,44,(1) <50ms,short,short,V2 short,e,short,no,yes,primary,e,short
4938,kerttele,VRC:V,AG,e,62,(2) 50-75ms,short,short,V2 short,e,short,no,yes,primary,e,short
4939,kerttele,VRC:V,LM,e,65,(2) 50-75ms,short,short,V2 short,e,short,no,yes,primary,e,short
4940,kerttele,VRC:V,EI,e,81,(3) 75-100ms,short,short,V2 short,e,short,no,yes,primary,e,short
4941,kerttele,VRC:V,AG,e,39,(1) <50ms,short,short,V2 short,e,short,no,yes,primary,e,short
4942,kerttele,VRC:V,AL,e,35,(1) <50ms,short,short,V2 short,e,short,no,yes,primary,e,short
4943,kerttele,VRC:V,LM,e,88,(3) 75-100ms,short,short,V2 short,e,short,no,yes,primary,e,short
4944,kerttele,VRC:V,ST,e,46,(1) <50ms,short,short,V2 short,e,short,no,yes,primary,e,short
4945,kerttele,VRC:V,LM,e,42,(1) <50ms,short,short,V2 short,e,short,no,yes,primary,e,short
4946,kerttele,VRC:V,AG,e,49,(1) <50ms,short,short,V2 short,e,short,no,yes,primary,e,short
4947,kerttele,VRC:V,LM,e,103,(4) 100-125ms,short,short,V2 short,e,short,no,yes,primary,e,short
4948,kerttele,VRC:V,AL,e,35,(1) <50ms,short,short,V2 short,e,short,no,yes,primary,e,short
4949,kerttele,VRC:V,EI,e,68,(2) 50-75ms,short,short,V2 short,e,short,no,yes,primary,e,short
4950,kerttele,VRC:V,ST,e,40,(1) <50ms,short,short,V2 short,e,short,no,yes,primary,e,short
4951,kerttele,VRC:V,EI,e,73,(2) 50-75ms,short,short,V2 short,e,short,no,yes,primary,e,short
4952,kerttele,VRC:V,AG,e,58,(2) 50-75ms,short,short,V2 short,e,short,no,yes,primary,e,short
4953,kerttele,VRC:V,AL,e,56,(2) 50-75ms,short,short,V2 short,e,short,no,yes,primary,e,short
4954,kerttele,VRC:V,EI,e,55,(2) 50-75ms,short,short,V2 short,e,short,no,yes,primary,e,short
4955,kerttele,VRC:V,LM,e,66,(2) 50-75ms,short,short,V2 short,e,short,no,yes,primary,e,short
4956,kerttele,VRC:V,ST,e,60,(2) 50-75ms,short,short,V2 short,e,short,no,yes,primary,e,short
4957,kerttele,VRC:V,AG,e,77,(3) 75-100ms,short,short,V2 short,e,short,no,yes,primary,e,short
4958,kerttele,VRC:V,ST,e,54,(2) 50-75ms,short,short,V2 short,e,short,no,yes,primary,e,short
4959,kerttele,VRC:V,ST,e,48,(1) <50ms,short,short,V2 short,e,short,no,yes,primary,e,short
4960,kerttele,VRC:V,LM,e,56,(2) 50-75ms,short,short,V2 short,e,short,no,yes,primary,e,short
4961,kiukaada,V1V2Cï¿½,AG,a,69,(2) 50-75ms,long,short,*V2 long,iu,long,yes,no,secondary,a,short
4962,kiukaada,V1V2Cï¿½,EI,a,100,(3) 75-100ms,long,short,*V2 long,iu,long,yes,no,secondary,a,short
4963,kiukaada,V1V2Cï¿½,AL,a,41,(1) <50ms,long,short,*V2 long,iu,long,yes,no,secondary,a,short
4964,kiukaada,V1V2Cï¿½,AG,a,68,(2) 50-75ms,long,short,*V2 long,iu,long,yes,no,secondary,a,short
4965,kiukaada,V1V2Cï¿½,AG,a,70,(2) 50-75ms,long,short,*V2 long,iu,long,yes,no,secondary,a,short
4966,kiukaada,V1V2Cï¿½,AL,a,37,(1) <50ms,long,short,*V2 long,iu,long,yes,no,secondary,a,short
4967,kiukaada,V1V2Cï¿½,AG,a,71,(2) 50-75ms,long,short,*V2 long,iu,long,yes,no,secondary,a,short
4968,kiukaada,V1V2Cï¿½,LM,a,62,(2) 50-75ms,long,short,*V2 long,iu,long,yes,no,secondary,a,short
4969,kiukaada,V1V2Cï¿½,ST,a,56,(2) 50-75ms,long,short,*V2 long,iu,long,yes,no,secondary,a,short
4970,kiukaada,V1V2Cï¿½,ST,a,55,(2) 50-75ms,long,short,*V2 long,iu,long,yes,no,secondary,a,short
4971,kiukaada,V1V2Cï¿½,AL,a,61,(2) 50-75ms,long,short,*V2 long,iu,long,yes,no,secondary,a,short
4972,kiukaada,V1V2Cï¿½,AG,a,57,(2) 50-75ms,long,short,*V2 long,iu,long,yes,no,secondary,a,short
4973,kiukaada,V1V2Cï¿½,LM,a,61,(2) 50-75ms,long,short,*V2 long,iu,long,yes,no,secondary,a,short
4974,kiukaada,V1V2Cï¿½,AG,a,56,(2) 50-75ms,long,short,*V2 long,iu,long,yes,no,secondary,a,short
4975,kiukaada,V1V2Cï¿½,EI,a,49,(1) <50ms,long,short,*V2 long,iu,long,yes,no,secondary,a,short
4976,kiukaada,V1V2Cï¿½,EI,a,52,(2) 50-75ms,long,short,*V2 long,iu,long,yes,no,secondary,a,short
4977,kiukaada,V1V2Cï¿½,LM,a,78,(3) 75-100ms,long,short,*V2 long,iu,long,yes,no,secondary,a,short
4978,kiukaada,V1V2Cï¿½,AL,a,43,(1) <50ms,long,short,*V2 long,iu,long,yes,no,secondary,a,short
4979,kiukaada,V1V2Cï¿½,AL,a,45,(1) <50ms,long,short,*V2 long,iu,long,yes,no,secondary,a,short
4980,kiukaada,V1V2Cï¿½,ST,a,76,(3) 75-100ms,long,short,*V2 long,iu,long,yes,no,secondary,a,short
4981,kiukaada,V1V2Cï¿½,AG,a,61,(2) 50-75ms,long,short,*V2 long,iu,long,yes,no,secondary,a,short
4982,kiukaada,V1V2Cï¿½,AG,a,60,(2) 50-75ms,long,short,*V2 long,iu,long,yes,no,secondary,a,short
4983,kiukaada,V1V2Cï¿½,EI,a,49,(1) <50ms,long,short,*V2 long,iu,long,yes,no,secondary,a,short
4984,kiukaada,V1V2Cï¿½,LM,a,47,(1) <50ms,long,short,*V2 long,iu,long,yes,no,secondary,a,short
4985,kiukaada,V1V2Cï¿½,EI,a,45,(1) <50ms,long,short,*V2 long,iu,long,yes,no,secondary,a,short
4986,kiukaada,V1V2Cï¿½,AL,a,43,(1) <50ms,long,short,*V2 long,iu,long,yes,no,secondary,a,short
4987,kiukaada,V1V2Cï¿½,LM,a,47,(1) <50ms,long,short,*V2 long,iu,long,yes,no,secondary,a,short
4988,kiukaada,V1V2Cï¿½,EI,a,63,(2) 50-75ms,long,short,*V2 long,iu,long,yes,no,secondary,a,short
4989,kiukaada,V1V2Cï¿½,LM,a,43,(1) <50ms,long,short,*V2 long,iu,long,yes,no,secondary,a,short
4990,kiukaada,V1V2Cï¿½,EI,a,85,(3) 75-100ms,long,short,*V2 long,iu,long,yes,no,secondary,a,short
4991,kiukaada,V1V2Cï¿½,AL,a,35,(1) <50ms,long,short,*V2 long,iu,long,yes,no,secondary,a,short
4992,kiukaada,V1V2Cï¿½,LM,a,74,(2) 50-75ms,long,short,*V2 long,iu,long,yes,no,secondary,a,short
4993,kiukaada,V1V2Cï¿½,AL,a,40,(1) <50ms,long,short,*V2 long,iu,long,yes,no,secondary,a,short
4994,koigale,V1V2CV,LM,a,80,(3) 75-100ms,short,short,V2 short,oi,long,yes,no,singleton,e,short
4995,koigale,V1V2CV,LM,a,60,(2) 50-75ms,short,short,V2 short,oi,long,yes,no,singleton,e,short
4996,koigale,V1V2CV,AL,a,98,(3) 75-100ms,short,short,V2 short,oi,long,yes,no,singleton,e,short
4997,koigale,V1V2CV,AG,a,65,(2) 50-75ms,short,short,V2 short,oi,long,yes,no,singleton,e,short
4998,koigale,V1V2CV,AL,a,64,(2) 50-75ms,short,short,V2 short,oi,long,yes,no,singleton,e,short
4999,koigale,V1V2CV,EI,a,107,(4) 100-125ms,short,short,V2 short,oi,long,yes,no,singleton,e,short
5000,koigale,V1V2CV,EI,a,69,(2) 50-75ms,short,short,V2 short,oi,long,yes,no,singleton,e,short
5001,koigale,V1V2CV,LM,a,89,(3) 75-100ms,short,short,V2 short,oi,long,yes,no,singleton,e,short
5002,koigale,V1V2CV,AL,a,81,(3) 75-100ms,short,short,V2 short,oi,long,yes,no,singleton,e,short
5003,koigale,V1V2CV,AL,a,79,(3) 75-100ms,short,short,V2 short,oi,long,yes,no,singleton,e,short
5004,koigale,V1V2CV,EI,a,70,(2) 50-75ms,short,short,V2 short,oi,long,yes,no,singleton,e,short
5005,koigale,V1V2CV,EI,a,128,(5) >125ms ,short,short,V2 short,oi,long,yes,no,singleton,e,short
5006,koigale,V1V2CV,AL,a,92,(3) 75-100ms,short,short,V2 short,oi,long,yes,no,singleton,e,short
5007,koigale,V1V2CV,AL,a,102,(4) 100-125ms,short,short,V2 short,oi,long,yes,no,singleton,e,short
5008,koigale,V1V2CV,EI,a,43,(1) <50ms,short,short,V2 short,oi,long,yes,no,singleton,e,short
5009,koigale,V1V2CV,AL,a,62,(2) 50-75ms,short,short,V2 short,oi,long,yes,no,singleton,e,short
5010,koigale,V1V2CV,AL,a,55,(2) 50-75ms,short,short,V2 short,oi,long,yes,no,singleton,e,short
5011,koigale,V1V2CV,AL,a,56,(2) 50-75ms,short,short,V2 short,oi,long,yes,no,singleton,e,short
5012,koigale,V1V2CV,AG,a,92,(3) 75-100ms,short,short,V2 short,oi,long,yes,no,singleton,e,short
5013,koigale,V1V2CV,AG,a,148,(5) >125ms ,short,short,V2 short,oi,long,yes,no,singleton,e,short
5014,koigale,V1V2CV,EI,a,100,(3) 75-100ms,short,short,V2 short,oi,long,yes,no,singleton,e,short
5015,koigale,V1V2CV,AL,a,73,(2) 50-75ms,short,short,V2 short,oi,long,yes,no,singleton,e,short
5016,koigale,V1V2CV,AL,a,63,(2) 50-75ms,short,short,V2 short,oi,long,yes,no,singleton,e,short
5017,koigale,V1V2CV,AL,a,65,(2) 50-75ms,short,short,V2 short,oi,long,yes,no,singleton,e,short
5018,koigale,V1V2CV,EI,a,89,(3) 75-100ms,short,short,V2 short,oi,long,yes,no,singleton,e,short
5019,koigale,V1V2CV,AL,a,112,(4) 100-125ms,short,short,V2 short,oi,long,yes,no,singleton,e,short
5020,koigale,V1V2CV,EI,a,69,(2) 50-75ms,short,short,V2 short,oi,long,yes,no,singleton,e,short
5021,kugile,VCV,AL,i,117,(4) 100-125ms,short,long,V2 lengthened,u,short,no,no,singleton,e,short
5022,kugile,VCV,AL,i,92,(3) 75-100ms,short,long,V2 lengthened,u,short,no,no,singleton,e,short
5023,kugile,VCV,AL,i,117,(4) 100-125ms,short,long,V2 lengthened,u,short,no,no,singleton,e,short
5024,kugile,VCV,AL,i,105,(4) 100-125ms,short,long,V2 lengthened,u,short,no,no,singleton,e,short
5025,kugile,VCV,AL,i,91,(3) 75-100ms,short,long,V2 lengthened,u,short,no,no,singleton,e,short
5026,kukkoja,VC:V,AL,o,54,(2) 50-75ms,short,short,V2 short,u,short,no,no,primary,a,short
5027,kukkoja,VC:V,AL,o,59,(2) 50-75ms,short,short,V2 short,u,short,no,no,primary,a,short
5028,kukkoja,VC:V,AL,o,59,(2) 50-75ms,short,short,V2 short,u,short,no,no,primary,a,short
5029,kukkoja,VC:V,LM,o,70,(2) 50-75ms,short,short,V2 short,u,short,no,no,primary,a,short
5030,kukkoja,VC:V,LM,o,63,(2) 50-75ms,short,short,V2 short,u,short,no,no,primary,a,short
5031,kukkoja,VC:V,LM,o,65,(2) 50-75ms,short,short,V2 short,u,short,no,no,primary,a,short
5032,kukkoja,VC:V,LM,o,75,(2) 50-75ms,short,short,V2 short,u,short,no,no,primary,a,short
5033,kukkoro,VC:V,AG,o,62,(2) 50-75ms,short,short,V2 short,u,short,no,no,primary,o,short
5034,kukkoro,VC:V,LM,o,72,(2) 50-75ms,short,short,V2 short,u,short,no,no,primary,o,short
5035,kukkoro,VC:V,LM,o,64,(2) 50-75ms,short,short,V2 short,u,short,no,no,primary,o,short
5036,kukkoro,VC:V,LM,o,59,(2) 50-75ms,short,short,V2 short,u,short,no,no,primary,o,short
5037,kukkoro,VC:V,ST,o,77,(3) 75-100ms,short,short,V2 short,u,short,no,no,primary,o,short
5038,kukkoro,VC:V,ST,o,51,(2) 50-75ms,short,short,V2 short,u,short,no,no,primary,o,short
5039,kukkoro,VC:V,ST,o,50,(1) <50ms,short,short,V2 short,U,short,no,no,primary,o,short
5040,kukkoro,VC:V,ST,o,54,(2) 50-75ms,short,short,V2 short,U,short,no,no,primary,o,short
5041,kukkoro,VC:V,EI,o,79,(3) 75-100ms,short,short,V2 short,u,short,no,no,primary,o,short
5042,kukkoro,VC:V,EI,o,77,(3) 75-100ms,short,short,V2 short,u,short,no,no,primary,o,short
5043,kukkoro,VC:V,ST,o,31,(1) <50ms,short,short,V2 short,u,short,no,no,primary,o,short
5044,kukkoro,VC:V,ST,o,43,(1) <50ms,short,short,V2 short,u,short,no,no,primary,o,short
5045,kukkoro,VC:V,LM,o,71,(2) 50-75ms,short,short,V2 short,u,short,no,no,primary,o,short
5046,kukkoro,VC:V,ST,o,50,(1) <50ms,short,short,V2 short,u,short,no,no,primary,o,short
5047,kukkoro,VC:V,AG,o,65,(2) 50-75ms,short,short,V2 short,u,short,no,no,primary,o,short
5048,kukkoro,VC:V,EI,o,88,(3) 75-100ms,short,short,V2 short,u,short,no,no,primary,o,short
5049,kukkoro,VC:V,EI,o,83,(3) 75-100ms,short,short,V2 short,u,short,no,no,primary,o,short
5050,kukkoro,VC:V,ST,o,58,(2) 50-75ms,short,short,V2 short,u,short,no,no,primary,o,short
5051,kukkoro,VC:V,ST,o,66,(2) 50-75ms,short,short,V2 short,U,short,no,no,primary,o,short
5052,kukkoro,VC:V,ST,o,47,(1) <50ms,short,short,V2 short,u,short,no,no,primary,o,short
5053,kukkoro,VC:V,ST,o,63,(2) 50-75ms,short,short,V2 short,U,short,no,no,primary,o,short
5054,kukkoro,VC:V,LM,o,55,(2) 50-75ms,short,short,V2 short,u,short,no,no,primary,o,short
5055,kukkoro,VC:V,EI,o,77,(3) 75-100ms,short,short,V2 short,u,short,no,no,primary,o,short
5056,kukkoro,VC:V,EI,o,88,(3) 75-100ms,short,short,V2 short,u,short,no,no,primary,o,short
5057,kukkoro,VC:V,EI,o,91,(3) 75-100ms,short,short,V2 short,u,short,no,no,primary,o,short
5058,kukkoro,VC:V,EI,o,70,(2) 50-75ms,short,short,V2 short,u,short,no,no,primary,o,short
5059,kukkoro,VC:V,LM,o,81,(3) 75-100ms,short,short,V2 short,u,short,no,no,primary,o,short
5060,kukkoro,VC:V,AG,o,59,(2) 50-75ms,short,short,V2 short,u,short,no,no,primary,o,short
5061,kukkoro,VC:V,ST,o,43,(1) <50ms,short,short,V2 short,u,short,no,no,primary,o,short
5062,kukkoro,VC:V,LM,o,63,(2) 50-75ms,short,short,V2 short,u,short,no,no,primary,o,short
5063,kUntteli,VRC:V,AL,e,61,(2) 50-75ms,short,short,V2 short,u,short,no,yes,primary,i,short
5064,kUntteli,VRC:V,AL,e,39,(1) <50ms,short,short,V2 short,U,short,no,yes,primary,i,short
5065,kUntteli,VRC:V,AL,e,44,(1) <50ms,short,short,V2 short,U,short,no,yes,primary,i,short
5066,kUntteli,VRC:V,AL,e,71,(2) 50-75ms,short,short,V2 short,U,short,no,yes,primary,i,short
5067,kUntteli,VRC:V,LM,e,43,(1) <50ms,short,short,V2 short,U,short,no,yes,primary,i,short
5068,kUntteli,VRC:V,LM,e,57,(2) 50-75ms,short,short,V2 short,U,short,no,yes,primary,i,short
5069,kUntteli,VRC:V,LM,e,51,(2) 50-75ms,short,short,V2 short,U,short,no,yes,primary,i,short
5070,kUntteli,VRC:V,LM,e,48,(1) <50ms,short,short,V2 short,U,short,no,yes,primary,i,short
5071,laatana,V:Cï¿,AL,a,38,(1) <50ms,short,short,V2 short,a,long,no,no,secondary,a,short
5072,laatana,V:Cï¿,AL,a,48,(1) <50ms,short,short,V2 short,a,long,no,no,secondary,a,short
5073,laatana,V:Cï¿,ST,a,52,(2) 50-75ms,short,short,V2 short,a,long,no,no,secondary,a,short
5074,laatana,V:Cï¿,ST,a,52,(2) 50-75ms,short,short,V2 short,a,long,no,no,secondary,a,short
5075,laatana,V:Cï¿,AL,a,50,(1) <50ms,short,short,V2 short,a,long,no,no,secondary,a,short
5076,laatana,V:Cï¿,AG,a,65,(2) 50-75ms,short,short,V2 short,a,long,no,no,secondary,a,short
5077,laatana,V:Cï¿,ST,a,57,(2) 50-75ms,short,short,V2 short,a,long,no,no,secondary,a,short
5078,laatana,V:Cï¿,AL,a,50,(1) <50ms,short,short,V2 short,a,long,no,no,secondary,a,short
5079,laatana,V:Cï¿,AL,a,46,(1) <50ms,short,short,V2 short,a,long,no,no,secondary,a,short
5080,laatana,V:Cï¿,AL,a,50,(1) <50ms,short,short,V2 short,a,long,no,no,secondary,a,short
5081,laatana,V:Cï¿,AG,a,65,(2) 50-75ms,short,short,V2 short,a,long,no,no,secondary,a,short
5082,laatana,V:Cï¿,ST,a,61,(2) 50-75ms,short,short,V2 short,a,long,no,no,secondary,a,short
5083,laatana,V:Cï¿,ST,a,71,(2) 50-75ms,short,short,V2 short,a,long,no,no,secondary,a,short
5084,laatana,V:Cï¿,AL,a,48,(1) <50ms,short,short,V2 short,a,long,no,no,secondary,a,short
5085,laatana,V:Cï¿,AL,a,50,(1) <50ms,short,short,V2 short,a,long,no,no,secondary,a,short
5086,laatana,V:Cï¿,AG,a,71,(2) 50-75ms,short,short,V2 short,a,long,no,no,secondary,a,short
5087,laatana,V:Cï¿,ST,a,78,(3) 75-100ms,short,short,V2 short,a,long,no,no,secondary,a,short
5088,laatana,V:Cï¿,AG,a,59,(2) 50-75ms,short,short,V2 short,a,long,no,no,secondary,a,short
5089,laatana,V:Cï¿,ST,a,58,(2) 50-75ms,short,short,V2 short,a,long,no,no,secondary,a,short
5090,laatana,V:Cï¿,ST,a,67,(2) 50-75ms,short,short,V2 short,a,long,no,no,secondary,a,short
5091,laatana,V:Cï¿,ST,a,73,(2) 50-75ms,short,short,V2 short,a,long,no,no,secondary,a,short
5092,laatana,V:Cï¿,ST,a,50,(1) <50ms,short,short,V2 short,a,long,no,no,secondary,a,short
5093,laatana,V:Cï¿,ST,a,71,(2) 50-75ms,short,short,V2 short,a,long,no,no,secondary,a,short
5094,laatana,V:Cï¿,ST,a,73,(2) 50-75ms,short,short,V2 short,a,long,no,no,secondary,a,short
5095,laatana,V:Cï¿,ST,a,66,(2) 50-75ms,short,short,V2 short,a,long,no,no,secondary,a,short
5096,laatiima,V:Cï¿½,LM,i,50,(1) <50ms,long,short,*V2 long,a,long,no,no,secondary,a,short
5097,laatiima,V:Cï¿½,AG,i,60,(2) 50-75ms,long,short,*V2 long,a,long,no,no,secondary,a,short
5098,laatiima,V:Cï¿½,ST,i,55,(2) 50-75ms,long,short,*V2 long,a,long,no,no,secondary,a,short
5099,laatiima,V:Cï¿½,ST,i,52,(2) 50-75ms,long,short,*V2 long,a,long,no,no,secondary,a,short
5100,laatiima,V:Cï¿½,LM,i,50,(1) <50ms,long,short,*V2 long,a,long,no,no,secondary,a,short
5101,laatiima,V:Cï¿½,AG,i,79,(3) 75-100ms,long,short,*V2 long,a,long,no,no,secondary,a,short
5102,laatiima,V:Cï¿½,LM,i,68,(2) 50-75ms,long,short,*V2 long,a,long,no,no,secondary,a,short
5103,laatiima,V:Cï¿½,EI,i,78,(3) 75-100ms,long,short,*V2 long,a,long,no,no,secondary,a,short
5104,laatiima,V:Cï¿½,ST,i,57,(2) 50-75ms,long,short,*V2 long,a,long,no,no,secondary,a,short
5105,laatiima,V:Cï¿½,ST,i,59,(2) 50-75ms,long,short,*V2 long,a,long,no,no,secondary,a,short
5106,laatiima,V:Cï¿½,EI,i,88,(3) 75-100ms,long,short,*V2 long,a,long,no,no,secondary,a,short
5107,laatiima,V:Cï¿½,AL,i,40,(1) <50ms,long,short,*V2 long,a,long,no,no,secondary,a,short
5108,laatiima,V:Cï¿½,ST,i,45,(1) <50ms,long,short,*V2 long,a,long,no,no,secondary,a,short
5109,laatiima,V:Cï¿½,AG,i,60,(2) 50-75ms,long,short,*V2 long,a,long,no,no,secondary,a,short
5110,laatiima,V:Cï¿½,AG,i,55,(2) 50-75ms,long,short,*V2 long,a,long,no,no,secondary,a,short
5111,laatiima,V:Cï¿½,LM,i,86,(3) 75-100ms,long,short,*V2 long,a,long,no,no,secondary,a,short
5112,laatiima,V:Cï¿½,LM,i,84,(3) 75-100ms,long,short,*V2 long,a,long,no,no,secondary,a,short
5113,laatiima,V:Cï¿½,AL,i,38,(1) <50ms,long,short,*V2 long,a,long,no,no,secondary,a,short
5114,laatiima,V:Cï¿½,LM,i,59,(2) 50-75ms,long,short,*V2 long,a,long,no,no,secondary,a,short
5115,laatiima,V:Cï¿½,LM,i,72,(2) 50-75ms,long,short,*V2 long,a,long,no,no,secondary,a,short
5116,laatiima,V:Cï¿½,AG,i,54,(2) 50-75ms,long,short,*V2 long,a,long,no,no,secondary,a,short
5117,laatiima,V:Cï¿½,AG,i,57,(2) 50-75ms,long,short,*V2 long,a,long,no,no,secondary,a,short
5118,laatiima,V:Cï¿½,AG,i,91,(3) 75-100ms,long,short,*V2 long,a,long,no,no,secondary,a,short
5119,laatiima,V:Cï¿½,AG,i,68,(2) 50-75ms,long,short,*V2 long,a,long,no,no,secondary,a,short
5120,laatiima,V:Cï¿½,EI,i,51,(2) 50-75ms,long,short,*V2 long,a,long,no,no,secondary,a,short
5121,laatiima,V:Cï¿½,EI,i,73,(2) 50-75ms,long,short,*V2 long,a,long,no,no,secondary,a,short
5122,laatiima,V:Cï¿½,LM,i,60,(2) 50-75ms,long,short,*V2 long,a,long,no,no,secondary,a,short
5123,laatiima,V:Cï¿½,AG,i,45,(1) <50ms,long,short,*V2 long,a,long,no,no,secondary,a,short
5124,laatiima,V:Cï¿½,AL,i,48,(1) <50ms,long,short,*V2 long,a,long,no,no,secondary,a,short
5125,laatiima,V:Cï¿½,ST,i,34,(1) <50ms,long,short,*V2 long,a,long,no,no,secondary,a,short
5126,laatiima,V:Cï¿½,LM,i,97,(3) 75-100ms,long,short,*V2 long,a,long,no,no,secondary,a,short
5127,laatiima,V:Cï¿½,AL,i,52,(2) 50-75ms,long,short,*V2 long,a,long,no,no,secondary,a,short
5128,laatiima,V:Cï¿½,AG,i,61,(2) 50-75ms,long,short,*V2 long,a,long,no,no,secondary,a,short
5129,laatiima,V:Cï¿½,LM,i,63,(2) 50-75ms,long,short,*V2 long,a,long,no,no,secondary,a,short
5130,laatiima,V:Cï¿½,AL,i,38,(1) <50ms,long,short,*V2 long,a,long,no,no,secondary,a,short
5131,laatiima,V:Cï¿½,AL,i,76,(3) 75-100ms,long,short,*V2 long,a,long,no,no,secondary,a,short
5132,laatiima,V:Cï¿½,AL,i,53,(2) 50-75ms,long,short,*V2 long,a,long,no,no,secondary,a,short
5133,laatiima,V:Cï¿½,AG,i,70,(2) 50-75ms,long,short,*V2 long,a,long,no,no,secondary,a,short
5134,laatiima,V:Cï¿½,EI,i,86,(3) 75-100ms,long,short,*V2 long,a,long,no,no,secondary,a,short
5135,laatiima,V:Cï¿½,EI,i,82,(3) 75-100ms,long,short,*V2 long,a,long,no,no,secondary,a,short
5136,laatiima,V:Cï¿½,EI,i,79,(3) 75-100ms,long,short,*V2 long,a,long,no,no,secondary,a,short
5137,laatiima,V:Cï¿½,LM,i,79,(3) 75-100ms,long,short,*V2 long,a,long,no,no,secondary,a,short
5138,laatiima,V:Cï¿½,LM,i,49,(1) <50ms,long,short,*V2 long,a,long,no,no,secondary,a,short
5139,laatiima,V:Cï¿½,LM,i,47,(1) <50ms,long,short,*V2 long,a,long,no,no,secondary,a,short
5140,laatiima,V:Cï¿½,ST,i,45,(1) <50ms,long,short,*V2 long,a,long,no,no,secondary,a,short
5141,laatiima,V:Cï¿½,AL,i,49,(1) <50ms,long,short,*V2 long,a,long,no,no,secondary,a,short
5142,laatiima,V:Cï¿½,AG,i,68,(2) 50-75ms,long,short,*V2 long,a,long,no,no,secondary,a,short
5143,laatiima,V:Cï¿½,LM,i,70,(2) 50-75ms,long,short,*V2 long,a,long,no,no,secondary,a,short
5144,laatiima,V:Cï¿½,ST,i,43,(1) <50ms,long,short,*V2 long,a,long,no,no,secondary,a,short
5145,laatiima,V:Cï¿½,AG,i,68,(2) 50-75ms,long,short,*V2 long,a,long,no,no,secondary,a,short
5146,laatiima,V:Cï¿½,EI,i,86,(3) 75-100ms,long,short,*V2 long,a,long,no,no,secondary,a,short
5147,laatiima,V:Cï¿½,AL,i,43,(1) <50ms,long,short,*V2 long,a,long,no,no,secondary,a,short
5148,laatiima,V:Cï¿½,EI,i,75,(2) 50-75ms,long,short,*V2 long,a,long,no,no,secondary,a,short
5149,laatiima,V:Cï¿½,LM,i,48,(1) <50ms,long,short,*V2 long,a,long,no,no,secondary,a,short
5150,laatiima,V:Cï¿½,LM,i,60,(2) 50-75ms,long,short,*V2 long,a,long,no,no,secondary,a,short
5151,laatiima,V:Cï¿½,AL,i,35,(1) <50ms,long,short,*V2 long,a,long,no,no,secondary,a,short
5152,laatiima,V:Cï¿½,LM,i,66,(2) 50-75ms,long,short,*V2 long,a,long,no,no,secondary,a,short
5153,laatiima,V:Cï¿½,LM,i,62,(2) 50-75ms,long,short,*V2 long,a,long,no,no,secondary,a,short
5154,laatiima,V:Cï¿½,AG,i,50,(1) <50ms,long,short,*V2 long,a,long,no,no,secondary,a,short
5155,laatiima,V:Cï¿½,EI,i,85,(3) 75-100ms,long,short,*V2 long,a,long,no,no,secondary,a,short
5156,laatiima,V:Cï¿½,AL,i,32,(1) <50ms,long,short,*V2 long,a,long,no,no,secondary,a,short
5157,laatiima,V:Cï¿½,EI,i,75,(2) 50-75ms,long,short,*V2 long,a,long,no,no,secondary,a,short
5158,laatiima,V:Cï¿½,LM,i,69,(2) 50-75ms,long,short,*V2 long,a,long,no,no,secondary,a,short
5159,laatiima,V:Cï¿½,LM,i,92,(3) 75-100ms,long,short,*V2 long,a,long,no,no,secondary,a,short
5160,laatiima,V:Cï¿½,EI,i,66,(2) 50-75ms,long,short,*V2 long,a,long,no,no,secondary,a,short
5161,laatiima,V:Cï¿½,AL,i,34,(1) <50ms,long,short,*V2 long,a,long,no,no,secondary,a,short
5162,laatiima,V:Cï¿½,EI,i,80,(3) 75-100ms,long,short,*V2 long,a,long,no,no,secondary,a,short
5163,laatiima,V:Cï¿½,EI,i,80,(3) 75-100ms,long,short,*V2 long,a,long,no,no,secondary,a,short
5164,laatiima,V:Cï¿½,AG,i,71,(2) 50-75ms,long,short,*V2 long,a,long,no,no,secondary,a,short
5165,laatiima,V:Cï¿½,AG,i,76,(3) 75-100ms,long,short,*V2 long,a,long,no,no,secondary,a,short
5166,laatiima,V:Cï¿½,AL,i,40,(1) <50ms,long,short,*V2 long,a,long,no,no,secondary,a,short
5167,laatiima,V:Cï¿½,EI,i,57,(2) 50-75ms,long,short,*V2 long,a,long,no,no,secondary,a,short
5168,laatiima,V:Cï¿½,AG,i,50,(1) <50ms,long,short,*V2 long,a,long,no,no,secondary,a,short
5169,laatiima,V:Cï¿½,LM,i,58,(2) 50-75ms,long,short,*V2 long,a,long,no,no,secondary,a,short
5170,laatiima,V:Cï¿½,EI,i,69,(2) 50-75ms,long,short,*V2 long,a,long,no,no,secondary,a,short
5171,lakkaama,VC:V:,ST,a,40,(1) <50ms,long,short,*V2 long,a,short,no,no,primary,a,short
5172,lankiima,VRCï¿½,AL,i,53,(2) 50-75ms,long,short,*V2 long,a,short,no,yes,secondary,a,short
5173,lankiima,VRCï¿½,AL,i,41,(1) <50ms,long,short,*V2 long,a,short,no,yes,secondary,a,short
5174,lankiima,VRCï¿½,AL,i,66,(2) 50-75ms,long,short,*V2 long,a,short,no,yes,secondary,a,short
5175,lankoja,VRCï¿,LM,o,62,(2) 50-75ms,short,short,V2 short,a,short,no,yes,secondary,a,short
5176,lankoja,VRCï¿,LM,o,50,(1) <50ms,short,short,V2 short,a,short,no,yes,secondary,a,short
5177,lankoja,VRCï¿,LM,o,69,(2) 50-75ms,short,short,V2 short,a,short,no,yes,secondary,a,short
5178,lankoja,VRCï¿,LM,o,70,(2) 50-75ms,short,short,V2 short,a,short,no,yes,secondary,a,short
5179,lankoja,VRCï¿,LM,o,53,(2) 50-75ms,short,short,V2 short,a,short,no,yes,secondary,a,short
5180,laugale,V1V2CV,LM,a,52,(2) 50-75ms,short,short,V2 short,au,long,yes,no,singleton,e,short
5181,laugale,V1V2CV,EI,a,58,(2) 50-75ms,short,short,V2 short,au,long,yes,no,singleton,e,short
5182,laugale,V1V2CV,EI,a,108,(4) 100-125ms,short,short,V2 short,au,long,yes,no,singleton,e,short
5183,laugale,V1V2CV,EI,a,83,(3) 75-100ms,short,short,V2 short,au,long,yes,no,singleton,e,short
5184,laugale,V1V2CV,AL,a,74,(2) 50-75ms,short,short,V2 short,au,long,yes,no,singleton,e,short
5185,laugale,V1V2CV,AL,a,60,(2) 50-75ms,short,short,V2 short,au,long,yes,no,singleton,e,short
5186,laugale,V1V2CV,AL,a,80,(3) 75-100ms,short,short,V2 short,au,long,yes,no,singleton,e,short
5187,laugale,V1V2CV,EI,a,109,(4) 100-125ms,short,short,V2 short,au,long,yes,no,singleton,e,short
5188,laugale,V1V2CV,AL,a,82,(3) 75-100ms,short,short,V2 short,au,long,yes,no,singleton,e,short
5189,laugale,V1V2CV,AL,a,81,(3) 75-100ms,short,short,V2 short,au,long,yes,no,singleton,e,short
5190,laugale,V1V2CV,EI,a,75,(2) 50-75ms,short,short,V2 short,au,long,yes,no,singleton,e,short
5191,laugale,V1V2CV,EI,a,94,(3) 75-100ms,short,short,V2 short,au,long,yes,no,singleton,e,short
5192,laugale,V1V2CV,AG,a,112,(4) 100-125ms,short,short,V2 short,au,long,yes,no,singleton,e,short
5193,laugale,V1V2CV,AL,a,70,(2) 50-75ms,short,short,V2 short,au,long,yes,no,singleton,e,short
5194,laugale,V1V2CV,LM,a,46,(1) <50ms,short,short,V2 short,au,long,yes,no,singleton,e,short
5195,laugale,V1V2CV,AL,a,87,(3) 75-100ms,short,short,V2 short,au,long,yes,no,singleton,e,short
5196,laugale,V1V2CV,EI,a,100,(3) 75-100ms,short,short,V2 short,au,long,yes,no,singleton,e,short
5197,laugale,V1V2CV,AG,a,137,(5) >125ms ,short,short,V2 short,au,long,yes,no,singleton,e,short
5198,laugale,V1V2CV,AG,a,126,(5) >125ms ,short,short,V2 short,au,long,yes,no,singleton,e,short
5199,laugale,V1V2CV,LM,a,65,(2) 50-75ms,short,short,V2 short,au,long,yes,no,singleton,e,short
5200,laukaama,V1V2Cï¿½,EI,a,115,(4) 100-125ms,long,short,*V2 long,au,long,yes,no,secondary,a,short
5201,laukaama,V1V2Cï¿½,EI,a,97,(3) 75-100ms,long,short,*V2 long,au,long,yes,no,secondary,a,short
5202,laukaama,V1V2Cï¿½,AG,a,122,(4) 100-125ms,long,short,*V2 long,au,long,yes,no,secondary,a,short
5203,laukaama,V1V2Cï¿½,EI,a,51,(2) 50-75ms,long,short,*V2 long,au,long,yes,no,secondary,a,short
5204,laukaama,V1V2Cï¿½,EI,a,89,(3) 75-100ms,long,short,*V2 long,au,long,yes,no,secondary,a,short
5205,laukaama,V1V2Cï¿½,AG,a,104,(4) 100-125ms,long,short,*V2 long,au,long,yes,no,secondary,a,short
5206,laukaama,V1V2Cï¿½,LM,a,71,(2) 50-75ms,long,short,*V2 long,au,long,yes,no,secondary,a,short
5207,laukaama,V1V2Cï¿½,LM,a,56,(2) 50-75ms,long,short,*V2 long,au,long,yes,no,secondary,a,short
5208,laukaama,V1V2Cï¿½,AG,a,108,(4) 100-125ms,long,short,*V2 long,au,long,yes,no,secondary,a,short
5209,laukaama,V1V2Cï¿½,AL,a,85,(3) 75-100ms,long,short,*V2 long,au,long,yes,no,secondary,a,short
5210,laukaama,V1V2Cï¿½,LM,a,73,(2) 50-75ms,long,short,*V2 long,au,long,yes,no,secondary,a,short
5211,laukaama,V1V2Cï¿½,LM,a,46,(1) <50ms,long,short,*V2 long,au,long,yes,no,secondary,a,short
5212,laukaama,V1V2Cï¿½,LM,a,61,(2) 50-75ms,long,short,*V2 long,au,long,yes,no,secondary,a,short
5213,laukaama,V1V2Cï¿½,AG,a,123,(4) 100-125ms,long,short,*V2 long,au,long,yes,no,secondary,a,short
5214,laukaama,V1V2Cï¿½,EI,a,89,(3) 75-100ms,long,short,*V2 long,au,long,yes,no,secondary,a,short
5215,laukaama,V1V2Cï¿½,EI,a,64,(2) 50-75ms,long,short,*V2 long,au,long,yes,no,secondary,a,short
5216,laukaama,V1V2Cï¿½,LM,a,58,(2) 50-75ms,long,short,*V2 long,au,long,yes,no,secondary,a,short
5217,laukaama,V1V2Cï¿½,LM,a,51,(2) 50-75ms,long,short,*V2 long,au,long,yes,no,secondary,a,short
5218,laukaama,V1V2Cï¿½,ST,a,60,(2) 50-75ms,long,short,*V2 long,au,long,yes,no,secondary,a,short
5219,laukaama,V1V2Cï¿½,LM,a,62,(2) 50-75ms,long,short,*V2 long,au,long,yes,no,secondary,a,short
5220,laukaama,V1V2Cï¿½,EI,a,69,(2) 50-75ms,long,short,*V2 long,au,long,yes,no,secondary,a,short
5221,laukaama,V1V2Cï¿½,EI,a,89,(3) 75-100ms,long,short,*V2 long,au,long,yes,no,secondary,a,short
5222,laukaama,V1V2Cï¿½,EI,a,68,(2) 50-75ms,long,short,*V2 long,au,long,yes,no,secondary,a,short
5223,laukaama,V1V2Cï¿½,EI,a,89,(3) 75-100ms,long,short,*V2 long,au,long,yes,no,secondary,a,short
5224,laukaama,V1V2Cï¿½,LM,a,57,(2) 50-75ms,long,short,*V2 long,au,long,yes,no,secondary,a,short
5225,laukaama,V1V2Cï¿½,LM,a,79,(3) 75-100ms,long,short,*V2 long,au,long,yes,no,secondary,a,short
5226,laukaama,V1V2Cï¿½,ST,a,40,(1) <50ms,long,short,*V2 long,au,long,yes,no,secondary,a,short
5227,laukaama,V1V2Cï¿½,EI,a,102,(4) 100-125ms,long,short,*V2 long,au,long,yes,no,secondary,a,short
5228,laukaama,V1V2Cï¿½,ST,a,73,(2) 50-75ms,long,short,*V2 long,au,long,yes,no,secondary,a,short
5229,laukaama,V1V2Cï¿½,AL,a,73,(2) 50-75ms,long,short,*V2 long,au,long,yes,no,secondary,a,short
5230,laukaama,V1V2Cï¿½,AL,a,66,(2) 50-75ms,long,short,*V2 long,au,long,yes,no,secondary,a,short
5231,laukaama,V1V2Cï¿½,ST,a,53,(2) 50-75ms,long,short,*V2 long,au,long,yes,no,secondary,a,short
5232,laukaama,V1V2Cï¿½,AL,a,90,(3) 75-100ms,long,short,*V2 long,au,long,yes,no,secondary,a,short
5233,laukaama,V1V2Cï¿½,LM,a,54,(2) 50-75ms,long,short,*V2 long,au,long,yes,no,secondary,a,short
5234,laukaama,V1V2Cï¿½,EI,a,100,(3) 75-100ms,long,short,*V2 long,au,long,yes,no,secondary,a,short
5235,laukaama,V1V2Cï¿½,EI,a,90,(3) 75-100ms,long,short,*V2 long,au,long,yes,no,secondary,a,short
5236,laukaama,V1V2Cï¿½,ST,a,57,(2) 50-75ms,long,short,*V2 long,au,long,yes,no,secondary,a,short
5237,laukaama,V1V2Cï¿½,EI,a,83,(3) 75-100ms,long,short,*V2 long,au,long,yes,no,secondary,a,short
5238,laukaama,V1V2Cï¿½,ST,a,56,(2) 50-75ms,long,short,*V2 long,au,long,yes,no,secondary,a,short
5239,laukaama,V1V2Cï¿½,AL,a,79,(3) 75-100ms,long,short,*V2 long,au,long,yes,no,secondary,a,short
5240,laukaama,V1V2Cï¿½,ST,a,51,(2) 50-75ms,long,short,*V2 long,au,long,yes,no,secondary,a,short
5241,laukaama,V1V2Cï¿½,AG,a,127,(5) >125ms ,long,short,*V2 long,au,long,yes,no,secondary,a,short
5242,laukaama,V1V2Cï¿½,EI,a,101,(4) 100-125ms,long,short,*V2 long,au,long,yes,no,secondary,a,short
5243,laukaama,V1V2Cï¿½,AG,a,122,(4) 100-125ms,long,short,*V2 long,au,long,yes,no,secondary,a,short
5244,laukaama,V1V2Cï¿½,AL,a,66,(2) 50-75ms,long,short,*V2 long,au,long,yes,no,secondary,a,short
5245,laukaama,V1V2Cï¿½,AG,a,135,(5) >125ms ,long,short,*V2 long,au,long,yes,no,secondary,a,short
5246,laukaama,V1V2Cï¿½,AL,a,63,(2) 50-75ms,long,short,*V2 long,au,long,yes,no,secondary,a,short
5247,laukkoja,V1V2C:V,AG,o,50,(1) <50ms,short,short,V2 short,au,long,yes,no,primary,a,short
5248,laukkoja,V1V2C:V,ST,o,70,(2) 50-75ms,short,short,V2 short,au,long,yes,no,primary,a,short
5249,laukkoja,V1V2C:V,EI,o,67,(2) 50-75ms,short,short,V2 short,au,long,yes,no,primary,a,short
5250,laukkoja,V1V2C:V,LM,o,55,(2) 50-75ms,short,short,V2 short,au,long,yes,no,primary,a,short
5251,laukkoja,V1V2C:V,LM,o,63,(2) 50-75ms,short,short,V2 short,au,long,yes,no,primary,a,short
5252,laukkoja,V1V2C:V,AL,o,67,(2) 50-75ms,short,short,V2 short,au,long,yes,no,primary,a,short
5253,laukkoja,V1V2C:V,AG,o,61,(2) 50-75ms,short,short,V2 short,au,long,yes,no,primary,a,short
5254,laukkoja,V1V2C:V,AG,o,65,(2) 50-75ms,short,short,V2 short,au,long,yes,no,primary,a,short
5255,laukkoja,V1V2C:V,AL,o,50,(1) <50ms,short,short,V2 short,au,long,yes,no,primary,a,short
5256,laukkoja,V1V2C:V,AG,o,76,(3) 75-100ms,short,short,V2 short,au,long,yes,no,primary,a,short
5257,laukkoja,V1V2C:V,AL,o,54,(2) 50-75ms,short,short,V2 short,au,long,yes,no,primary,a,short
5258,laukkoja,V1V2C:V,LM,o,59,(2) 50-75ms,short,short,V2 short,au,long,yes,no,primary,a,short
5259,laukkoja,V1V2C:V,AG,o,61,(2) 50-75ms,short,short,V2 short,au,long,yes,no,primary,a,short
5260,laukkoja,V1V2C:V,LM,o,72,(2) 50-75ms,short,short,V2 short,au,long,yes,no,primary,a,short
5261,laukkoja,V1V2C:V,LM,o,72,(2) 50-75ms,short,short,V2 short,au,long,yes,no,primary,a,short
5262,laukkoja,V1V2C:V,AL,o,52,(2) 50-75ms,short,short,V2 short,au,long,yes,no,primary,a,short
5263,laukkoja,V1V2C:V,EI,o,92,(3) 75-100ms,short,short,V2 short,au,long,yes,no,primary,a,short
5264,laukkoja,V1V2C:V,AL,o,57,(2) 50-75ms,short,short,V2 short,au,long,yes,no,primary,a,short
5265,laukkoja,V1V2C:V,ST,o,60,(2) 50-75ms,short,short,V2 short,au,long,yes,no,primary,a,short
5266,laukkoja,V1V2C:V,EI,o,66,(2) 50-75ms,short,short,V2 short,au,long,yes,no,primary,a,short
5267,laukkoja,V1V2C:V,AG,o,94,(3) 75-100ms,short,short,V2 short,au,long,yes,no,primary,a,short
5268,laukkoja,V1V2C:V,EI,o,72,(2) 50-75ms,short,short,V2 short,au,long,yes,no,primary,a,short
5269,laukkoja,V1V2C:V,ST,o,65,(2) 50-75ms,short,short,V2 short,au,long,yes,no,primary,a,short
5270,laukkoja,V1V2C:V,ST,o,57,(2) 50-75ms,short,short,V2 short,au,long,yes,no,primary,a,short
5271,laukkoja,V1V2C:V,LM,o,63,(2) 50-75ms,short,short,V2 short,au,long,yes,no,primary,a,short
5272,laukkoja,V1V2C:V,ST,o,63,(2) 50-75ms,short,short,V2 short,au,long,yes,no,primary,a,short
5273,laukkoja,V1V2C:V,EI,o,77,(3) 75-100ms,short,short,V2 short,au,long,yes,no,primary,a,short
5274,laukkoja,V1V2C:V,LM,o,54,(2) 50-75ms,short,short,V2 short,au,long,yes,no,primary,a,short
5275,laukkoja,V1V2C:V,AL,o,51,(2) 50-75ms,short,short,V2 short,au,long,yes,no,primary,a,short
5276,laukkoja,V1V2C:V,EI,o,70,(2) 50-75ms,short,short,V2 short,au,long,yes,no,primary,a,short
5277,laukkoja,V1V2C:V,EI,o,60,(2) 50-75ms,short,short,V2 short,au,long,yes,no,primary,a,short
5278,laukkoja,V1V2C:V,AG,o,61,(2) 50-75ms,short,short,V2 short,au,long,yes,no,primary,a,short
5279,laukkoja,V1V2C:V,AL,o,55,(2) 50-75ms,short,short,V2 short,au,long,yes,no,primary,a,short
5280,lautoja,V1V2Cï¿,LM,o,59,(2) 50-75ms,long,short,*V2 long,au,long,yes,no,secondary,a,short
5281,lautoja,V1V2Cï¿,AL,o,61,(2) 50-75ms,long,short,*V2 long,au,long,yes,no,secondary,a,short
5282,lautoja,V1V2Cï¿,LM,o,76,(3) 75-100ms,long,short,*V2 long,au,long,yes,no,secondary,a,short
5283,lautoja,V1V2Cï¿,ST,o,56,(2) 50-75ms,long,short,*V2 long,au,long,yes,no,secondary,a,short
5284,lautoja,V1V2Cï¿,AL,o,70,(2) 50-75ms,long,short,*V2 long,au,long,yes,no,secondary,a,short
5285,lautoja,V1V2Cï¿,AL,o,67,(2) 50-75ms,long,short,*V2 long,au,long,yes,no,secondary,a,short
5286,lautoja,V1V2Cï¿,LM,o,82,(3) 75-100ms,long,short,*V2 long,au,long,yes,no,secondary,a,short
5287,lautoja,V1V2Cï¿,AL,o,57,(2) 50-75ms,long,short,*V2 long,au,long,yes,no,secondary,a,short
5288,lautoja,V1V2Cï¿,EI,o,82,(3) 75-100ms,long,short,*V2 long,au,long,yes,no,secondary,a,short
5289,lautoja,V1V2Cï¿,LM,o,70,(2) 50-75ms,long,short,*V2 long,au,long,yes,no,secondary,a,short
5290,lautoja,V1V2Cï¿,AG,o,50,(1) <50ms,long,short,*V2 long,au,long,yes,no,secondary,a,short
5291,lautoja,V1V2Cï¿,ST,o,55,(2) 50-75ms,long,short,*V2 long,au,long,yes,no,secondary,a,short
5292,lautoja,V1V2Cï¿,EI,o,45,(1) <50ms,long,short,*V2 long,au,long,yes,no,secondary,a,short
5293,lautoja,V1V2Cï¿,ST,o,41,(1) <50ms,long,short,*V2 long,au,long,yes,no,secondary,a,short
5294,lautoja,V1V2Cï¿,AL,o,75,(2) 50-75ms,long,short,*V2 long,au,long,yes,no,secondary,a,short
5295,lautoja,V1V2Cï¿,EI,o,78,(3) 75-100ms,long,short,*V2 long,au,long,yes,no,secondary,a,short
5296,lautoja,V1V2Cï¿,AG,o,66,(2) 50-75ms,long,short,*V2 long,au,long,yes,no,secondary,a,short
5297,lautoja,V1V2Cï¿,EI,o,60,(2) 50-75ms,long,short,*V2 long,au,long,yes,no,secondary,a,short
5298,lautoja,V1V2Cï¿,ST,o,51,(2) 50-75ms,long,short,*V2 long,au,long,yes,no,secondary,a,short
5299,lautoja,V1V2Cï¿,AG,o,68,(2) 50-75ms,long,short,*V2 long,au,long,yes,no,secondary,a,short
5300,lautoja,V1V2Cï¿,AG,o,62,(2) 50-75ms,long,short,*V2 long,au,long,yes,no,secondary,a,short
5301,lautoja,V1V2Cï¿,EI,o,74,(2) 50-75ms,long,short,*V2 long,au,long,yes,no,secondary,a,short
5302,lautoja,V1V2Cï¿,LM,o,85,(3) 75-100ms,long,short,*V2 long,au,long,yes,no,secondary,a,short
5303,lautoja,V1V2Cï¿,LM,o,80,(3) 75-100ms,long,short,*V2 long,au,long,yes,no,secondary,a,short
5304,lautoja,V1V2Cï¿,EI,o,106,(4) 100-125ms,long,short,*V2 long,au,long,yes,no,secondary,a,short
5305,lautoja,V1V2Cï¿,LM,o,72,(2) 50-75ms,long,short,*V2 long,au,long,yes,no,secondary,a,short
5306,lautoja,V1V2Cï¿,AG,o,67,(2) 50-75ms,long,short,*V2 long,au,long,yes,no,secondary,a,short
5307,lautoja,V1V2Cï¿,EI,o,85,(3) 75-100ms,long,short,*V2 long,au,long,yes,no,secondary,a,short
5308,lautoja,V1V2Cï¿,LM,o,63,(2) 50-75ms,long,short,*V2 long,au,long,yes,no,secondary,a,short
5309,lautoja,V1V2Cï¿,AG,o,76,(3) 75-100ms,long,short,*V2 long,au,long,yes,no,secondary,a,short
5310,lautoja,V1V2Cï¿,AG,o,30,(1) <50ms,long,short,*V2 long,au,long,yes,no,secondary,a,short
5311,lautoja,V1V2Cï¿,EI,o,71,(2) 50-75ms,long,short,*V2 long,au,long,yes,no,secondary,a,short
5312,lautoja,V1V2Cï¿,AL,o,56,(2) 50-75ms,long,short,*V2 long,au,long,yes,no,secondary,a,short
5313,lautoja,V1V2Cï¿,AL,o,61,(2) 50-75ms,long,short,*V2 long,au,long,yes,no,secondary,a,short
5314,lautoja,V1V2Cï¿,EI,o,93,(3) 75-100ms,long,short,*V2 long,au,long,yes,no,secondary,a,short
5315,lautoja,V1V2Cï¿,AG,o,45,(1) <50ms,long,short,*V2 long,au,long,yes,no,secondary,a,short
5316,lautoja,V1V2Cï¿,EI,o,64,(2) 50-75ms,long,short,*V2 long,au,long,yes,no,secondary,a,short
5317,lautoja,V1V2Cï¿,ST,o,60,(2) 50-75ms,long,short,*V2 long,au,long,yes,no,secondary,a,short
5318,leikkaama,V1V2C:V:,AG,a,96,(3) 75-100ms,long,short,*V2 long,ei,long,yes,no,primary,a,short
5319,leikkaama,V1V2C:V:,AG,a,104,(4) 100-125ms,long,short,*V2 long,ei,long,yes,no,primary,a,short
5320,leikkaama,V1V2C:V:,AG,a,135,(5) >125ms ,long,short,*V2 long,ei,long,yes,no,primary,a,short
5321,leikkaama,V1V2C:V:,AG,a,119,(4) 100-125ms,long,short,*V2 long,ei,long,yes,no,primary,a,short
5322,londile,VRCV,AL,i,53,(2) 50-75ms,short,short,V2 short,o,short,no,yes,singleton,e,short
5323,londile,VRCV,EI,i,91,(3) 75-100ms,short,short,V2 short,o,short,no,yes,singleton,e,short
5324,londile,VRCV,AL,i,59,(2) 50-75ms,short,short,V2 short,o,short,no,yes,singleton,e,short
5325,londile,VRCV,AL,i,36,(1) <50ms,short,short,V2 short,o,short,no,yes,singleton,e,short
5326,londile,VRCV,LM,i,61,(2) 50-75ms,short,short,V2 short,o,short,no,yes,singleton,e,short
5327,londile,VRCV,AG,i,101,(4) 100-125ms,short,short,V2 short,o,short,no,yes,singleton,e,short
5328,londile,VRCV,EI,i,66,(2) 50-75ms,short,short,V2 short,o,short,no,yes,singleton,e,short
5329,londile,VRCV,EI,i,70,(2) 50-75ms,short,short,V2 short,o,short,no,yes,singleton,e,short
5330,londile,VRCV,EI,i,71,(2) 50-75ms,short,short,V2 short,o,short,no,yes,singleton,e,short
5331,londile,VRCV,AG,i,108,(4) 100-125ms,short,short,V2 short,o,short,no,yes,singleton,e,short
5332,londile,VRCV,AL,i,71,(2) 50-75ms,short,short,V2 short,o,short,no,yes,singleton,e,short
5333,londile,VRCV,AL,i,59,(2) 50-75ms,short,short,V2 short,o,short,no,yes,singleton,e,short
5334,londile,VRCV,LM,i,68,(2) 50-75ms,short,short,V2 short,o,short,no,yes,singleton,e,short
5335,londile,VRCV,LM,i,84,(3) 75-100ms,short,short,V2 short,o,short,no,yes,singleton,e,short
5336,londile,VRCV,EI,i,109,(4) 100-125ms,short,short,V2 short,o,short,no,yes,singleton,e,short
5337,londile,VRCV,EI,i,90,(3) 75-100ms,short,short,V2 short,o,short,no,yes,singleton,e,short
5338,londile,VRCV,EI,i,82,(3) 75-100ms,short,short,V2 short,o,short,no,yes,singleton,e,short
5339,londile,VRCV,AG,i,114,(4) 100-125ms,short,short,V2 short,o,short,no,yes,singleton,e,short
5340,londile,VRCV,AL,i,68,(2) 50-75ms,short,short,V2 short,o,short,no,yes,singleton,e,short
5341,londile,VRCV,LM,i,72,(2) 50-75ms,short,short,V2 short,o,short,no,yes,singleton,e,short
5342,londile,VRCV,AL,i,54,(2) 50-75ms,short,short,V2 short,o,short,no,yes,singleton,e,short
5343,loottiima,V:C:V:,EI,i,78,(3) 75-100ms,long,short,*V2 long,u,long,no,no,primary,a,short
5344,loottiima,V:C:V:,EI,i,63,(2) 50-75ms,long,short,*V2 long,u,long,no,no,primary,a,short
5345,loottiima,V:C:V:,EI,i,82,(3) 75-100ms,long,short,*V2 long,u,long,no,no,primary,a,short
5346,loottiima,V:C:V:,EI,i,73,(2) 50-75ms,long,short,*V2 long,u,long,no,no,primary,a,short
5347,loottiima,V:C:V:,EI,i,63,(2) 50-75ms,long,short,*V2 long,u,long,no,no,primary,a,short
5348,loottiima,V:C:V:,EI,i,49,(1) <50ms,long,short,*V2 long,u,long,no,no,primary,a,short
5349,loottiima,V:C:V:,EI,i,61,(2) 50-75ms,long,short,*V2 long,u,long,no,no,primary,a,short
5350,lougada,V1V2CV,AL,a,44,(1) <50ms,short,short,V2 short,ou,long,yes,no,singleton,a,short
5351,lougada,V1V2CV,EI,a,71,(2) 50-75ms,short,short,V2 short,ou,long,yes,no,singleton,a,short
5352,lougada,V1V2CV,EI,a,67,(2) 50-75ms,short,short,V2 short,ou,long,yes,no,singleton,a,short
5353,lougada,V1V2CV,EI,a,72,(2) 50-75ms,short,short,V2 short,ou,long,yes,no,singleton,a,short
5354,lougada,V1V2CV,EI,a,80,(3) 75-100ms,short,short,V2 short,ou,long,yes,no,singleton,a,short
5355,lougada,V1V2CV,AG,a,65,(2) 50-75ms,short,short,V2 short,ou,long,yes,no,singleton,a,short
5356,lougada,V1V2CV,AL,a,60,(2) 50-75ms,short,short,V2 short,ou,long,yes,no,singleton,a,short
5357,lougada,V1V2CV,EI,a,81,(3) 75-100ms,short,short,V2 short,ou,long,yes,no,singleton,a,short
5358,lougada,V1V2CV,EI,a,63,(2) 50-75ms,short,short,V2 short,ou,long,yes,no,singleton,a,short
5359,lougada,V1V2CV,AG,a,81,(3) 75-100ms,short,short,V2 short,ou,long,yes,no,singleton,a,short
5360,lougada,V1V2CV,LM,a,58,(2) 50-75ms,short,short,V2 short,ou,long,yes,no,singleton,a,short
5361,lougada,V1V2CV,AG,a,90,(3) 75-100ms,short,short,V2 short,ou,long,yes,no,singleton,a,short
5362,lougada,V1V2CV,EI,a,54,(2) 50-75ms,short,short,V2 short,ou,long,yes,no,singleton,a,short
5363,lougada,V1V2CV,AL,a,51,(2) 50-75ms,short,short,V2 short,ou,long,yes,no,singleton,a,short
5364,lougada,V1V2CV,LM,a,68,(2) 50-75ms,short,short,V2 short,ou,long,yes,no,singleton,a,short
5365,lougada,V1V2CV,AL,a,65,(2) 50-75ms,short,short,V2 short,ou,long,yes,no,singleton,a,short
5366,lougada,V1V2CV,AL,a,45,(1) <50ms,short,short,V2 short,ou,long,yes,no,singleton,a,short
5367,lougada,V1V2CV,LM,a,59,(2) 50-75ms,short,short,V2 short,ou,long,yes,no,singleton,a,short
5368,lougada,V1V2CV,AL,a,48,(1) <50ms,short,short,V2 short,ou,long,yes,no,singleton,a,short
5369,lougada,V1V2CV,EI,a,73,(2) 50-75ms,short,short,V2 short,ou,long,yes,no,singleton,a,short
5370,lougada,V1V2CV,AL,a,55,(2) 50-75ms,short,short,V2 short,ou,long,yes,no,singleton,a,short
5371,lougada,V1V2CV,AL,a,57,(2) 50-75ms,short,short,V2 short,ou,long,yes,no,singleton,a,short
5372,loukkaama,V1V2C:V:,LM,a,56,(2) 50-75ms,long,short,*V2 long,ou,long,yes,no,primary,a,short
5373,loukkaama,V1V2C:V:,LM,a,69,(2) 50-75ms,long,short,*V2 long,ou,long,yes,no,primary,a,short
5374,loukkaama,V1V2C:V:,LM,a,45,(1) <50ms,long,short,*V2 long,ou,long,yes,no,primary,a,short
5375,loukkaama,V1V2C:V:,AG,a,60,(2) 50-75ms,long,short,*V2 long,ou,long,yes,no,primary,a,short
5376,loukkaama,V1V2C:V:,AL,a,40,(1) <50ms,long,short,*V2 long,ou,long,yes,no,primary,a,short
5377,loukkaama,V1V2C:V:,LM,a,50,(1) <50ms,long,short,*V2 long,ou,long,yes,no,primary,a,short
5378,loukkaama,V1V2C:V:,AG,a,77,(3) 75-100ms,long,short,*V2 long,ou,long,yes,no,primary,a,short
5379,loukkaama,V1V2C:V:,AL,a,58,(2) 50-75ms,long,short,*V2 long,ou,long,yes,no,primary,a,short
5380,loukkaama,V1V2C:V:,LM,a,44,(1) <50ms,long,short,*V2 long,ou,long,yes,no,primary,a,short
5381,loukkaama,V1V2C:V:,AL,a,74,(2) 50-75ms,long,short,*V2 long,ou,long,yes,no,primary,a,short
5382,loukkaama,V1V2C:V:,LM,a,66,(2) 50-75ms,long,short,*V2 long,ou,long,yes,no,primary,a,short
5383,loukkaama,V1V2C:V:,AG,a,120,(4) 100-125ms,long,short,*V2 long,ou,long,yes,no,primary,a,short
5384,loukkaama,V1V2C:V:,AL,a,73,(2) 50-75ms,long,short,*V2 long,ou,long,yes,no,primary,a,short
5385,loukkaama,V1V2C:V:,AG,a,95,(3) 75-100ms,long,short,*V2 long,ou,long,yes,no,primary,a,short
5386,loukkaama,V1V2C:V:,LM,a,45,(1) <50ms,long,short,*V2 long,ou,long,yes,no,primary,a,short
5387,loukkaama,V1V2C:V:,AG,a,81,(3) 75-100ms,long,short,*V2 long,ou,long,yes,no,primary,a,short
5388,loukkaama,V1V2C:V:,LM,a,73,(2) 50-75ms,long,short,*V2 long,ou,long,yes,no,primary,a,short
5389,loukkaama,V1V2C:V:,AL,a,80,(3) 75-100ms,long,short,*V2 long,ou,long,yes,no,primary,a,short
5390,loukkaama,V1V2C:V:,EI,a,113,(4) 100-125ms,long,short,*V2 long,ou,long,yes,no,primary,a,short
5391,loukkaama,V1V2C:V:,AL,a,45,(1) <50ms,long,short,*V2 long,ou,long,yes,no,primary,a,short
5392,loukkaama,V1V2C:V:,EI,a,122,(4) 100-125ms,long,short,*V2 long,ou,long,yes,no,primary,a,short
5393,loukkaama,V1V2C:V:,EI,a,106,(4) 100-125ms,long,short,*V2 long,ou,long,yes,no,primary,a,short
5394,loukkaama,V1V2C:V:,AL,a,59,(2) 50-75ms,long,short,*V2 long,ou,long,yes,no,primary,a,short
5395,loukkaama,V1V2C:V:,AG,a,93,(3) 75-100ms,long,short,*V2 long,ou,long,yes,no,primary,a,short
5396,loukkaama,V1V2C:V:,LM,a,47,(1) <50ms,long,short,*V2 long,ou,long,yes,no,primary,a,short
5397,loukkaama,V1V2C:V:,EI,a,103,(4) 100-125ms,long,short,*V2 long,ou,long,yes,no,primary,a,short
5398,loukkaama,V1V2C:V:,ST,a,54,(2) 50-75ms,long,short,*V2 long,ou,long,yes,no,primary,a,short
5399,loukkaama,V1V2C:V:,EI,a,76,(3) 75-100ms,long,short,*V2 long,ou,long,yes,no,primary,a,short
5400,loukkaama,V1V2C:V:,EI,a,79,(3) 75-100ms,long,short,*V2 long,ou,long,yes,no,primary,a,short
5401,loukkula,V1V2C:V,EI,u,76,(3) 75-100ms,short,short,V2 short,ou,long,yes,no,primary,a,short
5402,loukkula,V1V2C:V,AG,u,63,(2) 50-75ms,short,short,V2 short,ou,long,yes,no,primary,a,short
5403,loukkula,V1V2C:V,AL,u,51,(2) 50-75ms,short,short,V2 short,ou,long,yes,no,primary,a,short
5404,loukkula,V1V2C:V,LM,u,52,(2) 50-75ms,short,short,V2 short,ou,long,yes,no,primary,a,short
5405,loukkula,V1V2C:V,AG,u,54,(2) 50-75ms,short,short,V2 short,ou,long,yes,no,primary,a,short
5406,loukkula,V1V2C:V,LM,u,54,(2) 50-75ms,short,short,V2 short,ou,long,yes,no,primary,a,short
5407,loukkula,V1V2C:V,AG,u,83,(3) 75-100ms,short,short,V2 short,ou,long,yes,no,primary,a,short
5408,loukkula,V1V2C:V,AL,u,49,(1) <50ms,short,short,V2 short,ou,long,yes,no,primary,a,short
5409,loukkula,V1V2C:V,AL,u,42,(1) <50ms,short,short,V2 short,ou,long,yes,no,primary,a,short
5410,loukkula,V1V2C:V,ST,u,54,(2) 50-75ms,short,short,V2 short,ou,long,yes,no,primary,a,short
5411,loukkula,V1V2C:V,ST,u,62,(2) 50-75ms,short,short,V2 short,ou,long,yes,no,primary,a,short
5412,loukkula,V1V2C:V,AL,u,41,(1) <50ms,short,short,V2 short,ou,long,yes,no,primary,a,short
5413,loukkula,V1V2C:V,AL,u,59,(2) 50-75ms,short,short,V2 short,ou,long,yes,no,primary,a,short
5414,loukkula,V1V2C:V,EI,u,60,(2) 50-75ms,short,short,V2 short,ou,long,yes,no,primary,a,short
5415,loukkula,V1V2C:V,AG,u,60,(2) 50-75ms,short,short,V2 short,ou,long,yes,no,primary,a,short
5416,loukkula,V1V2C:V,EI,u,79,(3) 75-100ms,short,short,V2 short,ou,long,yes,no,primary,a,short
5417,loukkula,V1V2C:V,AL,u,67,(2) 50-75ms,short,short,V2 short,ou,long,yes,no,primary,a,short
5418,loukkula,V1V2C:V,LM,u,52,(2) 50-75ms,short,short,V2 short,ou,long,yes,no,primary,a,short
5419,loukkula,V1V2C:V,LM,u,100,(3) 75-100ms,short,short,V2 short,ou,long,yes,no,primary,a,short
5420,loukkula,V1V2C:V,AL,u,50,(1) <50ms,short,short,V2 short,ou,long,yes,no,primary,a,short
5421,loukkula,V1V2C:V,LM,u,115,(4) 100-125ms,short,short,V2 short,ou,long,yes,no,primary,a,short
5422,loukkula,V1V2C:V,LM,u,49,(1) <50ms,short,short,V2 short,ou,long,yes,no,primary,a,short
5423,loukkula,V1V2C:V,EI,u,121,(4) 100-125ms,short,short,V2 short,ou,long,yes,no,primary,a,short
5424,loukkula,V1V2C:V,EI,u,74,(2) 50-75ms,short,short,V2 short,ou,long,yes,no,primary,a,short
5425,loukkula,V1V2C:V,LM,u,68,(2) 50-75ms,short,short,V2 short,ou,long,yes,no,primary,a,short
5426,loukkula,V1V2C:V,EI,u,136,(5) >125ms ,short,short,V2 short,ou,long,yes,no,primary,a,short
5427,loukkula,V1V2C:V,LM,u,93,(3) 75-100ms,short,short,V2 short,ou,long,yes,no,primary,a,short
5428,loukkula,V1V2C:V,AG,u,129,(5) >125ms ,short,short,V2 short,ou,long,yes,no,primary,a,short
5429,loukkula,V1V2C:V,AG,u,79,(3) 75-100ms,short,short,V2 short,ou,long,yes,no,primary,a,short
5430,loukkula,V1V2C:V,AG,u,63,(2) 50-75ms,short,short,V2 short,ou,long,yes,no,primary,a,short
5431,loukkula,V1V2C:V,ST,u,40,(1) <50ms,short,short,V2 short,ou,long,yes,no,primary,a,short
5432,loukkula,V1V2C:V,EI,u,125,(4) 100-125ms,short,short,V2 short,ou,long,yes,no,primary,a,short
5433,luikkaama,V1V2C:V:,AG,a,102,(4) 100-125ms,long,short,*V2 long,ui,long,yes,no,primary,a,short
5434,luikkaama,V1V2C:V:,AG,a,83,(3) 75-100ms,long,short,*V2 long,ui,long,yes,no,primary,a,short
5435,luikkaama,V1V2C:V:,AL,a,28,(1) <50ms,long,short,*V2 long,ui,long,yes,no,primary,a,short
5436,luikkaama,V1V2C:V:,ST,a,53,(2) 50-75ms,long,short,*V2 long,ui,long,yes,no,primary,a,short
5437,luikkaama,V1V2C:V:,LM,a,69,(2) 50-75ms,long,short,*V2 long,ui,long,yes,no,primary,a,short
5438,luikkaama,V1V2C:V:,AG,a,147,(5) >125ms ,long,short,*V2 long,ui,long,yes,no,primary,a,short
5439,luikkaama,V1V2C:V:,AL,a,59,(2) 50-75ms,long,short,*V2 long,ui,long,yes,no,primary,a,short
5440,luikkaama,V1V2C:V:,EI,a,97,(3) 75-100ms,long,short,*V2 long,ui,long,yes,no,primary,a,short
5441,luikkaama,V1V2C:V:,LM,a,90,(3) 75-100ms,long,short,*V2 long,ui,long,yes,no,primary,a,short
5442,luikkaama,V1V2C:V:,LM,a,100,(3) 75-100ms,long,short,*V2 long,ui,long,yes,no,primary,a,short
5443,luikkaama,V1V2C:V:,LM,a,80,(3) 75-100ms,long,short,*V2 long,ui,long,yes,no,primary,a,short
5444,luikkaama,V1V2C:V:,LM,a,80,(3) 75-100ms,long,short,*V2 long,ui,long,yes,no,primary,a,short
5445,luikkaama,V1V2C:V:,EI,a,71,(2) 50-75ms,long,short,*V2 long,ui,long,yes,no,primary,a,short
5446,luikkaama,V1V2C:V:,LM,a,58,(2) 50-75ms,long,short,*V2 long,ui,long,yes,no,primary,a,short
5447,luikkaama,V1V2C:V:,AL,a,74,(2) 50-75ms,long,short,*V2 long,ui,long,yes,no,primary,a,short
5448,luikkaama,V1V2C:V:,LM,a,60,(2) 50-75ms,long,short,*V2 long,ui,long,yes,no,primary,a,short
5449,luikkaama,V1V2C:V:,AG,a,142,(5) >125ms ,long,short,*V2 long,ui,long,yes,no,primary,a,short
5450,luikkaama,V1V2C:V:,AL,a,44,(1) <50ms,long,short,*V2 long,ui,long,yes,no,primary,a,short
5451,luikkaama,V1V2C:V:,EI,a,91,(3) 75-100ms,long,short,*V2 long,ui,long,yes,no,primary,a,short
5452,luikkaama,V1V2C:V:,AG,a,95,(3) 75-100ms,long,short,*V2 long,ui,long,yes,no,primary,a,short
5453,luikkaama,V1V2C:V:,AL,a,65,(2) 50-75ms,long,short,*V2 long,ui,long,yes,no,primary,a,short
5454,luikkaama,V1V2C:V:,AG,a,104,(4) 100-125ms,long,short,*V2 long,ui,long,yes,no,primary,a,short
5455,luikkaama,V1V2C:V:,ST,a,72,(2) 50-75ms,long,short,*V2 long,ui,long,yes,no,primary,a,short
5456,luikkaama,V1V2C:V:,EI,a,103,(4) 100-125ms,long,short,*V2 long,ui,long,yes,no,primary,a,short
5457,luikkaama,V1V2C:V:,LM,a,60,(2) 50-75ms,long,short,*V2 long,ui,long,yes,no,primary,a,short
5458,luikkaama,V1V2C:V:,EI,a,112,(4) 100-125ms,long,short,*V2 long,ui,long,yes,no,primary,a,short
5459,luikkaama,V1V2C:V:,LM,a,62,(2) 50-75ms,long,short,*V2 long,ui,long,yes,no,primary,a,short
5460,luikkaama,V1V2C:V:,ST,a,46,(1) <50ms,long,short,*V2 long,ui,long,yes,no,primary,a,short
5461,luikkaama,V1V2C:V:,EI,a,62,(2) 50-75ms,long,short,*V2 long,ui,long,yes,no,primary,a,short
5462,luikkaama,V1V2C:V:,AL,a,64,(2) 50-75ms,long,short,*V2 long,ui,long,yes,no,primary,a,short
5463,luikkaama,V1V2C:V:,EI,a,104,(4) 100-125ms,long,short,*V2 long,ui,long,yes,no,primary,a,short
5464,luikkaama,V1V2C:V:,AG,a,118,(4) 100-125ms,long,short,*V2 long,ui,long,yes,no,primary,a,short
5465,luikkaama,V1V2C:V:,EI,a,70,(2) 50-75ms,long,short,*V2 long,ui,long,yes,no,primary,a,short
5466,luikkaama,V1V2C:V:,AL,a,62,(2) 50-75ms,long,short,*V2 long,ui,long,yes,no,primary,a,short
5467,lUkkAAmA,VC:V:,AL,A,64,(2) 50-75ms,long,short,*V2 long,U,short,no,no,primary,A,short
5468,lUkkAAmA,VC:V:,AG,A,92,(3) 75-100ms,long,short,*V2 long,U,short,no,no,primary,A,short
5469,lUkkAAmA,VC:V:,LM,A,60,(2) 50-75ms,long,short,*V2 long,U,short,no,no,primary,A,short
5470,lUkkAAmA,VC:V:,AL,A,57,(2) 50-75ms,long,short,*V2 long,U,short,no,no,primary,A,short
5471,lUkkAAmA,VC:V:,AG,A,105,(4) 100-125ms,long,short,*V2 long,U,short,no,no,primary,A,short
5472,lUkkAAmA,VC:V:,ST,A,57,(2) 50-75ms,long,short,*V2 long,U,short,no,no,primary,A,short
5473,lUkkAAmA,VC:V:,ST,A,37,(1) <50ms,long,short,*V2 long,U,short,no,no,primary,A,short
5474,lUkkAAmA,VC:V:,AL,A,65,(2) 50-75ms,long,short,*V2 long,U,short,no,no,primary,A,short
5475,lUkkAAmA,VC:V:,LM,A,58,(2) 50-75ms,long,short,*V2 long,U,short,no,no,primary,A,short
5476,lUkkAAmA,VC:V:,AG,A,141,(5) >125ms ,long,short,*V2 long,U,short,no,no,primary,A,short
5477,lUkkAAmA,VC:V:,AG,A,104,(4) 100-125ms,long,short,*V2 long,U,short,no,no,primary,A,short
5478,lUkkAAmA,VC:V:,LM,A,73,(2) 50-75ms,long,short,*V2 long,U,short,no,no,primary,A,short
5479,lUkkAAmA,VC:V:,ST,A,62,(2) 50-75ms,long,short,*V2 long,U,short,no,no,primary,A,short
5480,lUkkAAmA,VC:V:,ST,A,60,(2) 50-75ms,long,short,*V2 long,U,short,no,no,primary,A,short
5481,lUkkAAmA,VC:V:,AG,A,34,(1) <50ms,long,short,*V2 long,U,short,no,no,primary,A,short
5482,lUkkAAmA,VC:V:,ST,A,53,(2) 50-75ms,long,short,*V2 long,U,short,no,no,primary,A,short
5483,lUkkAAmA,VC:V:,AL,A,74,(2) 50-75ms,long,short,*V2 long,U,short,no,no,primary,A,short
5484,lUkkAAmA,VC:V:,EI,A,121,(4) 100-125ms,long,short,*V2 long,U,short,no,no,primary,A,short
5485,lUkkAAmA,VC:V:,AG,A,110,(4) 100-125ms,long,short,*V2 long,U,short,no,no,primary,A,short
5486,lUkkAAmA,VC:V:,LM,A,65,(2) 50-75ms,long,short,*V2 long,U,short,no,no,primary,A,short
5487,lUkkAAmA,VC:V:,AL,A,60,(2) 50-75ms,long,short,*V2 long,U,short,no,no,primary,A,short
5488,lUkkAAmA,VC:V:,EI,A,110,(4) 100-125ms,long,short,*V2 long,U,short,no,no,primary,A,short
5489,lUkkAAmA,VC:V:,EI,A,125,(4) 100-125ms,long,short,*V2 long,U,short,no,no,primary,A,short
5490,lUkkAAmA,VC:V:,EI,A,115,(4) 100-125ms,long,short,*V2 long,U,short,no,no,primary,A,short
5491,lUkkAAmA,VC:V:,EI,A,104,(4) 100-125ms,long,short,*V2 long,U,short,no,no,primary,A,short
5492,lUkkAAmA,VC:V:,AL,A,57,(2) 50-75ms,long,short,*V2 long,U,short,no,no,primary,A,short
5493,lUkkAAmA,VC:V:,LM,A,49,(1) <50ms,long,short,*V2 long,U,short,no,no,primary,A,short
5494,lUkkAAmA,VC:V:,AL,A,62,(2) 50-75ms,long,short,*V2 long,U,short,no,no,primary,A,short
5495,lUkkAAmA,VC:V:,AG,A,130,(5) >125ms ,long,short,*V2 long,U,short,no,no,primary,A,short
5496,lUkkAAmA,VC:V:,AG,A,118,(4) 100-125ms,long,short,*V2 long,U,short,no,no,primary,A,short
5497,lUkkAAmA,VC:V:,LM,A,52,(2) 50-75ms,long,short,*V2 long,U,short,no,no,primary,A,short
5498,lUkkAAmA,VC:V:,AL,A,80,(3) 75-100ms,long,short,*V2 long,U,short,no,no,primary,A,short
5499,lUkkAAmA,VC:V:,EI,A,101,(4) 100-125ms,long,short,*V2 long,U,short,no,no,primary,A,short
5500,lUkkAAmA,VC:V:,EI,A,79,(3) 75-100ms,long,short,*V2 long,U,short,no,no,primary,A,short
5501,lUkkAAmA,VC:V:,LM,A,115,(4) 100-125ms,long,short,*V2 long,U,short,no,no,primary,A,short
5502,luutoja,V:Cï¿,ST,o,66,(2) 50-75ms,short,short,V2 short,u,long,no,no,secondary,a,short
5503,luutoja,V:Cï¿,ST,o,40,(1) <50ms,short,short,V2 short,u,long,no,no,secondary,a,short
5504,luutoja,V:Cï¿,ST,o,52,(2) 50-75ms,short,short,V2 short,u,long,no,no,secondary,a,short
5505,luutoja,V:Cï¿,ST,o,65,(2) 50-75ms,short,short,V2 short,u,long,no,no,secondary,a,short
5506,luutoja,V:Cï¿,ST,o,38,(1) <50ms,short,short,V2 short,u,long,no,no,secondary,a,short
5507,mArkeni,VRCï¿,AG,e,50,(1) <50ms,short,short,V2 short,A,short,no,yes,secondary,i,short
5508,mArkeni,VRCï¿,LM,e,51,(2) 50-75ms,short,short,V2 short,A,short,no,yes,secondary,i,short
5509,mArkeni,VRCï¿,LM,e,83,(3) 75-100ms,short,short,V2 short,A,short,no,yes,secondary,i,short
5510,mArkeni,VRCï¿,ST,e,51,(2) 50-75ms,short,short,V2 short,A,short,no,yes,secondary,i,short
5511,mArkeni,VRCï¿,AL,e,46,(1) <50ms,short,short,V2 short,A,short,no,yes,secondary,i,short
5512,mArkeni,VRCï¿,AL,e,37,(1) <50ms,short,short,V2 short,A,short,no,yes,secondary,i,short
5513,mArkeni,VRCï¿,AG,e,52,(2) 50-75ms,short,short,V2 short,A,short,no,yes,secondary,i,short
5514,mArkeni,VRCï¿,ST,e,49,(1) <50ms,short,short,V2 short,A,short,no,yes,secondary,i,short
5515,mArkeni,VRCï¿,AL,e,44,(1) <50ms,short,short,V2 short,A,short,no,yes,secondary,i,short
5516,mArkeni,VRCï¿,AG,e,40,(1) <50ms,short,short,V2 short,A,short,no,yes,secondary,i,short
5517,mArkeni,VRCï¿,LM,e,53,(2) 50-75ms,short,short,V2 short,A,short,no,yes,secondary,i,short
5518,mArkeni,VRCï¿,EI,e,60,(2) 50-75ms,short,short,V2 short,A,short,no,yes,secondary,i,short
5519,mArkeni,VRCï¿,AG,e,71,(2) 50-75ms,short,short,V2 short,A,short,no,yes,secondary,i,short
5520,mArkeni,VRCï¿,ST,e,30,(1) <50ms,short,short,V2 short,A,short,no,yes,secondary,i,short
5521,mArkeni,VRCï¿,LM,e,46,(1) <50ms,short,short,V2 short,A,short,no,yes,secondary,i,short
5522,mArkeni,VRCï¿,AG,e,87,(3) 75-100ms,short,short,V2 short,A,short,no,yes,secondary,i,short
5523,mArkeni,VRCï¿,ST,e,47,(1) <50ms,short,short,V2 short,A,short,no,yes,secondary,i,short
5524,mArkeni,VRCï¿,LM,e,43,(1) <50ms,short,short,V2 short,A,short,no,yes,secondary,i,short
5525,mArkeni,VRCï¿,LM,e,42,(1) <50ms,short,short,V2 short,A,short,no,yes,secondary,i,short
5526,mArkeni,VRCï¿,EI,e,56,(2) 50-75ms,short,short,V2 short,A,short,no,yes,secondary,i,short
5527,mArkeni,VRCï¿,EI,e,56,(2) 50-75ms,short,short,V2 short,A,short,no,yes,secondary,i,short
5528,mArkeni,VRCï¿,AL,e,55,(2) 50-75ms,short,short,V2 short,A,short,no,yes,secondary,i,short
5529,mArkeni,VRCï¿,AG,e,64,(2) 50-75ms,short,short,V2 short,A,short,no,yes,secondary,i,short
5530,mArkeni,VRCï¿,AG,e,58,(2) 50-75ms,short,short,V2 short,A,short,no,yes,secondary,i,short
5531,mArkeni,VRCï¿,EI,e,74,(2) 50-75ms,short,short,V2 short,A,short,no,yes,secondary,i,short
5532,mArkeni,VRCï¿,AL,e,50,(1) <50ms,short,short,V2 short,A,short,no,yes,secondary,i,short
5533,mArkeni,VRCï¿,LM,e,47,(1) <50ms,short,short,V2 short,A,short,no,yes,secondary,i,short
5534,mArkeni,VRCï¿,EI,e,61,(2) 50-75ms,short,short,V2 short,A,short,no,yes,secondary,i,short
5535,mArkeni,VRCï¿,EI,e,84,(3) 75-100ms,short,short,V2 short,A,short,no,yes,secondary,i,short
5536,mArkeni,VRCï¿,AL,e,47,(1) <50ms,short,short,V2 short,A,short,no,yes,secondary,i,short
5537,mArkeni,VRCï¿,AG,e,76,(3) 75-100ms,short,short,V2 short,A,short,no,yes,secondary,i,short
5538,mArkeni,VRCï¿,EI,e,62,(2) 50-75ms,short,short,V2 short,A,short,no,yes,secondary,i,short
5539,mArkeni,VRCï¿,AL,e,44,(1) <50ms,short,short,V2 short,A,short,no,yes,secondary,i,short
5540,mArkeni,VRCï¿,EI,e,45,(1) <50ms,short,short,V2 short,A,short,no,yes,secondary,i,short
5541,markkoja,VRC:V,LM,o,62,(2) 50-75ms,short,short,V2 short,a,short,no,yes,primary,a,short
5542,markkoja,VRC:V,LM,o,72,(2) 50-75ms,short,short,V2 short,a,short,no,yes,primary,a,short
5543,markkoja,VRC:V,AG,o,61,(2) 50-75ms,short,short,V2 short,a,short,no,yes,primary,a,short
5544,markkoja,VRC:V,AG,o,60,(2) 50-75ms,short,short,V2 short,a,short,no,yes,primary,a,short
5545,markkoja,VRC:V,EI,o,77,(3) 75-100ms,short,short,V2 short,a,short,no,yes,primary,a,short
5546,markkoja,VRC:V,EI,o,77,(3) 75-100ms,short,short,V2 short,a,short,no,yes,primary,a,short
5547,markkoja,VRC:V,AG,o,58,(2) 50-75ms,short,short,V2 short,a,short,no,yes,primary,a,short
5548,markkoja,VRC:V,AL,o,58,(2) 50-75ms,short,short,V2 short,a,short,no,yes,primary,a,short
5549,markkoja,VRC:V,EI,o,61,(2) 50-75ms,short,short,V2 short,a,short,no,yes,primary,a,short
5550,markkoja,VRC:V,EI,o,70,(2) 50-75ms,short,short,V2 short,a,short,no,yes,primary,a,short
5551,markkoja,VRC:V,AL,o,43,(1) <50ms,short,short,V2 short,a,short,no,yes,primary,a,short
5552,markkoja,VRC:V,AG,o,75,(2) 50-75ms,short,short,V2 short,a,short,no,yes,primary,a,short
5553,markkoja,VRC:V,AG,o,64,(2) 50-75ms,short,short,V2 short,a,short,no,yes,primary,a,short
5554,markkoja,VRC:V,LM,o,65,(2) 50-75ms,short,short,V2 short,a,short,no,yes,primary,a,short
5555,markkoja,VRC:V,AL,o,43,(1) <50ms,short,short,V2 short,a,short,no,yes,primary,a,short
5556,markkoja,VRC:V,LM,o,60,(2) 50-75ms,short,short,V2 short,a,short,no,yes,primary,a,short
5557,markkoja,VRC:V,LM,o,77,(3) 75-100ms,short,short,V2 short,a,short,no,yes,primary,a,short
5558,markkoja,VRC:V,LM,o,58,(2) 50-75ms,short,short,V2 short,a,short,no,yes,primary,a,short
5559,markkoja,VRC:V,LM,o,30,(1) <50ms,short,short,V2 short,a,short,no,yes,primary,a,short
5560,markkoja,VRC:V,EI,o,85,(3) 75-100ms,short,short,V2 short,a,short,no,yes,primary,a,short
5561,markkoja,VRC:V,AL,o,43,(1) <50ms,short,short,V2 short,a,short,no,yes,primary,a,short
5562,markkoja,VRC:V,EI,o,80,(3) 75-100ms,short,short,V2 short,a,short,no,yes,primary,a,short
5563,markkoja,VRC:V,ST,o,54,(2) 50-75ms,short,short,V2 short,a,short,no,yes,primary,a,short
5564,markkoja,VRC:V,EI,o,68,(2) 50-75ms,short,short,V2 short,a,short,no,yes,primary,a,short
5565,Markkoja,VRC:V,LM,o,50,(1) <50ms,short,short,V2 short,a,short,no,yes,primary,a,short
5566,Markkoja,VRC:V,ST,o,70,(2) 50-75ms,short,short,V2 short,a,short,no,yes,primary,a,short
5567,Markkoja,VRC:V,AG,o,89,(3) 75-100ms,short,short,V2 short,a,short,no,yes,primary,a,short
5568,Markkoja,VRC:V,AG,o,68,(2) 50-75ms,short,short,V2 short,a,short,no,yes,primary,a,short
5569,Markkoja,VRC:V,AL,o,45,(1) <50ms,short,short,V2 short,a,short,no,yes,primary,a,short
5570,Markkoja,VRC:V,AL,o,50,(1) <50ms,short,short,V2 short,a,short,no,yes,primary,a,short
5571,Markkoja,VRC:V,AG,o,75,(2) 50-75ms,short,short,V2 short,a,short,no,yes,primary,a,short
5572,Markkoja,VRC:V,AG,o,99,(3) 75-100ms,short,short,V2 short,a,short,no,yes,primary,a,short
5573,Markkoja,VRC:V,AL,o,64,(2) 50-75ms,short,short,V2 short,a,short,no,yes,primary,a,short
5574,Markkoja,VRC:V,AL,o,58,(2) 50-75ms,short,short,V2 short,a,short,no,yes,primary,a,short
5575,Markkoja,VRC:V,AL,o,64,(2) 50-75ms,short,short,V2 short,a,short,no,yes,primary,a,short
5576,Markkoja,VRC:V,ST,o,49,(1) <50ms,short,short,V2 short,a,short,no,yes,primary,a,short
5577,Markkoja,VRC:V,AL,o,66,(2) 50-75ms,short,short,V2 short,a,short,no,yes,primary,a,short
5578,mataala,VCï¿½,LM,a,80,(3) 75-100ms,long,long,V2 long (VCï¿,a,short,no,no,secondary,a,short
5579,mataala,VCï¿½,ST,a,102,(4) 100-125ms,long,long,V2 long (VCï¿,a,short,no,no,secondary,a,short
5580,mataala,VCï¿½,AL,a,73,(2) 50-75ms,long,long,V2 long (VCï¿,a,short,no,no,secondary,a,short
5581,mataala,VCï¿½,LM,a,86,(3) 75-100ms,long,long,V2 long (VCï¿,a,short,no,no,secondary,a,short
5582,mataala,VCï¿½,LM,a,65,(2) 50-75ms,long,long,V2 long (VCï¿,a,short,no,no,secondary,a,short
5583,mataala,VCï¿½,ST,a,104,(4) 100-125ms,long,long,V2 long (VCï¿,a,short,no,no,secondary,a,short
5584,mataala,VCï¿½,ST,a,77,(3) 75-100ms,long,long,V2 long (VCï¿,a,short,no,no,secondary,a,short
5585,mataala,VCï¿½,ST,a,104,(4) 100-125ms,long,long,V2 long (VCï¿,a,short,no,no,secondary,a,short
5586,mataala,VCï¿½,ST,a,87,(3) 75-100ms,long,long,V2 long (VCï¿,a,short,no,no,secondary,a,short
5587,mataala,VCï¿½,AG,a,131,(5) >125ms ,long,long,V2 long (VCï¿,a,short,no,no,secondary,a,short
5588,mataala,VCï¿½,ST,a,122,(4) 100-125ms,long,long,V2 long (VCï¿,a,short,no,no,secondary,a,short
5589,mataala,VCï¿½,AG,a,129,(5) >125ms ,long,long,V2 long (VCï¿,a,short,no,no,secondary,a,short
5590,mataala,VCï¿½,LM,a,105,(4) 100-125ms,long,long,V2 long (VCï¿,a,short,no,no,secondary,a,short
5591,mataala,VCï¿½,LM,a,112,(4) 100-125ms,long,long,V2 long (VCï¿,a,short,no,no,secondary,a,short
5592,mataala,VCï¿½,ST,a,110,(4) 100-125ms,long,long,V2 long (VCï¿,a,short,no,no,secondary,a,short
5593,mataala,VCï¿½,ST,a,122,(4) 100-125ms,long,long,V2 long (VCï¿,a,short,no,no,secondary,a,short
5594,mataala,VCï¿½,ST,a,109,(4) 100-125ms,long,long,V2 long (VCï¿,a,short,no,no,secondary,a,short
5595,mataala,VCï¿½,AG,a,84,(3) 75-100ms,long,long,V2 long (VCï¿,a,short,no,no,secondary,a,short
5596,mataala,VCï¿½,AG,a,120,(4) 100-125ms,long,long,V2 long (VCï¿,a,short,no,no,secondary,a,short
5597,mataala,VCï¿½,AG,a,100,(3) 75-100ms,long,long,V2 long (VCï¿,a,short,no,no,secondary,a,short
5598,mataala,VCï¿½,LM,a,100,(3) 75-100ms,long,long,V2 long (VCï¿,a,short,no,no,secondary,a,short
5599,mataala,VCï¿½,AL,a,77,(3) 75-100ms,long,long,V2 long (VCï¿,a,short,no,no,secondary,a,short
5600,mataala,VCï¿½,LM,a,86,(3) 75-100ms,long,long,V2 long (VCï¿,a,short,no,no,secondary,a,short
5601,mataala,VCï¿½,ST,a,107,(4) 100-125ms,long,long,V2 long (VCï¿,a,short,no,no,secondary,a,short
5602,mataala,VCï¿½,AG,a,108,(4) 100-125ms,long,long,V2 long (VCï¿,a,short,no,no,secondary,a,short
5603,mataala,VCï¿½,LM,a,139,(5) >125ms ,long,long,V2 long (VCï¿,a,short,no,no,secondary,a,short
5604,mataala,VCï¿½,LM,a,124,(4) 100-125ms,long,long,V2 long (VCï¿,a,short,no,no,secondary,a,short
5605,mataala,VCï¿½,EI,a,95,(3) 75-100ms,long,long,V2 long (VCï¿,a,short,no,no,secondary,a,short
5606,mataala,VCï¿½,ST,a,116,(4) 100-125ms,long,long,V2 long (VCï¿,a,short,no,no,secondary,a,short
5607,mataala,VCï¿½,ST,a,110,(4) 100-125ms,long,long,V2 long (VCï¿,a,short,no,no,secondary,a,short
5608,mataala,VCï¿½,EI,a,149,(5) >125ms ,long,long,V2 long (VCï¿,a,short,no,no,secondary,a,short
5609,mataala,VCï¿½,EI,a,127,(5) >125ms ,long,long,V2 long (VCï¿,a,short,no,no,secondary,a,short
5610,mataala,VCï¿½,AL,a,87,(3) 75-100ms,long,long,V2 long (VCï¿,a,short,no,no,secondary,a,short
5611,mataala,VCï¿½,EI,a,156,(5) >125ms ,long,long,V2 long (VCï¿,a,short,no,no,secondary,a,short
5612,mataala,VCï¿½,EI,a,166,(5) >125ms ,long,long,V2 long (VCï¿,a,short,no,no,secondary,a,short
5613,mataala,VCï¿½,EI,a,100,(3) 75-100ms,long,long,V2 long (VCï¿,a,short,no,no,secondary,a,short
5614,mataala,VCï¿½,EI,a,122,(4) 100-125ms,long,long,V2 long (VCï¿,a,short,no,no,secondary,a,short
5615,mataala,VCï¿½,EI,a,147,(5) >125ms ,long,long,V2 long (VCï¿,a,short,no,no,secondary,a,short
5616,mataala,VCï¿½,EI,a,131,(5) >125ms ,long,long,V2 long (VCï¿,a,short,no,no,secondary,a,short
5617,mertoja,VRCï¿,AG,o,69,(2) 50-75ms,short,short,V2 short,e,short,no,yes,secondary,a,short
5618,mertoja,VRCï¿,AG,o,91,(3) 75-100ms,short,short,V2 short,e,short,no,yes,secondary,a,short
5619,mertoja,VRCï¿,AG,o,83,(3) 75-100ms,short,short,V2 short,e,short,no,yes,secondary,a,short
5620,mertoja,VRCï¿,EI,o,77,(3) 75-100ms,short,short,V2 short,e,short,no,yes,secondary,a,short
5621,mertoja,VRCï¿,AL,o,61,(2) 50-75ms,short,short,V2 short,e,short,no,yes,secondary,a,short
5622,mertoja,VRCï¿,LM,o,71,(2) 50-75ms,short,short,V2 short,e,short,no,yes,secondary,a,short
5623,mertoja,VRCï¿,LM,o,60,(2) 50-75ms,short,short,V2 short,e,short,no,yes,secondary,a,short
5624,mertoja,VRCï¿,LM,o,65,(2) 50-75ms,short,short,V2 short,e,short,no,yes,secondary,a,short
5625,mertoja,VRCï¿,LM,o,76,(3) 75-100ms,short,short,V2 short,e,short,no,yes,secondary,a,short
5626,mertoja,VRCï¿,AL,o,71,(2) 50-75ms,short,short,V2 short,e,short,no,yes,secondary,a,short
5627,mertoja,VRCï¿,AL,o,59,(2) 50-75ms,short,short,V2 short,e,short,no,yes,secondary,a,short
5628,mertoja,VRCï¿,EI,o,85,(3) 75-100ms,short,short,V2 short,e,short,no,yes,secondary,a,short
5629,mertoja,VRCï¿,ST,o,63,(2) 50-75ms,short,short,V2 short,e,short,no,yes,secondary,a,short
5630,mertoja,VRCï¿,LM,o,50,(1) <50ms,short,short,V2 short,e,short,no,yes,secondary,a,short
5631,mertoja,VRCï¿,LM,o,62,(2) 50-75ms,short,short,V2 short,e,short,no,yes,secondary,a,short
5632,mertoja,VRCï¿,AG,o,70,(2) 50-75ms,short,short,V2 short,e,short,no,yes,secondary,a,short
5633,mertoja,VRCï¿,LM,o,92,(3) 75-100ms,short,short,V2 short,e,short,no,yes,secondary,a,short
5634,mertoja,VRCï¿,LM,o,74,(2) 50-75ms,short,short,V2 short,e,short,no,yes,secondary,a,short
5635,mertoja,VRCï¿,ST,o,57,(2) 50-75ms,short,short,V2 short,e,short,no,yes,secondary,a,short
5636,mertoja,VRCï¿,EI,o,44,(1) <50ms,short,short,V2 short,e,short,no,yes,secondary,a,short
5637,mertoja,VRCï¿,ST,o,65,(2) 50-75ms,short,short,V2 short,e,short,no,yes,secondary,a,short
5638,mertoja,VRCï¿,AL,o,62,(2) 50-75ms,short,short,V2 short,e,short,no,yes,secondary,a,short
5639,mertoja,VRCï¿,AL,o,59,(2) 50-75ms,short,short,V2 short,e,short,no,yes,secondary,a,short
5640,mertoja,VRCï¿,EI,o,80,(3) 75-100ms,short,short,V2 short,e,short,no,yes,secondary,a,short
5641,mertoja,VRCï¿,EI,o,104,(4) 100-125ms,short,short,V2 short,e,short,no,yes,secondary,a,short
5642,mertoja,VRCï¿,EI,o,77,(3) 75-100ms,short,short,V2 short,e,short,no,yes,secondary,a,short
5643,mertoja,VRCï¿,EI,o,66,(2) 50-75ms,short,short,V2 short,e,short,no,yes,secondary,a,short
5644,mertoja,VRCï¿,AL,o,59,(2) 50-75ms,short,short,V2 short,e,short,no,yes,secondary,a,short
5645,mertoja,VRCï¿,AL,o,60,(2) 50-75ms,short,short,V2 short,e,short,no,yes,secondary,a,short
5646,mertoja,VRCï¿,LM,o,78,(3) 75-100ms,short,short,V2 short,e,short,no,yes,secondary,a,short
5647,mertoja,VRCï¿,AG,o,75,(2) 50-75ms,short,short,V2 short,e,short,no,yes,secondary,a,short
5648,mertoja,VRCï¿,ST,o,69,(2) 50-75ms,short,short,V2 short,e,short,no,yes,secondary,a,short
5649,mertoja,VRCï¿,AG,o,71,(2) 50-75ms,short,short,V2 short,e,short,no,yes,secondary,a,short
5650,mertoja,VRCï¿,AL,o,63,(2) 50-75ms,short,short,V2 short,e,short,no,yes,secondary,a,short
5651,mertoja,VRCï¿,AG,o,54,(2) 50-75ms,short,short,V2 short,e,short,no,yes,secondary,a,short
5652,miikkula,V:C:V,ST,u,74,(2) 50-75ms,short,short,V2 short,i,long,no,no,primary,a,short
5653,miikkula,V:C:V,AL,u,41,(1) <50ms,short,short,V2 short,i,long,no,no,primary,a,short
5654,miikkula,V:C:V,ST,u,89,(3) 75-100ms,short,short,V2 short,i,long,no,no,primary,a,short
5655,miikkula,V:C:V,ST,u,64,(2) 50-75ms,short,short,V2 short,i,long,no,no,primary,a,short
5656,miikkula,V:C:V,EI,u,98,(3) 75-100ms,short,short,V2 short,i,long,no,no,primary,a,short
5657,miikkula,V:C:V,AL,u,78,(3) 75-100ms,short,short,V2 short,i,long,no,no,primary,a,short
5658,miikkula,V:C:V,AG,u,100,(3) 75-100ms,short,short,V2 short,i,long,no,no,primary,a,short
5659,miikkula,V:C:V,ST,u,97,(3) 75-100ms,short,short,V2 short,i,long,no,no,primary,a,short
5660,miikkula,V:C:V,AG,u,99,(3) 75-100ms,short,short,V2 short,i,long,no,no,primary,a,short
5661,miikkula,V:C:V,AL,u,51,(2) 50-75ms,short,short,V2 short,i,long,no,no,primary,a,short
5662,miikkula,V:C:V,EI,u,79,(3) 75-100ms,short,short,V2 short,i,long,no,no,primary,a,short
5663,miikkula,V:C:V,EI,u,93,(3) 75-100ms,short,short,V2 short,i,long,no,no,primary,a,short
5664,miikkula,V:C:V,EI,u,109,(4) 100-125ms,short,short,V2 short,i,long,no,no,primary,a,short
5665,miikkula,V:C:V,EI,u,62,(2) 50-75ms,short,short,V2 short,i,long,no,no,primary,a,short
5666,miikkula,V:C:V,AG,u,78,(3) 75-100ms,short,short,V2 short,i,long,no,no,primary,a,short
5667,miikkula,V:C:V,AG,u,80,(3) 75-100ms,short,short,V2 short,i,long,no,no,primary,a,short
5668,miikkula,V:C:V,AL,u,46,(1) <50ms,short,short,V2 short,i,long,no,no,primary,a,short
5669,miikkula,V:C:V,ST,u,29,(1) <50ms,short,short,V2 short,i,long,no,no,primary,a,short
5670,miikkula,V:C:V,ST,u,73,(2) 50-75ms,short,short,V2 short,i,long,no,no,primary,a,short
5671,miikkula,V:C:V,ST,u,50,(1) <50ms,short,short,V2 short,i,long,no,no,primary,a,short
5672,miikkula,V:C:V,LM,u,68,(2) 50-75ms,short,short,V2 short,i,long,no,no,primary,a,short
5673,miikkula,V:C:V,AG,u,92,(3) 75-100ms,short,short,V2 short,i,long,no,no,primary,a,short
5674,miikkula,V:C:V,ST,u,48,(1) <50ms,short,short,V2 short,i,long,no,no,primary,a,short
5675,miikkula,V:C:V,LM,u,64,(2) 50-75ms,short,short,V2 short,i,long,no,no,primary,a,short
5676,miikkula,V:C:V,EI,u,53,(2) 50-75ms,short,short,V2 short,i,long,no,no,primary,a,short
5677,miikkula,V:C:V,EI,u,70,(2) 50-75ms,short,short,V2 short,i,long,no,no,primary,a,short
5678,miikkula,V:C:V,EI,u,91,(3) 75-100ms,short,short,V2 short,i,long,no,no,primary,a,short
5679,miikkula,V:C:V,AG,u,88,(3) 75-100ms,short,short,V2 short,i,long,no,no,primary,a,short
5680,miikkula,V:C:V,ST,u,93,(3) 75-100ms,short,short,V2 short,i,long,no,no,primary,a,short
5681,miikkula,V:C:V,ST,u,46,(1) <50ms,short,short,V2 short,i,long,no,no,primary,a,short
5682,miikkula,V:C:V,LM,u,75,(2) 50-75ms,short,short,V2 short,i,long,no,no,primary,a,short
5683,miikkula,V:C:V,AL,u,71,(2) 50-75ms,short,short,V2 short,i,long,no,no,primary,a,short
5684,miikkula,V:C:V,ST,u,55,(2) 50-75ms,short,short,V2 short,i,long,no,no,primary,a,short
5685,miikkula,V:C:V,EI,u,112,(4) 100-125ms,short,short,V2 short,i,long,no,no,primary,a,short
5686,miikkula,V:C:V,LM,u,71,(2) 50-75ms,short,short,V2 short,i,long,no,no,primary,a,short
5687,miikkula,V:C:V,LM,u,49,(1) <50ms,short,short,V2 short,i,long,no,no,primary,a,short
5688,miikkula,V:C:V,AL,u,30,(1) <50ms,short,short,V2 short,i,long,no,no,primary,a,short
5689,miikkula,V:C:V,AG,u,90,(3) 75-100ms,short,short,V2 short,i,long,no,no,primary,a,short
5690,miikkula,V:C:V,ST,u,48,(1) <50ms,short,short,V2 short,i,long,no,no,primary,a,short
5691,miikkula,V:C:V,EI,u,111,(4) 100-125ms,short,short,V2 short,i,long,no,no,primary,a,short
5692,miikkula,V:C:V,AG,u,85,(3) 75-100ms,short,short,V2 short,i,long,no,no,primary,a,short
5693,miikkula,V:C:V,AG,u,95,(3) 75-100ms,short,short,V2 short,i,long,no,no,primary,a,short
5694,miikkula,V:C:V,ST,u,63,(2) 50-75ms,short,short,V2 short,i,long,no,no,primary,a,short
5695,miikkula,V:C:V,AL,u,32,(1) <50ms,short,short,V2 short,i,long,no,no,primary,a,short
5696,miikkula,V:C:V,LM,u,60,(2) 50-75ms,short,short,V2 short,i,long,no,no,primary,a,short
5697,miikkula,V:C:V,ST,u,70,(2) 50-75ms,short,short,V2 short,i,long,no,no,primary,a,short
5698,mittaama,VC:V:,AL,a,50,(1) <50ms,long,short,*V2 long,i,short,no,no,primary,a,short
5699,mittaama,VC:V:,EI,a,105,(4) 100-125ms,long,short,*V2 long,i,short,no,no,primary,a,short
5700,mittaama,VC:V:,LM,a,50,(1) <50ms,long,short,*V2 long,i,short,no,no,primary,a,short
5701,mittaama,VC:V:,EI,a,90,(3) 75-100ms,long,short,*V2 long,i,short,no,no,primary,a,short
5702,mittaama,VC:V:,EI,a,121,(4) 100-125ms,long,short,*V2 long,i,short,no,no,primary,a,short
5703,mittaama,VC:V:,ST,a,47,(1) <50ms,long,short,*V2 long,i,short,no,no,primary,a,short
5704,mittaama,VC:V:,LM,a,101,(4) 100-125ms,long,short,*V2 long,i,short,no,no,primary,a,short
5705,mittaama,VC:V:,EI,a,113,(4) 100-125ms,long,short,*V2 long,i,short,no,no,primary,a,short
5706,mittaama,VC:V:,ST,a,42,(1) <50ms,long,short,*V2 long,i,short,no,no,primary,a,short
5707,mittaama,VC:V:,AL,a,49,(1) <50ms,long,short,*V2 long,i,short,no,no,primary,a,short
5708,mittaama,VC:V:,ST,a,38,(1) <50ms,long,short,*V2 long,i,short,no,no,primary,a,short
5709,mittaama,VC:V:,ST,a,40,(1) <50ms,long,short,*V2 long,i,short,no,no,primary,a,short
5710,mittaama,VC:V:,AL,a,55,(2) 50-75ms,long,short,*V2 long,i,short,no,no,primary,a,short
5711,mittaama,VC:V:,ST,a,48,(1) <50ms,long,short,*V2 long,i,short,no,no,primary,a,short
5712,mittaama,VC:V:,ST,a,44,(1) <50ms,long,short,*V2 long,i,short,no,no,primary,a,short
5713,mittaama,VC:V:,EI,a,122,(4) 100-125ms,long,short,*V2 long,i,short,no,no,primary,a,short
5714,mittaama,VC:V:,LM,a,62,(2) 50-75ms,long,short,*V2 long,i,short,no,no,primary,a,short
5715,mittaama,VC:V:,AG,a,58,(2) 50-75ms,long,short,*V2 long,i,short,no,no,primary,a,short
5716,mittaama,VC:V:,ST,a,51,(2) 50-75ms,long,short,*V2 long,i,short,no,no,primary,a,short
5717,mittaama,VC:V:,LM,a,55,(2) 50-75ms,long,short,*V2 long,i,short,no,no,primary,a,short
5718,mittaama,VC:V:,LM,a,90,(3) 75-100ms,long,short,*V2 long,i,short,no,no,primary,a,short
5719,mittaama,VC:V:,LM,a,60,(2) 50-75ms,long,short,*V2 long,i,short,no,no,primary,a,short
5720,mittaama,VC:V:,LM,a,50,(1) <50ms,long,short,*V2 long,i,short,no,no,primary,a,short
5721,mittaama,VC:V:,LM,a,51,(2) 50-75ms,long,short,*V2 long,i,short,no,no,primary,a,short
5722,mittaama,VC:V:,LM,a,50,(1) <50ms,long,short,*V2 long,i,short,no,no,primary,a,short
5723,mittaama,VC:V:,LM,a,54,(2) 50-75ms,long,short,*V2 long,i,short,no,no,primary,a,short
5724,mittaama,VC:V:,EI,a,119,(4) 100-125ms,long,short,*V2 long,i,short,no,no,primary,a,short
5725,mittaama,VC:V:,ST,a,54,(2) 50-75ms,long,short,*V2 long,i,short,no,no,primary,a,short
5726,mittaama,VC:V:,ST,a,44,(1) <50ms,long,short,*V2 long,i,short,no,no,primary,a,short
5727,mittaama,VC:V:,ST,a,51,(2) 50-75ms,long,short,*V2 long,i,short,no,no,primary,a,short
5728,mittaama,VC:V:,EI,a,88,(3) 75-100ms,long,short,*V2 long,i,short,no,no,primary,a,short
5729,mittaama,VC:V:,EI,a,103,(4) 100-125ms,long,short,*V2 long,i,short,no,no,primary,a,short
5730,mittaama,VC:V:,AG,a,34,(1) <50ms,long,short,*V2 long,i,short,no,no,primary,a,short
5731,mittaama,VC:V:,EI,a,123,(4) 100-125ms,long,short,*V2 long,i,short,no,no,primary,a,short
5732,mittaama,VC:V:,ST,a,54,(2) 50-75ms,long,short,*V2 long,i,short,no,no,primary,a,short
5733,mittaama,VC:V:,AG,a,48,(1) <50ms,long,short,*V2 long,i,short,no,no,primary,a,short
5734,mittaama,VC:V:,ST,a,38,(1) <50ms,long,short,*V2 long,i,short,no,no,primary,a,short
5735,murkina,VRCï¿,LM,i,35,(1) <50ms,short,short,V2 short,u,short,no,yes,secondary,a,short
5736,murkina,VRCï¿,EI,i,42,(1) <50ms,short,short,V2 short,u,short,no,yes,secondary,a,short
5737,murkina,VRCï¿,LM,i,40,(1) <50ms,short,short,V2 short,u,short,no,yes,secondary,a,short
5738,murkina,VRCï¿,AG,i,73,(2) 50-75ms,short,short,V2 short,u,short,no,yes,secondary,a,short
5739,murkina,VRCï¿,LM,i,52,(2) 50-75ms,short,short,V2 short,u,short,no,yes,secondary,a,short
5740,murkina,VRCï¿,AG,i,40,(1) <50ms,short,short,V2 short,u,short,no,yes,secondary,a,short
5741,murkina,VRCï¿,AG,i,56,(2) 50-75ms,short,short,V2 short,u,short,no,yes,secondary,a,short
5742,murkina,VRCï¿,AG,i,69,(2) 50-75ms,short,short,V2 short,u,short,no,yes,secondary,a,short
5743,murkina,VRCï¿,AG,i,82,(3) 75-100ms,short,short,V2 short,u,short,no,yes,secondary,a,short
5744,murkina,VRCï¿,AG,i,64,(2) 50-75ms,short,short,V2 short,u,short,no,yes,secondary,a,short
5745,murkina,VRCï¿,LM,i,46,(1) <50ms,short,short,V2 short,u,short,no,yes,secondary,a,short
5746,murkina,VRCï¿,EI,i,68,(2) 50-75ms,short,short,V2 short,u,short,no,yes,secondary,a,short
5747,murkina,VRCï¿,ST,i,38,(1) <50ms,short,short,V2 short,u,short,no,yes,secondary,a,short
5748,murkina,VRCï¿,AL,i,39,(1) <50ms,short,short,V2 short,u,short,no,yes,secondary,a,short
5749,murkina,VRCï¿,AL,i,43,(1) <50ms,short,short,V2 short,u,short,no,yes,secondary,a,short
5750,murkina,VRCï¿,AL,i,93,(3) 75-100ms,short,short,V2 short,u,short,no,yes,secondary,a,short
5751,murkina,VRCï¿,EI,i,45,(1) <50ms,short,short,V2 short,u,short,no,yes,secondary,a,short
5752,murkina,VRCï¿,EI,i,65,(2) 50-75ms,short,short,V2 short,u,short,no,yes,secondary,a,short
5753,murkina,VRCï¿,ST,i,46,(1) <50ms,short,short,V2 short,u,short,no,yes,secondary,a,short
5754,murkina,VRCï¿,AL,i,54,(2) 50-75ms,short,short,V2 short,u,short,no,yes,secondary,a,short
5755,murkina,VRCï¿,AG,i,40,(1) <50ms,short,short,V2 short,u,short,no,yes,secondary,a,short
5756,murkina,VRCï¿,AL,i,40,(1) <50ms,short,short,V2 short,u,short,no,yes,secondary,a,short
5757,murkina,VRCï¿,EI,i,78,(3) 75-100ms,short,short,V2 short,u,short,no,yes,secondary,a,short
5758,murkina,VRCï¿,ST,i,46,(1) <50ms,short,short,V2 short,u,short,no,yes,secondary,a,short
5759,murkina,VRCï¿,AL,i,39,(1) <50ms,short,short,V2 short,u,short,no,yes,secondary,a,short
5760,murkina,VRCï¿,ST,i,42,(1) <50ms,short,short,V2 short,u,short,no,yes,secondary,a,short
5761,murkina,VRCï¿,LM,i,36,(1) <50ms,short,short,V2 short,u,short,no,yes,secondary,a,short
5762,murkina,VRCï¿,EI,i,63,(2) 50-75ms,short,short,V2 short,u,short,no,yes,secondary,a,short
5763,murkina,VRCï¿,LM,i,48,(1) <50ms,short,short,V2 short,u,short,no,yes,secondary,a,short
5764,murkina,VRCï¿,EI,i,67,(2) 50-75ms,short,short,V2 short,u,short,no,yes,secondary,a,short
5765,murkina,VRCï¿,EI,i,49,(1) <50ms,short,short,V2 short,u,short,no,yes,secondary,a,short
5766,murkina,VRCï¿,LM,i,46,(1) <50ms,short,short,V2 short,u,short,no,yes,secondary,a,short
5767,muukkaama,V:C:V:,ST,a,40,(1) <50ms,long,short,*V2 long,u,long,no,no,primary,a,short
5768,muukkaama,V:C:V:,AG,a,110,(4) 100-125ms,long,short,*V2 long,u,long,no,no,primary,a,short
5769,muukkaama,V:C:V:,AG,a,129,(5) >125ms ,long,short,*V2 long,u,long,no,no,primary,a,short
5770,muukkaama,V:C:V:,ST,a,85,(3) 75-100ms,long,short,*V2 long,u,long,no,no,primary,a,short
5771,muukkaama,V:C:V:,ST,a,57,(2) 50-75ms,long,short,*V2 long,u,long,no,no,primary,a,short
5772,muukkaama,V:C:V:,EI,a,73,(2) 50-75ms,long,short,*V2 long,u,long,no,no,primary,a,short
5773,muukkaama,V:C:V:,AG,a,152,(5) >125ms ,long,short,*V2 long,u,long,no,no,primary,a,short
5774,muukkaama,V:C:V:,ST,a,50,(1) <50ms,long,short,*V2 long,u,long,no,no,primary,a,short
5775,muukkaama,V:C:V:,ST,a,69,(2) 50-75ms,long,short,*V2 long,u,long,no,no,primary,a,short
5776,muukkaama,V:C:V:,EI,a,90,(3) 75-100ms,long,short,*V2 long,u,long,no,no,primary,a,short
5777,muukkaama,V:C:V:,EI,a,63,(2) 50-75ms,long,short,*V2 long,u,long,no,no,primary,a,short
5778,muukkaama,V:C:V:,LM,a,40,(1) <50ms,long,short,*V2 long,u,long,no,no,primary,a,short
5779,muukkaama,V:C:V:,EI,a,97,(3) 75-100ms,long,short,*V2 long,u,long,no,no,primary,a,short
5780,muukkaama,V:C:V:,AL,a,73,(2) 50-75ms,long,short,*V2 long,u,long,no,no,primary,a,short
5781,muukkaama,V:C:V:,LM,a,74,(2) 50-75ms,long,short,*V2 long,u,long,no,no,primary,a,short
5782,muukkaama,V:C:V:,ST,a,31,(1) <50ms,long,short,*V2 long,u,long,no,no,primary,a,short
5783,muukkaama,V:C:V:,AG,a,107,(4) 100-125ms,long,short,*V2 long,u,long,no,no,primary,a,short
5784,muukkaama,V:C:V:,AL,a,66,(2) 50-75ms,long,short,*V2 long,u,long,no,no,primary,a,short
5785,muukkaama,V:C:V:,AL,a,90,(3) 75-100ms,long,short,*V2 long,u,long,no,no,primary,a,short
5786,muukkaama,V:C:V:,AG,a,79,(3) 75-100ms,long,short,*V2 long,u,long,no,no,primary,a,short
5787,muukkaama,V:C:V:,EI,a,100,(3) 75-100ms,long,short,*V2 long,u,long,no,no,primary,a,short
5788,muukkaama,V:C:V:,AG,a,111,(4) 100-125ms,long,short,*V2 long,u,long,no,no,primary,a,short
5789,muukkaama,V:C:V:,LM,a,79,(3) 75-100ms,long,short,*V2 long,u,long,no,no,primary,a,short
5790,muukkaama,V:C:V:,AG,a,97,(3) 75-100ms,long,short,*V2 long,u,long,no,no,primary,a,short
5791,muukkaama,V:C:V:,LM,a,64,(2) 50-75ms,long,short,*V2 long,u,long,no,no,primary,a,short
5792,muukkaama,V:C:V:,ST,a,74,(2) 50-75ms,long,short,*V2 long,u,long,no,no,primary,a,short
5793,muukkaama,V:C:V:,AG,a,120,(4) 100-125ms,long,short,*V2 long,u,long,no,no,primary,a,short
5794,muukkaama,V:C:V:,AL,a,82,(3) 75-100ms,long,short,*V2 long,u,long,no,no,primary,a,short
5795,muukkaama,V:C:V:,AL,a,71,(2) 50-75ms,long,short,*V2 long,u,long,no,no,primary,a,short
5796,muukkaama,V:C:V:,EI,a,71,(2) 50-75ms,long,short,*V2 long,u,long,no,no,primary,a,short
5797,muukkaama,V:C:V:,AL,a,46,(1) <50ms,long,short,*V2 long,u,long,no,no,primary,a,short
5798,muukkaama,V:C:V:,LM,a,95,(3) 75-100ms,long,short,*V2 long,u,long,no,no,primary,a,short
5799,muukkaama,V:C:V:,LM,a,60,(2) 50-75ms,long,short,*V2 long,u,long,no,no,primary,a,short
5800,muukkaama,V:C:V:,AL,a,32,(1) <50ms,long,short,*V2 long,u,long,no,no,primary,a,short
5801,muukkaama,V:C:V:,EI,a,60,(2) 50-75ms,long,short,*V2 long,u,long,no,no,primary,a,short
5802,muukkaama,V:C:V:,LM,a,60,(2) 50-75ms,long,short,*V2 long,u,long,no,no,primary,a,short
5803,muukkaama,V:C:V:,LM,a,98,(3) 75-100ms,long,short,*V2 long,u,long,no,no,primary,a,short
5804,muuttiima,V:C:V:,EI,i,61,(2) 50-75ms,long,short,*V2 long,u,long,no,no,primary,a,short
5805,muuttiima,V:C:V:,AL,i,57,(2) 50-75ms,long,short,*V2 long,u,long,no,no,primary,a,short
5806,muuttiima,V:C:V:,AL,i,43,(1) <50ms,long,short,*V2 long,u,long,no,no,primary,a,short
5807,muuttiima,V:C:V:,AL,i,54,(2) 50-75ms,long,short,*V2 long,u,long,no,no,primary,a,short
5808,muuttiima,V:C:V:,ST,i,67,(2) 50-75ms,long,short,*V2 long,u,long,no,no,primary,a,short
5809,muuttiima,V:C:V:,AL,i,50,(1) <50ms,long,short,*V2 long,u,long,no,no,primary,a,short
5810,muuttiima,V:C:V:,ST,i,46,(1) <50ms,long,short,*V2 long,u,long,no,no,primary,a,short
5811,muuttiima,V:C:V:,ST,i,60,(2) 50-75ms,long,short,*V2 long,u,long,no,no,primary,a,short
5812,muuttiima,V:C:V:,AL,i,46,(1) <50ms,long,short,*V2 long,u,long,no,no,primary,a,short
5813,muuttiima,V:C:V:,ST,i,50,(1) <50ms,long,short,*V2 long,u,long,no,no,primary,a,short
5814,muuttiima,V:C:V:,EI,i,86,(3) 75-100ms,long,short,*V2 long,u,long,no,no,primary,a,short
5815,muuttiima,V:C:V:,AL,i,52,(2) 50-75ms,long,short,*V2 long,u,long,no,no,primary,a,short
5816,muuttiima,V:C:V:,EI,i,74,(2) 50-75ms,long,short,*V2 long,u,long,no,no,primary,a,short
5817,muuttiima,V:C:V:,LM,i,53,(2) 50-75ms,long,short,*V2 long,u,long,no,no,primary,a,short
5818,muuttiima,V:C:V:,LM,i,70,(2) 50-75ms,long,short,*V2 long,u,long,no,no,primary,a,short
5819,muuttiima,V:C:V:,AL,i,65,(2) 50-75ms,long,short,*V2 long,u,long,no,no,primary,a,short
5820,muuttiima,V:C:V:,EI,i,43,(1) <50ms,long,short,*V2 long,u,long,no,no,primary,a,short
5821,muuttiima,V:C:V:,ST,i,54,(2) 50-75ms,long,short,*V2 long,u,long,no,no,primary,a,short
5822,muuttiima,V:C:V:,ST,i,54,(2) 50-75ms,long,short,*V2 long,u,long,no,no,primary,a,short
5823,muuttiima,V:C:V:,ST,i,44,(1) <50ms,long,short,*V2 long,u,long,no,no,primary,a,short
5824,muuttiima,V:C:V:,AG,i,72,(2) 50-75ms,long,short,*V2 long,u,long,no,no,primary,a,short
5825,muuttiima,V:C:V:,AL,i,72,(2) 50-75ms,long,short,*V2 long,u,long,no,no,primary,a,short
5826,muuttiima,V:C:V:,LM,i,59,(2) 50-75ms,long,short,*V2 long,u,long,no,no,primary,a,short
5827,muuttiima,V:C:V:,EI,i,81,(3) 75-100ms,long,short,*V2 long,u,long,no,no,primary,a,short
5828,muuttiima,V:C:V:,EI,i,62,(2) 50-75ms,long,short,*V2 long,u,long,no,no,primary,a,short
5829,muuttiima,V:C:V:,LM,i,80,(3) 75-100ms,long,short,*V2 long,u,long,no,no,primary,a,short
5830,muuttiima,V:C:V:,ST,i,46,(1) <50ms,long,short,*V2 long,u,long,no,no,primary,a,short
5831,muuttiima,V:C:V:,ST,i,57,(2) 50-75ms,long,short,*V2 long,u,long,no,no,primary,a,short
5832,muuttiima,V:C:V:,AG,i,79,(3) 75-100ms,long,short,*V2 long,u,long,no,no,primary,a,short
5833,muuttiima,V:C:V:,ST,i,60,(2) 50-75ms,long,short,*V2 long,u,long,no,no,primary,a,short
5834,muuttiima,V:C:V:,ST,i,48,(1) <50ms,long,short,*V2 long,u,long,no,no,primary,a,short
5835,muuttiima,V:C:V:,LM,i,53,(2) 50-75ms,long,short,*V2 long,u,long,no,no,primary,a,short
5836,muuttiima,V:C:V:,LM,i,51,(2) 50-75ms,long,short,*V2 long,u,long,no,no,primary,a,short
5837,muuttiima,V:C:V:,EI,i,90,(3) 75-100ms,long,short,*V2 long,u,long,no,no,primary,a,short
5838,muuttiima,V:C:V:,AL,i,57,(2) 50-75ms,long,short,*V2 long,u,long,no,no,primary,a,short
5839,muuttiima,V:C:V:,LM,i,59,(2) 50-75ms,long,short,*V2 long,u,long,no,no,primary,a,short
5840,muuttiima,V:C:V:,EI,i,55,(2) 50-75ms,long,short,*V2 long,u,long,no,no,primary,a,short
5841,muuttiima,V:C:V:,AL,i,55,(2) 50-75ms,long,short,*V2 long,u,long,no,no,primary,a,short
5842,muuttiima,V:C:V:,AG,i,73,(2) 50-75ms,long,short,*V2 long,u,long,no,no,primary,a,short
5843,muuttiima,V:C:V:,AL,i,57,(2) 50-75ms,long,short,*V2 long,u,long,no,no,primary,a,short
5844,muuttiima,V:C:V:,LM,i,80,(3) 75-100ms,long,short,*V2 long,u,long,no,no,primary,a,short
5845,naapuri,V:Cï¿,ST,u,72,(2) 50-75ms,short,short,V2 short,a,long,no,no,secondary,i,short
5846,naapuri,V:Cï¿,ST,u,50,(1) <50ms,short,short,V2 short,a,long,no,no,secondary,i,short
5847,naapuri,V:Cï¿,ST,u,52,(2) 50-75ms,short,short,V2 short,a,long,no,no,secondary,i,short
5848,naapuri,V:Cï¿,ST,u,52,(2) 50-75ms,short,short,V2 short,a,long,no,no,secondary,i,short
5849,naapuri,V:Cï¿,ST,u,70,(2) 50-75ms,short,short,V2 short,a,long,no,no,secondary,i,short
5850,naapuri,V:Cï¿,ST,u,48,(1) <50ms,short,short,V2 short,a,long,no,no,secondary,i,short
5851,naapuri,V:Cï¿,ST,u,42,(1) <50ms,short,short,V2 short,a,long,no,no,secondary,i,short
5852,naapuri,V:Cï¿,ST,u,54,(2) 50-75ms,short,short,V2 short,a,long,no,no,secondary,i,short
5853,naapuri,V:Cï¿,ST,u,44,(1) <50ms,short,short,V2 short,a,long,no,no,secondary,i,short
5854,naapuri,V:Cï¿,ST,u,48,(1) <50ms,short,short,V2 short,a,long,no,no,secondary,i,short
5855,naatala,V:Cï¿,EI,a,40,(1) <50ms,short,short,V2 short,a,long,no,no,secondary,a,short
5856,naatala,V:Cï¿,EI,a,93,(3) 75-100ms,short,short,V2 short,a,long,no,no,secondary,a,short
5857,naatala,V:Cï¿,LM,a,90,(3) 75-100ms,short,short,V2 short,a,long,no,no,secondary,a,short
5858,naatala,V:Cï¿,EI,a,84,(3) 75-100ms,short,short,V2 short,a,long,no,no,secondary,a,short
5859,naatala,V:Cï¿,LM,a,72,(2) 50-75ms,short,short,V2 short,a,long,no,no,secondary,a,short
5860,naatala,V:Cï¿,ST,a,86,(3) 75-100ms,short,short,V2 short,a,long,no,no,secondary,a,short
5861,naatala,V:Cï¿,AG,a,66,(2) 50-75ms,short,short,V2 short,a,long,no,no,secondary,a,short
5862,naatala,V:Cï¿,ST,a,73,(2) 50-75ms,short,short,V2 short,a,long,no,no,secondary,a,short
5863,naatala,V:Cï¿,AG,a,59,(2) 50-75ms,short,short,V2 short,a,long,no,no,secondary,a,short
5864,naatala,V:Cï¿,LM,a,84,(3) 75-100ms,short,short,V2 short,a,long,no,no,secondary,a,short
5865,naatala,V:Cï¿,ST,a,47,(1) <50ms,short,short,V2 short,a,long,no,no,secondary,a,short
5866,naatala,V:Cï¿,EI,a,56,(2) 50-75ms,short,short,V2 short,a,long,no,no,secondary,a,short
5867,naatala,V:Cï¿,EI,a,43,(1) <50ms,short,short,V2 short,a,long,no,no,secondary,a,short
5868,naatala,V:Cï¿,EI,a,52,(2) 50-75ms,short,short,V2 short,a,long,no,no,secondary,a,short
5869,naatala,V:Cï¿,AG,a,59,(2) 50-75ms,short,short,V2 short,a,long,no,no,secondary,a,short
5870,naatala,V:Cï¿,AG,a,77,(3) 75-100ms,short,short,V2 short,a,long,no,no,secondary,a,short
5871,naatala,V:Cï¿,LM,a,52,(2) 50-75ms,short,short,V2 short,a,long,no,no,secondary,a,short
5872,naatala,V:Cï¿,AG,a,55,(2) 50-75ms,short,short,V2 short,a,long,no,no,secondary,a,short
5873,naatala,V:Cï¿,AG,a,35,(1) <50ms,short,short,V2 short,a,long,no,no,secondary,a,short
5874,naatala,V:Cï¿,EI,a,80,(3) 75-100ms,short,short,V2 short,a,long,no,no,secondary,a,short
5875,naatala,V:Cï¿,LM,a,37,(1) <50ms,short,short,V2 short,a,long,no,no,secondary,a,short
5876,naatala,V:Cï¿,LM,a,47,(1) <50ms,short,short,V2 short,a,long,no,no,secondary,a,short
5877,naatala,V:Cï¿,EI,a,73,(2) 50-75ms,short,short,V2 short,a,long,no,no,secondary,a,short
5878,naatala,V:Cï¿,EI,a,60,(2) 50-75ms,short,short,V2 short,a,long,no,no,secondary,a,short
5879,naatala,V:Cï¿,ST,a,58,(2) 50-75ms,short,short,V2 short,a,long,no,no,secondary,a,short
5880,naatala,V:Cï¿,EI,a,70,(2) 50-75ms,short,short,V2 short,a,long,no,no,secondary,a,short
5881,naatala,V:Cï¿,AG,a,50,(1) <50ms,short,short,V2 short,a,long,no,no,secondary,a,short
5882,naatala,V:Cï¿,EI,a,58,(2) 50-75ms,short,short,V2 short,a,long,no,no,secondary,a,short
5883,nAUdAmA,V1V2CV,EI,A,74,(2) 50-75ms,short,short,V2 short,AU,long,yes,no,singleton,A,short
5884,nAUdAmA,V1V2CV,AG,A,87,(3) 75-100ms,short,short,V2 short,AU,long,yes,no,singleton,A,short
5885,nAUdAmA,V1V2CV,LM,A,90,(3) 75-100ms,short,short,V2 short,AU,long,yes,no,singleton,A,short
5886,nAUdAmA,V1V2CV,AL,A,62,(2) 50-75ms,short,short,V2 short,AU,long,yes,no,singleton,A,short
5887,nAUdAmA,V1V2CV,EI,A,45,(1) <50ms,short,short,V2 short,AU,long,yes,no,singleton,A,short
5888,nAUdAmA,V1V2CV,AG,A,74,(2) 50-75ms,short,short,V2 short,AU,long,yes,no,singleton,A,short
5889,nAUdAmA,V1V2CV,AG,A,79,(3) 75-100ms,short,short,V2 short,AU,long,yes,no,singleton,A,short
5890,nAUdAmA,V1V2CV,AL,A,50,(1) <50ms,short,short,V2 short,AU,long,yes,no,singleton,A,short
5891,nAUdAmA,V1V2CV,EI,A,76,(3) 75-100ms,short,short,V2 short,AU,long,yes,no,singleton,A,short
5892,nAUdAmA,V1V2CV,EI,A,48,(1) <50ms,short,short,V2 short,AU,long,yes,no,singleton,A,short
5893,nAUdAmA,V1V2CV,AL,A,50,(1) <50ms,short,short,V2 short,AU,long,yes,no,singleton,A,short
5894,nAUdAmA,V1V2CV,AL,A,51,(2) 50-75ms,short,short,V2 short,AU,long,yes,no,singleton,A,short
5895,nAUdAmA,V1V2CV,AL,A,49,(1) <50ms,short,short,V2 short,AU,long,yes,no,singleton,A,short
5896,nAUdAmA,V1V2CV,EI,A,53,(2) 50-75ms,short,short,V2 short,AU,long,yes,no,singleton,A,short
5897,nAUdAmA,V1V2CV,LM,A,52,(2) 50-75ms,short,short,V2 short,AU,long,yes,no,singleton,A,short
5898,nAUdAmA,V1V2CV,LM,A,61,(2) 50-75ms,short,short,V2 short,AU,long,yes,no,singleton,A,short
5899,nAUdAmA,V1V2CV,AL,A,68,(2) 50-75ms,short,short,V2 short,AU,long,yes,no,singleton,A,short
5900,nAUdAmA,V1V2CV,EI,A,76,(3) 75-100ms,short,short,V2 short,AU,long,yes,no,singleton,A,short
5901,nAUdAmA,V1V2CV,EI,A,62,(2) 50-75ms,short,short,V2 short,AU,long,yes,no,singleton,A,short
5902,nAUdAmA,V1V2CV,LM,A,55,(2) 50-75ms,short,short,V2 short,AU,long,yes,no,singleton,A,short
5903,nAUdAmA,V1V2CV,AL,A,44,(1) <50ms,short,short,V2 short,AU,long,yes,no,singleton,A,short
5904,nAUdAmA,V1V2CV,AL,A,43,(1) <50ms,short,short,V2 short,AU,long,yes,no,singleton,A,short
5905,nAUdAmA,V1V2CV,AL,A,49,(1) <50ms,short,short,V2 short,AU,long,yes,no,singleton,A,short
5906,nAUdAmA,V1V2CV,AL,A,60,(2) 50-75ms,short,short,V2 short,AU,long,yes,no,singleton,A,short
5907,nAUttiimA,V1V2C:V:,EI,i,58,(2) 50-75ms,long,short,*V2 long,AU,long,yes,no,primary,A,short
5908,nAUttiimA,V1V2C:V:,LM,i,39,(1) <50ms,long,short,*V2 long,AU,long,yes,no,primary,A,short
5909,nAUttiimA,V1V2C:V:,LM,i,55,(2) 50-75ms,long,short,*V2 long,AU,long,yes,no,primary,A,short
5910,nAUttiimA,V1V2C:V:,ST,i,44,(1) <50ms,long,short,*V2 long,AU,long,yes,no,primary,A,short
5911,nAUttiimA,V1V2C:V:,ST,i,42,(1) <50ms,long,short,*V2 long,AU,long,yes,no,primary,A,short
5912,nAUttiimA,V1V2C:V:,EI,i,60,(2) 50-75ms,long,short,*V2 long,AU,long,yes,no,primary,A,short
5913,nAUttiimA,V1V2C:V:,LM,i,40,(1) <50ms,long,short,*V2 long,AU,long,yes,no,primary,A,short
5914,nAUttiimA,V1V2C:V:,EI,i,73,(2) 50-75ms,long,short,*V2 long,AU,long,yes,no,primary,A,short
5915,nAUttiimA,V1V2C:V:,AG,i,70,(2) 50-75ms,long,short,*V2 long,AU,long,yes,no,primary,A,short
5916,nAUttiimA,V1V2C:V:,LM,i,67,(2) 50-75ms,long,short,*V2 long,AU,long,yes,no,primary,A,short
5917,nAUttiimA,V1V2C:V:,EI,i,50,(1) <50ms,long,short,*V2 long,AU,long,yes,no,primary,A,short
5918,nAUttiimA,V1V2C:V:,LM,i,63,(2) 50-75ms,long,short,*V2 long,AU,long,yes,no,primary,A,short
5919,nAUttiimA,V1V2C:V:,EI,i,84,(3) 75-100ms,long,short,*V2 long,AU,long,yes,no,primary,A,short
5920,nAUttiimA,V1V2C:V:,LM,i,70,(2) 50-75ms,long,short,*V2 long,AU,long,yes,no,primary,A,short
5921,nAUttiimA,V1V2C:V:,AG,i,75,(2) 50-75ms,long,short,*V2 long,AU,long,yes,no,primary,A,short
5922,nAUttiimA,V1V2C:V:,EI,i,78,(3) 75-100ms,long,short,*V2 long,AU,long,yes,no,primary,A,short
5923,nAUttiimA,V1V2C:V:,AG,i,74,(2) 50-75ms,long,short,*V2 long,AU,long,yes,no,primary,A,short
5924,nAUttiimA,V1V2C:V:,AL,i,39,(1) <50ms,long,short,*V2 long,AU,long,yes,no,primary,A,short
5925,nAUttiimA,V1V2C:V:,EI,i,40,(1) <50ms,long,short,*V2 long,AU,long,yes,no,primary,A,short
5926,nAUttiimA,V1V2C:V:,AL,i,70,(2) 50-75ms,long,short,*V2 long,AU,long,yes,no,primary,A,short
5927,nAUttiimA,V1V2C:V:,LM,i,60,(2) 50-75ms,long,short,*V2 long,AU,long,yes,no,primary,A,short
5928,nAUttiimA,V1V2C:V:,LM,i,65,(2) 50-75ms,long,short,*V2 long,AU,long,yes,no,primary,A,short
5929,nAUttiimA,V1V2C:V:,AL,i,75,(2) 50-75ms,long,short,*V2 long,AU,long,yes,no,primary,A,short
5930,nAUttiimA,V1V2C:V:,LM,i,80,(3) 75-100ms,long,short,*V2 long,AU,long,yes,no,primary,A,short
5931,nAUttiimA,V1V2C:V:,AG,i,71,(2) 50-75ms,long,short,*V2 long,AU,long,yes,no,primary,A,short
5932,nAUttiimA,V1V2C:V:,AL,i,58,(2) 50-75ms,long,short,*V2 long,AU,long,yes,no,primary,A,short
5933,nAUttiimA,V1V2C:V:,AG,i,60,(2) 50-75ms,long,short,*V2 long,AU,long,yes,no,primary,A,short
5934,nAUttiimA,V1V2C:V:,AG,i,90,(3) 75-100ms,long,short,*V2 long,AU,long,yes,no,primary,A,short
5935,nAUttiimA,V1V2C:V:,AL,i,55,(2) 50-75ms,long,short,*V2 long,AU,long,yes,no,primary,A,short
5936,nAUttiimA,V1V2C:V:,AL,i,52,(2) 50-75ms,long,short,*V2 long,AU,long,yes,no,primary,A,short
5937,nAUttiimA,V1V2C:V:,EI,i,63,(2) 50-75ms,long,short,*V2 long,AU,long,yes,no,primary,A,short
5938,nAUttiimA,V1V2C:V:,AL,i,61,(2) 50-75ms,long,short,*V2 long,AU,long,yes,no,primary,A,short
5939,nAUttiimA,V1V2C:V:,AG,i,80,(3) 75-100ms,long,short,*V2 long,AU,long,yes,no,primary,A,short
5940,nAUttiimA,V1V2C:V:,AG,i,88,(3) 75-100ms,long,short,*V2 long,AU,long,yes,no,primary,A,short
5941,odama,VCV,EI,a,129,(5) >125ms ,short,long,V2 lengthened,o,short,no,no,singleton,a,short
5942,odama,VCV,ST,a,125,(4) 100-125ms,short,long,V2 lengthened,o,short,no,no,singleton,a,short
5943,odama,VCV,EI,a,142,(5) >125ms ,short,long,V2 lengthened,o,short,no,no,singleton,a,short
5944,odama,VCV,LM,a,117,(4) 100-125ms,short,long,V2 lengthened,o,short,no,no,singleton,a,short
5945,odama,VCV,LM,a,103,(4) 100-125ms,short,long,V2 lengthened,o,short,no,no,singleton,a,short
5946,odama,VCV,AG,a,191,(5) >125ms ,short,long,V2 lengthened,o,short,no,no,singleton,a,short
5947,odama,VCV,LM,a,99,(3) 75-100ms,short,long,V2 lengthened,o,short,no,no,singleton,a,short
5948,odama,VCV,EI,a,142,(5) >125ms ,short,long,V2 lengthened,o,short,no,no,singleton,a,short
5949,odama,VCV,ST,a,140,(5) >125ms ,short,long,V2 lengthened,o,short,no,no,singleton,a,short
5950,odama,VCV,ST,a,118,(4) 100-125ms,short,long,V2 lengthened,o,short,no,no,singleton,a,short
5951,odama,VCV,EI,a,150,(5) >125ms ,short,long,V2 lengthened,o,short,no,no,singleton,a,short
5952,odama,VCV,ST,a,56,(2) 50-75ms,short,long,V2 lengthened,o,short,no,no,singleton,a,short
5953,odama,VCV,AG,a,157,(5) >125ms ,short,long,V2 lengthened,o,short,no,no,singleton,a,short
5954,odama,VCV,EI,a,86,(3) 75-100ms,short,long,V2 lengthened,o,short,no,no,singleton,a,short
5955,odama,VCV,ST,a,140,(5) >125ms ,short,long,V2 lengthened,o,short,no,no,singleton,a,short
5956,odama,VCV,ST,a,128,(5) >125ms ,short,long,V2 lengthened,o,short,no,no,singleton,a,short
5957,odama,VCV,ST,a,90,(3) 75-100ms,short,long,V2 lengthened,o,short,no,no,singleton,a,short
5958,odama,VCV,ST,a,107,(4) 100-125ms,short,long,V2 lengthened,o,short,no,no,singleton,a,short
5959,odama,VCV,ST,a,130,(5) >125ms ,short,long,V2 lengthened,o,short,no,no,singleton,a,short
5960,odama,VCV,ST,a,128,(5) >125ms ,short,long,V2 lengthened,o,short,no,no,singleton,a,short
5961,odama,VCV,EI,a,141,(5) >125ms ,short,long,V2 lengthened,o,short,no,no,singleton,a,short
5962,odama,VCV,EI,a,120,(4) 100-125ms,short,long,V2 lengthened,o,short,no,no,singleton,a,short
5963,odama,VCV,ST,a,140,(5) >125ms ,short,long,V2 lengthened,o,short,no,no,singleton,a,short
5964,odama,VCV,EI,a,128,(5) >125ms ,short,long,V2 lengthened,o,short,no,no,singleton,a,short
5965,odama,VCV,AL,a,136,(5) >125ms ,short,long,V2 lengthened,o,short,no,no,singleton,a,short
5966,odama,VCV,AG,a,177,(5) >125ms ,short,long,V2 lengthened,o,short,no,no,singleton,a,short
5967,odama,VCV,EI,a,117,(4) 100-125ms,short,long,V2 lengthened,o,short,no,no,singleton,a,short
5968,odama,VCV,EI,a,123,(4) 100-125ms,short,long,V2 lengthened,o,short,no,no,singleton,a,short
5969,odama,VCV,ST,a,90,(3) 75-100ms,short,long,V2 lengthened,o,short,no,no,singleton,a,short
5970,odama,VCV,EI,a,149,(5) >125ms ,short,long,V2 lengthened,o,short,no,no,singleton,a,short
5971,odama,VCV,EI,a,152,(5) >125ms ,short,long,V2 lengthened,o,short,no,no,singleton,a,short
5972,odama,VCV,AL,a,132,(5) >125ms ,short,long,V2 lengthened,o,short,no,no,singleton,a,short
5973,odama,VCV,ST,a,118,(4) 100-125ms,short,long,V2 lengthened,o,short,no,no,singleton,a,short
5974,odama,VCV,EI,a,111,(4) 100-125ms,short,long,V2 lengthened,o,short,no,no,singleton,a,short
5975,odama,VCV,ST,a,125,(4) 100-125ms,short,long,V2 lengthened,o,short,no,no,singleton,a,short
5976,odama,VCV,ST,a,130,(5) >125ms ,short,long,V2 lengthened,o,short,no,no,singleton,a,short
5977,odama,VCV,AL,a,132,(5) >125ms ,short,long,V2 lengthened,o,short,no,no,singleton,a,short
5978,odama,VCV,ST,a,140,(5) >125ms ,short,long,V2 lengthened,o,short,no,no,singleton,a,short
5979,odama,VCV,EI,a,153,(5) >125ms ,short,long,V2 lengthened,o,short,no,no,singleton,a,short
5980,odama,VCV,EI,a,149,(5) >125ms ,short,long,V2 lengthened,o,short,no,no,singleton,a,short
5981,odama,VCV,ST,a,56,(2) 50-75ms,short,long,V2 lengthened,o,short,no,no,singleton,a,short
5982,odama,VCV,EI,a,140,(5) >125ms ,short,long,V2 lengthened,o,short,no,no,singleton,a,short
5983,odama,VCV,EI,a,152,(5) >125ms ,short,long,V2 lengthened,o,short,no,no,singleton,a,short
5984,odama,VCV,ST,a,115,(4) 100-125ms,short,long,V2 lengthened,o,short,no,no,singleton,a,short
5985,odama,VCV,EI,a,142,(5) >125ms ,short,long,V2 lengthened,o,short,no,no,singleton,a,short
5986,oikaama,V1V2Cï¿½,EI,a,131,(5) >125ms ,long,short,*V2 long,oi,long,yes,no,secondary,a,short
5987,oikaama,V1V2Cï¿½,EI,a,76,(3) 75-100ms,long,short,*V2 long,oi,long,yes,no,secondary,a,short
5988,oikaama,V1V2Cï¿½,EI,a,111,(4) 100-125ms,long,short,*V2 long,oi,long,yes,no,secondary,a,short
5989,oikaama,V1V2Cï¿½,LM,a,37,(1) <50ms,long,short,*V2 long,oi,long,yes,no,secondary,a,short
5990,oikaama,V1V2Cï¿½,EI,a,79,(3) 75-100ms,long,short,*V2 long,oi,long,yes,no,secondary,a,short
5991,oikaama,V1V2Cï¿½,LM,a,59,(2) 50-75ms,long,short,*V2 long,oi,long,yes,no,secondary,a,short
5992,oikaama,V1V2Cï¿½,EI,a,113,(4) 100-125ms,long,short,*V2 long,oi,long,yes,no,secondary,a,short
5993,oikaama,V1V2Cï¿½,ST,a,46,(1) <50ms,long,short,*V2 long,oi,long,yes,no,secondary,a,short
5994,oikaama,V1V2Cï¿½,EI,a,112,(4) 100-125ms,long,short,*V2 long,oi,long,yes,no,secondary,a,short
5995,oikaama,V1V2Cï¿½,ST,a,49,(1) <50ms,long,short,*V2 long,oi,long,yes,no,secondary,a,short
5996,oikaama,V1V2Cï¿½,AL,a,60,(2) 50-75ms,long,short,*V2 long,oi,long,yes,no,secondary,a,short
5997,oikaama,V1V2Cï¿½,AL,a,87,(3) 75-100ms,long,short,*V2 long,oi,long,yes,no,secondary,a,short
5998,oikaama,V1V2Cï¿½,AG,a,94,(3) 75-100ms,long,short,*V2 long,oi,long,yes,no,secondary,a,short
5999,oikaama,V1V2Cï¿½,LM,a,75,(2) 50-75ms,long,short,*V2 long,oi,long,yes,no,secondary,a,short
6000,oikaama,V1V2Cï¿½,AG,a,109,(4) 100-125ms,long,short,*V2 long,oi,long,yes,no,secondary,a,short
6001,oikaama,V1V2Cï¿½,EI,a,102,(4) 100-125ms,long,short,*V2 long,oi,long,yes,no,secondary,a,short
6002,oikaama,V1V2Cï¿½,AG,a,74,(2) 50-75ms,long,short,*V2 long,oi,long,yes,no,secondary,a,short
6003,oikaama,V1V2Cï¿½,AG,a,69,(2) 50-75ms,long,short,*V2 long,oi,long,yes,no,secondary,a,short
6004,oikaama,V1V2Cï¿½,AL,a,61,(2) 50-75ms,long,short,*V2 long,oi,long,yes,no,secondary,a,short
6005,oikaama,V1V2Cï¿½,ST,a,44,(1) <50ms,long,short,*V2 long,oi,long,yes,no,secondary,a,short
6006,oikaama,V1V2Cï¿½,AG,a,101,(4) 100-125ms,long,short,*V2 long,oi,long,yes,no,secondary,a,short
6007,oikaama,V1V2Cï¿½,EI,a,124,(4) 100-125ms,long,short,*V2 long,oi,long,yes,no,secondary,a,short
6008,oikaama,V1V2Cï¿½,LM,a,64,(2) 50-75ms,long,short,*V2 long,oi,long,yes,no,secondary,a,short
6009,oikaama,V1V2Cï¿½,AL,a,70,(2) 50-75ms,long,short,*V2 long,oi,long,yes,no,secondary,a,short
6010,oikaama,V1V2Cï¿½,LM,a,70,(2) 50-75ms,long,short,*V2 long,oi,long,yes,no,secondary,a,short
6011,oikaama,V1V2Cï¿½,LM,a,40,(1) <50ms,long,short,*V2 long,oi,long,yes,no,secondary,a,short
6012,oikaama,V1V2Cï¿½,AL,a,72,(2) 50-75ms,long,short,*V2 long,oi,long,yes,no,secondary,a,short
6013,oikaama,V1V2Cï¿½,AL,a,81,(3) 75-100ms,long,short,*V2 long,oi,long,yes,no,secondary,a,short
6014,oikaama,V1V2Cï¿½,AG,a,40,(1) <50ms,long,short,*V2 long,oi,long,yes,no,secondary,a,short
6015,oikaama,V1V2Cï¿½,ST,a,51,(2) 50-75ms,long,short,*V2 long,oi,long,yes,no,secondary,a,short
6016,oikaama,V1V2Cï¿½,EI,a,86,(3) 75-100ms,long,short,*V2 long,oi,long,yes,no,secondary,a,short
6017,oikaama,V1V2Cï¿½,EI,a,113,(4) 100-125ms,long,short,*V2 long,oi,long,yes,no,secondary,a,short
6018,oikaama,V1V2Cï¿½,AL,a,68,(2) 50-75ms,long,short,*V2 long,oi,long,yes,no,secondary,a,short
6019,oikaama,V1V2Cï¿½,AG,a,100,(3) 75-100ms,long,short,*V2 long,oi,long,yes,no,secondary,a,short
6020,oikaama,V1V2Cï¿½,LM,a,93,(3) 75-100ms,long,short,*V2 long,oi,long,yes,no,secondary,a,short
6021,oikeni,V1V2Cï¿,AG,e,85,(3) 75-100ms,long,short,*V2 long,oi,long,yes,no,secondary,i,short
6022,oikeni,V1V2Cï¿,EI,e,64,(2) 50-75ms,long,short,*V2 long,oi,long,yes,no,secondary,i,short
6023,oikeni,V1V2Cï¿,EI,e,60,(2) 50-75ms,long,short,*V2 long,oi,long,yes,no,secondary,i,short
6024,oikeni,V1V2Cï¿,AG,e,115,(4) 100-125ms,long,short,*V2 long,oi,long,yes,no,secondary,i,short
6025,oikeni,V1V2Cï¿,LM,e,96,(3) 75-100ms,long,short,*V2 long,oi,long,yes,no,secondary,i,short
6026,oikeni,V1V2Cï¿,EI,e,54,(2) 50-75ms,long,short,*V2 long,oi,long,yes,no,secondary,i,short
6027,oikeni,V1V2Cï¿,EI,e,63,(2) 50-75ms,long,short,*V2 long,oi,long,yes,no,secondary,i,short
6028,oikeni,V1V2Cï¿,LM,e,76,(3) 75-100ms,long,short,*V2 long,oi,long,yes,no,secondary,i,short
6029,oikeni,V1V2Cï¿,AG,e,63,(2) 50-75ms,long,short,*V2 long,oi,long,yes,no,secondary,i,short
6030,oikeni,V1V2Cï¿,AG,e,85,(3) 75-100ms,long,short,*V2 long,oi,long,yes,no,secondary,i,short
6031,oikeni,V1V2Cï¿,AG,e,70,(2) 50-75ms,long,short,*V2 long,oi,long,yes,no,secondary,i,short
6032,oikeni,V1V2Cï¿,AL,e,60,(2) 50-75ms,long,short,*V2 long,oi,long,yes,no,secondary,i,short
6033,oikeni,V1V2Cï¿,LM,e,83,(3) 75-100ms,long,short,*V2 long,oi,long,yes,no,secondary,i,short
6034,oikeni,V1V2Cï¿,AL,e,59,(2) 50-75ms,long,short,*V2 long,oi,long,yes,no,secondary,i,short
6035,oikeni,V1V2Cï¿,AG,e,54,(2) 50-75ms,long,short,*V2 long,oi,long,yes,no,secondary,i,short
6036,oikeni,V1V2Cï¿,EI,e,43,(1) <50ms,long,short,*V2 long,oi,long,yes,no,secondary,i,short
6037,oikeni,V1V2Cï¿,AL,e,64,(2) 50-75ms,long,short,*V2 long,oi,long,yes,no,secondary,i,short
6038,oikeni,V1V2Cï¿,AG,e,61,(2) 50-75ms,long,short,*V2 long,oi,long,yes,no,secondary,i,short
6039,oikeni,V1V2Cï¿,AL,e,47,(1) <50ms,long,short,*V2 long,oi,long,yes,no,secondary,i,short
6040,oikeni,V1V2Cï¿,EI,e,59,(2) 50-75ms,long,short,*V2 long,oi,long,yes,no,secondary,i,short
6041,oikeni,V1V2Cï¿,LM,e,58,(2) 50-75ms,long,short,*V2 long,oi,long,yes,no,secondary,i,short
6042,oikeni,V1V2Cï¿,AG,e,120,(4) 100-125ms,long,short,*V2 long,oi,long,yes,no,secondary,i,short
6043,oikeni,V1V2Cï¿,EI,e,45,(1) <50ms,long,short,*V2 long,oi,long,yes,no,secondary,i,short
6044,oikeni,V1V2Cï¿,LM,e,47,(1) <50ms,long,short,*V2 long,oi,long,yes,no,secondary,i,short
6045,oikeni,V1V2Cï¿,ST,e,86,(3) 75-100ms,long,short,*V2 long,oi,long,yes,no,secondary,i,short
6046,oikeni,V1V2Cï¿,AL,e,53,(2) 50-75ms,long,short,*V2 long,oi,long,yes,no,secondary,i,short
6047,oikeni,V1V2Cï¿,AL,e,53,(2) 50-75ms,long,short,*V2 long,oi,long,yes,no,secondary,i,short
6048,oikeni,V1V2Cï¿,EI,e,52,(2) 50-75ms,long,short,*V2 long,oi,long,yes,no,secondary,i,short
6049,oikeni,V1V2Cï¿,ST,e,53,(2) 50-75ms,long,short,*V2 long,oi,long,yes,no,secondary,i,short
6050,oikeni,V1V2Cï¿,LM,e,72,(2) 50-75ms,long,short,*V2 long,oi,long,yes,no,secondary,i,short
6051,oikeni,V1V2Cï¿,AL,e,59,(2) 50-75ms,long,short,*V2 long,oi,long,yes,no,secondary,i,short
6052,oikeni,V1V2Cï¿,ST,e,70,(2) 50-75ms,long,short,*V2 long,oi,long,yes,no,secondary,i,short
6053,oikeni,V1V2Cï¿,LM,e,83,(3) 75-100ms,long,short,*V2 long,oi,long,yes,no,secondary,i,short
6054,oottele,V:C:V,LM,e,64,(2) 50-75ms,short,short,V2 short,o,long,no,no,primary,e,short
6055,oottele,V:C:V,EI,e,74,(2) 50-75ms,short,short,V2 short,o,long,no,no,primary,e,short
6056,oottele,V:C:V,EI,e,68,(2) 50-75ms,short,short,V2 short,o,long,no,no,primary,e,short
6057,oottele,V:C:V,ST,e,65,(2) 50-75ms,short,short,V2 short,o,long,no,no,primary,e,short
6058,oottele,V:C:V,LM,e,67,(2) 50-75ms,short,short,V2 short,o,long,no,no,primary,e,short
6059,oottele,V:C:V,ST,e,65,(2) 50-75ms,short,short,V2 short,o,long,no,no,primary,e,short
6060,oottele,V:C:V,AL,e,53,(2) 50-75ms,short,short,V2 short,u,long,no,no,primary,e,short
6061,oottele,V:C:V,ST,e,62,(2) 50-75ms,short,short,V2 short,o,long,no,no,primary,e,short
6062,oottele,V:C:V,EI,e,69,(2) 50-75ms,short,short,V2 short,o,long,no,no,primary,e,short
6063,oottele,V:C:V,AG,e,50,(1) <50ms,short,short,V2 short,o,long,no,no,primary,e,short
6064,oottele,V:C:V,ST,e,50,(1) <50ms,short,short,V2 short,o,long,no,no,primary,e,short
6065,oottele,V:C:V,ST,e,64,(2) 50-75ms,short,short,V2 short,o,long,no,no,primary,e,short
6066,oottele,V:C:V,ST,e,75,(2) 50-75ms,short,short,V2 short,o,long,no,no,primary,e,short
6067,oottele,V:C:V,EI,e,130,(5) >125ms ,short,short,V2 short,o,long,no,no,primary,e,short
6068,oottele,V:C:V,ST,e,70,(2) 50-75ms,short,short,V2 short,o,long,no,no,primary,e,short
6069,oottele,V:C:V,EI,e,112,(4) 100-125ms,short,short,V2 short,o,long,no,no,primary,e,short
6070,oottele,V:C:V,AL,e,50,(1) <50ms,short,short,V2 short,u,long,no,no,primary,e,short
6071,oottele,V:C:V,AG,e,47,(1) <50ms,short,short,V2 short,o,long,no,no,primary,e,short
6072,oottele,V:C:V,EI,e,97,(3) 75-100ms,short,short,V2 short,o,long,no,no,primary,e,short
6073,oottele,V:C:V,EI,e,85,(3) 75-100ms,short,short,V2 short,o,long,no,no,primary,e,short
6074,oottele,V:C:V,AG,e,53,(2) 50-75ms,short,short,V2 short,o,long,no,no,primary,e,short
6075,oottele,V:C:V,ST,e,57,(2) 50-75ms,short,short,V2 short,o,long,no,no,primary,e,short
6076,oottele,V:C:V,ST,e,57,(2) 50-75ms,short,short,V2 short,o,long,no,no,primary,e,short
6077,oottele,V:C:V,EI,e,68,(2) 50-75ms,short,short,V2 short,o,long,no,no,primary,e,short
6078,oottele,V:C:V,EI,e,84,(3) 75-100ms,short,short,V2 short,o,long,no,no,primary,e,short
6079,oottele,V:C:V,LM,e,64,(2) 50-75ms,short,short,V2 short,o,long,no,no,primary,e,short
6080,oottele,V:C:V,ST,e,49,(1) <50ms,short,short,V2 short,o,long,no,no,primary,e,short
6081,oottele,V:C:V,LM,e,58,(2) 50-75ms,short,short,V2 short,o,long,no,no,primary,e,short
6082,oottele,V:C:V,ST,e,59,(2) 50-75ms,short,short,V2 short,o,long,no,no,primary,e,short
6083,oottele,V:C:V,ST,e,69,(2) 50-75ms,short,short,V2 short,o,long,no,no,primary,e,short
6084,oottele,V:C:V,ST,e,70,(2) 50-75ms,short,short,V2 short,o,long,no,no,primary,e,short
6085,oottele,V:C:V,ST,e,59,(2) 50-75ms,short,short,V2 short,o,long,no,no,primary,e,short
6086,oottele,V:C:V,LM,e,46,(1) <50ms,short,short,V2 short,o,long,no,no,primary,e,short
6087,oottele,V:C:V,ST,e,80,(3) 75-100ms,short,short,V2 short,o,long,no,no,primary,e,short
6088,oottele,V:C:V,ST,e,61,(2) 50-75ms,short,short,V2 short,o,long,no,no,primary,e,short
6089,oottele,V:C:V,ST,e,64,(2) 50-75ms,short,short,V2 short,o,long,no,no,primary,e,short
6090,oottele,V:C:V,ST,e,47,(1) <50ms,short,short,V2 short,o,long,no,no,primary,e,short
6091,oottele,V:C:V,ST,e,48,(1) <50ms,short,short,V2 short,o,long,no,no,primary,e,short
6092,oottele,V:C:V,ST,e,62,(2) 50-75ms,short,short,V2 short,o,long,no,no,primary,e,short
6093,oottele,V:C:V,LM,e,60,(2) 50-75ms,short,short,V2 short,o,long,no,no,primary,e,short
6094,oottele,V:C:V,ST,e,60,(2) 50-75ms,short,short,V2 short,o,long,no,no,primary,e,short
6095,oottele,V:C:V,ST,e,80,(3) 75-100ms,short,short,V2 short,o,long,no,no,primary,e,short
6096,oottele,V:C:V,AG,e,67,(2) 50-75ms,short,short,V2 short,o,long,no,no,primary,e,short
6097,oottele,V:C:V,EI,e,69,(2) 50-75ms,short,short,V2 short,o,long,no,no,primary,e,short
6098,oottele,V:C:V,AL,e,47,(1) <50ms,short,short,V2 short,u,long,no,no,primary,e,short
6099,oottele,V:C:V,ST,e,62,(2) 50-75ms,short,short,V2 short,o,long,no,no,primary,e,short
6100,oottele,V:C:V,ST,e,46,(1) <50ms,short,short,V2 short,o,long,no,no,primary,e,short
6101,oottele,V:C:V,ST,e,80,(3) 75-100ms,short,short,V2 short,o,long,no,no,primary,e,short
6102,oottele,V:C:V,ST,e,64,(2) 50-75ms,short,short,V2 short,o,long,no,no,primary,e,short
6103,oottele,V:C:V,ST,e,47,(1) <50ms,short,short,V2 short,o,long,no,no,primary,e,short
6104,oottele,V:C:V,EI,e,86,(3) 75-100ms,short,short,V2 short,o,long,no,no,primary,e,short
6105,oottele,V:C:V,ST,e,66,(2) 50-75ms,short,short,V2 short,o,long,no,no,primary,e,short
6106,oottele,V:C:V,ST,e,64,(2) 50-75ms,short,short,V2 short,o,long,no,no,primary,e,short
6107,oottele,V:C:V,ST,e,64,(2) 50-75ms,short,short,V2 short,o,long,no,no,primary,e,short
6108,paikkaama,V1V2C:V:,AG,a,60,(2) 50-75ms,long,short,*V2 long,ai,long,yes,no,primary,a,short
6109,paikkaama,V1V2C:V:,ST,a,40,(1) <50ms,long,short,*V2 long,ai,long,yes,no,primary,a,short
6110,paikkaama,V1V2C:V:,AG,a,83,(3) 75-100ms,long,short,*V2 long,ai,long,yes,no,primary,a,short
6111,paikkaama,V1V2C:V:,ST,a,76,(3) 75-100ms,long,short,*V2 long,ai,long,yes,no,primary,a,short
6112,paikkaama,V1V2C:V:,AG,a,121,(4) 100-125ms,long,short,*V2 long,ai,long,yes,no,primary,a,short
6113,paikkaama,V1V2C:V:,ST,a,38,(1) <50ms,long,short,*V2 long,ai,long,yes,no,primary,a,short
6114,paikkaama,V1V2C:V:,AG,a,98,(3) 75-100ms,long,short,*V2 long,ai,long,yes,no,primary,a,short
6115,palgale,VRCV,EI,a,85,(3) 75-100ms,short,short,V2 short,a,short,no,yes,singleton,e,short
6116,palgale,VRCV,EI,a,158,(5) >125ms ,short,short,V2 short,a,short,no,yes,singleton,e,short
6117,palgale,VRCV,EI,a,85,(3) 75-100ms,short,short,V2 short,a,short,no,yes,singleton,e,short
6118,palgale,VRCV,AL,a,60,(2) 50-75ms,short,short,V2 short,a,short,no,yes,singleton,e,short
6119,palgale,VRCV,AL,a,71,(2) 50-75ms,short,short,V2 short,a,short,no,yes,singleton,e,short
6120,palgale,VRCV,EI,a,78,(3) 75-100ms,short,short,V2 short,a,short,no,yes,singleton,e,short
6121,palgale,VRCV,LM,a,78,(3) 75-100ms,short,short,V2 short,a,short,no,yes,singleton,e,short
6122,palgale,VRCV,AG,a,90,(3) 75-100ms,short,short,V2 short,a,short,no,yes,singleton,e,short
6123,palgale,VRCV,EI,a,128,(5) >125ms ,short,short,V2 short,a,short,no,yes,singleton,e,short
6124,palgale,VRCV,AL,a,58,(2) 50-75ms,short,short,V2 short,a,short,no,yes,singleton,e,short
6125,palgale,VRCV,AL,a,47,(1) <50ms,short,short,V2 short,a,short,no,yes,singleton,e,short
6126,palgale,VRCV,LM,a,65,(2) 50-75ms,short,short,V2 short,a,short,no,yes,singleton,e,short
6127,palgale,VRCV,AL,a,53,(2) 50-75ms,short,short,V2 short,a,short,no,yes,singleton,e,short
6128,palgale,VRCV,AG,a,59,(2) 50-75ms,short,short,V2 short,a,short,no,yes,singleton,e,short
6129,palgale,VRCV,EI,a,159,(5) >125ms ,short,short,V2 short,a,short,no,yes,singleton,e,short
6130,palgale,VRCV,LM,a,76,(3) 75-100ms,short,short,V2 short,a,short,no,yes,singleton,e,short
6131,palgale,VRCV,EI,a,56,(2) 50-75ms,short,short,V2 short,a,short,no,yes,singleton,e,short
6132,palgale,VRCV,AG,a,83,(3) 75-100ms,short,short,V2 short,a,short,no,yes,singleton,e,short
6133,palgale,VRCV,LM,a,70,(2) 50-75ms,short,short,V2 short,a,short,no,yes,singleton,e,short
6134,palgale,VRCV,AL,a,56,(2) 50-75ms,short,short,V2 short,a,short,no,yes,singleton,e,short
6135,palgale,VRCV,AL,a,61,(2) 50-75ms,short,short,V2 short,a,short,no,yes,singleton,e,short
6136,palgale,VRCV,AL,a,47,(1) <50ms,short,short,V2 short,a,short,no,yes,singleton,e,short
6137,palgale,VRCV,LM,a,65,(2) 50-75ms,short,short,V2 short,a,short,no,yes,singleton,e,short
6138,palkkaama,VRC:V:,LM,a,53,(2) 50-75ms,long,short,*V2 long,a,short,no,yes,primary,a,short
6139,palkkaama,VRC:V:,EI,a,85,(3) 75-100ms,long,short,*V2 long,a,short,no,yes,primary,a,short
6140,palkkaama,VRC:V:,LM,a,51,(2) 50-75ms,long,short,*V2 long,a,short,no,yes,primary,a,short
6141,palkkaama,VRC:V:,EI,a,64,(2) 50-75ms,long,short,*V2 long,a,short,no,yes,primary,a,short
6142,palkkaama,VRC:V:,EI,a,88,(3) 75-100ms,long,short,*V2 long,a,short,no,yes,primary,a,short
6143,palkkaama,VRC:V:,AG,a,113,(4) 100-125ms,long,short,*V2 long,a,short,no,yes,primary,a,short
6144,palkkaama,VRC:V:,EI,a,81,(3) 75-100ms,long,short,*V2 long,a,short,no,yes,primary,a,short
6145,palkkaama,VRC:V:,AL,a,67,(2) 50-75ms,long,short,*V2 long,a,short,no,yes,primary,a,short
6146,palkkaama,VRC:V:,EI,a,72,(2) 50-75ms,long,short,*V2 long,a,short,no,yes,primary,a,short
6147,palkkaama,VRC:V:,EI,a,112,(4) 100-125ms,long,short,*V2 long,a,short,no,yes,primary,a,short
6148,palkkaama,VRC:V:,LM,a,60,(2) 50-75ms,long,short,*V2 long,a,short,no,yes,primary,a,short
6149,palkkaama,VRC:V:,AG,a,117,(4) 100-125ms,long,short,*V2 long,a,short,no,yes,primary,a,short
6150,palkkaama,VRC:V:,AL,a,50,(1) <50ms,long,short,*V2 long,a,short,no,yes,primary,a,short
6151,palkkaama,VRC:V:,EI,a,62,(2) 50-75ms,long,short,*V2 long,a,short,no,yes,primary,a,short
6152,palkkaama,VRC:V:,ST,a,42,(1) <50ms,long,short,*V2 long,a,short,no,yes,primary,a,short
6153,palkkaama,VRC:V:,LM,a,52,(2) 50-75ms,long,short,*V2 long,a,short,no,yes,primary,a,short
6154,palkkaama,VRC:V:,AL,a,56,(2) 50-75ms,long,short,*V2 long,a,short,no,yes,primary,a,short
6155,palkkaama,VRC:V:,LM,a,38,(1) <50ms,long,short,*V2 long,a,short,no,yes,primary,a,short
6156,palkkaama,VRC:V:,AL,a,64,(2) 50-75ms,long,short,*V2 long,a,short,no,yes,primary,a,short
6157,palkkaama,VRC:V:,LM,a,60,(2) 50-75ms,long,short,*V2 long,a,short,no,yes,primary,a,short
6158,palkkaama,VRC:V:,ST,a,47,(1) <50ms,long,short,*V2 long,a,short,no,yes,primary,a,short
6159,palkkaama,VRC:V:,ST,a,22,(1) <50ms,long,short,*V2 long,a,short,no,yes,primary,a,short
6160,palkkaama,VRC:V:,EI,a,91,(3) 75-100ms,long,short,*V2 long,a,short,no,yes,primary,a,short
6161,palkkaama,VRC:V:,ST,a,48,(1) <50ms,long,short,*V2 long,a,short,no,yes,primary,a,short
6162,palkkaama,VRC:V:,AL,a,44,(1) <50ms,long,short,*V2 long,a,short,no,yes,primary,a,short
6163,palkkaama,VRC:V:,AL,a,41,(1) <50ms,long,short,*V2 long,a,short,no,yes,primary,a,short
6164,palkkaama,VRC:V:,AG,a,173,(5) >125ms ,long,short,*V2 long,a,short,no,yes,primary,a,short
6165,palkkaama,VRC:V:,AG,a,109,(4) 100-125ms,long,short,*V2 long,a,short,no,yes,primary,a,short
6166,palkkaama,VRC:V:,LM,a,52,(2) 50-75ms,long,short,*V2 long,a,short,no,yes,primary,a,short
6167,palkkaama,VRC:V:,AG,a,125,(4) 100-125ms,long,short,*V2 long,a,short,no,yes,primary,a,short
6168,palkkaama,VRC:V:,AG,a,131,(5) >125ms ,long,short,*V2 long,a,short,no,yes,primary,a,short
6169,palkkaama,VRC:V:,AL,a,81,(3) 75-100ms,long,short,*V2 long,a,short,no,yes,primary,a,short
6170,palkkaama,VRC:V:,LM,a,46,(1) <50ms,long,short,*V2 long,a,short,no,yes,primary,a,short
6171,palkkaama,VRC:V:,AG,a,107,(4) 100-125ms,long,short,*V2 long,a,short,no,yes,primary,a,short
6172,palkkoja,VRC:V,LM,o,76,(3) 75-100ms,short,short,V2 short,a,short,no,yes,primary,a,short
6173,palkkoja,VRC:V,AL,o,49,(1) <50ms,short,short,V2 short,a,short,no,yes,primary,a,short
6174,palkkoja,VRC:V,ST,o,45,(1) <50ms,short,short,V2 short,a,short,no,yes,primary,a,short
6175,palkkoja,VRC:V,AG,o,60,(2) 50-75ms,short,short,V2 short,a,short,no,yes,primary,a,short
6176,palkkoja,VRC:V,AL,o,51,(2) 50-75ms,short,short,V2 short,a,short,no,yes,primary,a,short
6177,palkkoja,VRC:V,AL,o,57,(2) 50-75ms,short,short,V2 short,a,short,no,yes,primary,a,short
6178,palkkoja,VRC:V,AL,o,55,(2) 50-75ms,short,short,V2 short,a,short,no,yes,primary,a,short
6179,palkkoja,VRC:V,LM,o,51,(2) 50-75ms,short,short,V2 short,a,short,no,yes,primary,a,short
6180,palkkoja,VRC:V,LM,o,61,(2) 50-75ms,short,short,V2 short,a,short,no,yes,primary,a,short
6181,palkkoja,VRC:V,ST,o,26,(1) <50ms,short,short,V2 short,a,short,no,yes,primary,a,short
6182,palkkoja,VRC:V,AL,o,47,(1) <50ms,short,short,V2 short,a,short,no,yes,primary,a,short
6183,palkkoja,VRC:V,ST,o,59,(2) 50-75ms,short,short,V2 short,a,short,no,yes,primary,a,short
6184,palkkoja,VRC:V,EI,o,77,(3) 75-100ms,short,short,V2 short,a,short,no,yes,primary,a,short
6185,palkkoja,VRC:V,AL,o,52,(2) 50-75ms,short,short,V2 short,a,short,no,yes,primary,a,short
6186,palkkoja,VRC:V,AG,o,75,(2) 50-75ms,short,short,V2 short,a,short,no,yes,primary,a,short
6187,palkkoja,VRC:V,LM,o,49,(1) <50ms,short,short,V2 short,a,short,no,yes,primary,a,short
6188,palkkoja,VRC:V,EI,o,79,(3) 75-100ms,short,short,V2 short,a,short,no,yes,primary,a,short
6189,palkkoja,VRC:V,AL,o,67,(2) 50-75ms,short,short,V2 short,a,short,no,yes,primary,a,short
6190,palkkoja,VRC:V,AL,o,60,(2) 50-75ms,short,short,V2 short,a,short,no,yes,primary,a,short
6191,palkkoja,VRC:V,LM,o,63,(2) 50-75ms,short,short,V2 short,a,short,no,yes,primary,a,short
6192,palkkoja,VRC:V,EI,o,76,(3) 75-100ms,short,short,V2 short,a,short,no,yes,primary,a,short
6193,palkkoja,VRC:V,LM,o,64,(2) 50-75ms,short,short,V2 short,a,short,no,yes,primary,a,short
6194,palkkoja,VRC:V,EI,o,77,(3) 75-100ms,short,short,V2 short,a,short,no,yes,primary,a,short
6195,palkkoja,VRC:V,EI,o,75,(2) 50-75ms,short,short,V2 short,a,short,no,yes,primary,a,short
6196,palkkoja,VRC:V,AG,o,70,(2) 50-75ms,short,short,V2 short,a,short,no,yes,primary,a,short
6197,palkkoja,VRC:V,EI,o,74,(2) 50-75ms,short,short,V2 short,a,short,no,yes,primary,a,short
6198,palkkoja,VRC:V,LM,o,63,(2) 50-75ms,short,short,V2 short,a,short,no,yes,primary,a,short
6199,palkkoja,VRC:V,AG,o,71,(2) 50-75ms,short,short,V2 short,a,short,no,yes,primary,a,short
6200,palkkoja,VRC:V,AG,o,69,(2) 50-75ms,short,short,V2 short,a,short,no,yes,primary,a,short
6201,palkkoja,VRC:V,AG,o,61,(2) 50-75ms,short,short,V2 short,a,short,no,yes,primary,a,short
6202,palkkoja,VRC:V,AG,o,68,(2) 50-75ms,short,short,V2 short,a,short,no,yes,primary,a,short
6203,palkkoja,VRC:V,EI,o,68,(2) 50-75ms,short,short,V2 short,a,short,no,yes,primary,a,short
6204,papeeri,VCï¿½,EI,e,122,(4) 100-125ms,long,long,V2 long (VCï¿,a,short,no,no,secondary,i,short
6205,papeeri,VCï¿½,ST,e,116,(4) 100-125ms,long,long,V2 long (VCï¿,a,short,no,no,secondary,i,short
6206,papeeri,VCï¿½,EI,e,166,(5) >125ms ,long,long,V2 long (VCï¿,a,short,no,no,secondary,i,short
6207,papeeri,VCï¿½,EI,e,160,(5) >125ms ,long,long,V2 long (VCï¿,a,short,no,no,secondary,i,short
6208,papeeri,VCï¿½,AL,e,99,(3) 75-100ms,long,long,V2 long (VCï¿,a,short,no,no,secondary,i,short
6209,papeeri,VCï¿½,EI,e,109,(4) 100-125ms,long,long,V2 long (VCï¿,a,short,no,no,secondary,i,short
6210,papeeri,VCï¿½,ST,e,106,(4) 100-125ms,long,long,V2 long (VCï¿,a,short,no,no,secondary,i,short
6211,papeeri,VCï¿½,LM,e,99,(3) 75-100ms,long,long,V2 long (VCï¿,a,short,no,no,secondary,i,short
6212,papeeri,VCï¿½,AL,e,115,(4) 100-125ms,long,long,V2 long (VCï¿,a,short,no,no,secondary,i,short
6213,papeeri,VCï¿½,EI,e,171,(5) >125ms ,long,long,V2 long (VCï¿,a,short,no,no,secondary,i,short
6214,papeeri,VCï¿½,AG,e,120,(4) 100-125ms,long,long,V2 long (VCï¿,a,short,no,no,secondary,i,short
6215,papeeri,VCï¿½,LM,e,115,(4) 100-125ms,long,long,V2 long (VCï¿,a,short,no,no,secondary,i,short
6216,papeeri,VCï¿½,AL,e,87,(3) 75-100ms,long,long,V2 long (VCï¿,a,short,no,no,secondary,i,short
6217,papeeri,VCï¿½,AG,e,144,(5) >125ms ,long,long,V2 long (VCï¿,a,short,no,no,secondary,i,short
6218,papeeri,VCï¿½,AL,e,122,(4) 100-125ms,long,long,V2 long (VCï¿,a,short,no,no,secondary,i,short
6219,papeeri,VCï¿½,EI,e,130,(5) >125ms ,long,long,V2 long (VCï¿,a,short,no,no,secondary,i,short
6220,papeeri,VCï¿½,AL,e,110,(4) 100-125ms,long,long,V2 long (VCï¿,a,short,no,no,secondary,i,short
6221,papeeri,VCï¿½,AL,e,122,(4) 100-125ms,long,long,V2 long (VCï¿,a,short,no,no,secondary,i,short
6222,papeeri,VCï¿½,LM,e,140,(5) >125ms ,long,long,V2 long (VCï¿,a,short,no,no,secondary,i,short
6223,papeeri,VCï¿½,LM,e,115,(4) 100-125ms,long,long,V2 long (VCï¿,a,short,no,no,secondary,i,short
6224,papeeri,VCï¿½,ST,e,90,(3) 75-100ms,long,long,V2 long (VCï¿,a,short,no,no,secondary,i,short
6225,papeeri,VCï¿½,AG,e,136,(5) >125ms ,long,long,V2 long (VCï¿,a,short,no,no,secondary,i,short
6226,papeeri,VCï¿½,AG,e,145,(5) >125ms ,long,long,V2 long (VCï¿,a,short,no,no,secondary,i,short
6227,papeeri,VCï¿½,LM,e,108,(4) 100-125ms,long,long,V2 long (VCï¿,a,short,no,no,secondary,i,short
6228,papeeri,VCï¿½,AL,e,113,(4) 100-125ms,long,long,V2 long (VCï¿,a,short,no,no,secondary,i,short
6229,papeeri,VCï¿½,ST,e,107,(4) 100-125ms,long,long,V2 long (VCï¿,a,short,no,no,secondary,i,short
6230,papeeri,VCï¿½,ST,e,71,(2) 50-75ms,long,long,V2 long (VCï¿,a,short,no,no,secondary,i,short
6231,papeeri,VCï¿½,EI,e,78,(3) 75-100ms,long,long,V2 long (VCï¿,a,short,no,no,secondary,i,short
6232,papeeri,VCï¿½,AG,e,114,(4) 100-125ms,long,long,V2 long (VCï¿,a,short,no,no,secondary,i,short
6233,papeeri,VCï¿½,LM,e,118,(4) 100-125ms,long,long,V2 long (VCï¿,a,short,no,no,secondary,i,short
6234,papeeri,VCï¿½,EI,e,112,(4) 100-125ms,long,long,V2 long (VCï¿,a,short,no,no,secondary,i,short
6235,papeeri,VCï¿½,AG,e,147,(5) >125ms ,long,long,V2 long (VCï¿,a,short,no,no,secondary,i,short
6236,papeeri,VCï¿½,EI,e,90,(3) 75-100ms,long,long,V2 long (VCï¿,a,short,no,no,secondary,i,short
6237,papeeri,VCï¿½,AG,e,129,(5) >125ms ,long,long,V2 long (VCï¿,a,short,no,no,secondary,i,short
6238,papeeri,VCï¿½,AG,e,152,(5) >125ms ,long,long,V2 long (VCï¿,a,short,no,no,secondary,i,short
6239,papeeri,VCï¿½,LM,e,126,(5) >125ms ,long,long,V2 long (VCï¿,a,short,no,no,secondary,i,short
6240,papeeri,VCï¿½,EI,e,110,(4) 100-125ms,long,long,V2 long (VCï¿,a,short,no,no,secondary,i,short
6241,papeeri,VCï¿½,ST,e,59,(2) 50-75ms,long,long,V2 long (VCï¿,a,short,no,no,secondary,i,short
6242,papeeri,VCï¿½,LM,e,130,(5) >125ms ,long,long,V2 long (VCï¿,a,short,no,no,secondary,i,short
6243,papeeri,VCï¿½,LM,e,140,(5) >125ms ,long,long,V2 long (VCï¿,a,short,no,no,secondary,i,short
6244,peendaraa,V:RCV,AG,a,80,(3) 75-100ms,short,short,V2 short,e,long,no,yes,singleton,a,long
6245,peendaraa,V:RCV,AL,a,57,(2) 50-75ms,short,short,V2 short,i,long,no,yes,singleton,a,long
6246,peendaraa,V:RCV,AL,a,55,(2) 50-75ms,short,short,V2 short,i,long,no,yes,singleton,a,long
6247,peendaraa,V:RCV,AL,a,44,(1) <50ms,short,short,V2 short,i,long,no,yes,singleton,a,long
6248,peendaraa,V:RCV,LM,a,82,(3) 75-100ms,short,short,V2 short,i,long,no,yes,singleton,a,long
6249,peendaraa,V:RCV,AL,a,54,(2) 50-75ms,short,short,V2 short,i,long,no,yes,singleton,a,long
6250,peendaraa,V:RCV,LM,a,62,(2) 50-75ms,short,short,V2 short,i,long,no,yes,singleton,a,long
6251,peendaraa,V:RCV,AG,a,72,(2) 50-75ms,short,short,V2 short,e,long,no,yes,singleton,a,long
6252,peendaraa,V:RCV,AG,a,89,(3) 75-100ms,short,short,V2 short,e,long,no,yes,singleton,a,long
6253,peendaraa,V:RCV,AG,a,79,(3) 75-100ms,short,short,V2 short,e,long,no,yes,singleton,a,long
6254,peendaraa,V:RCV,EI,a,74,(2) 50-75ms,short,short,V2 short,i,long,no,yes,singleton,a,long
6255,peendaraa,V:RCV,AL,a,60,(2) 50-75ms,short,short,V2 short,i,long,no,yes,singleton,a,long
6256,peendaraa,V:RCV,AL,a,62,(2) 50-75ms,short,short,V2 short,i,long,no,yes,singleton,a,long
6257,peendaraa,V:RCV,LM,a,89,(3) 75-100ms,short,short,V2 short,i,long,no,yes,singleton,a,long
6258,peendaraa,V:RCV,EI,a,60,(2) 50-75ms,short,short,V2 short,i,long,no,yes,singleton,a,long
6259,peendaraa,V:RCV,EI,a,66,(2) 50-75ms,short,short,V2 short,i,long,no,yes,singleton,a,long
6260,peendaraa,V:RCV,AL,a,55,(2) 50-75ms,short,short,V2 short,i,long,no,yes,singleton,a,long
6261,peendaraa,V:RCV,AG,a,72,(2) 50-75ms,short,short,V2 short,e,long,no,yes,singleton,a,long
6262,peendaraa,V:RCV,EI,a,69,(2) 50-75ms,short,short,V2 short,i,long,no,yes,singleton,a,long
6263,peendaraa,V:RCV,EI,a,60,(2) 50-75ms,short,short,V2 short,i,long,no,yes,singleton,a,long
6264,peendaraa,V:RCV,EI,a,59,(2) 50-75ms,short,short,V2 short,i,long,no,yes,singleton,a,long
6265,peendaraa,V:RCV,EI,a,59,(2) 50-75ms,short,short,V2 short,i,long,no,yes,singleton,a,long
6266,peentara,V:RCï¿,LM,a,86,(3) 75-100ms,short,short,V2 short,i,long,no,yes,secondary,a,short
6267,peentara,V:RCï¿,LM,a,71,(2) 50-75ms,short,short,V2 short,i,long,no,yes,secondary,a,short
6268,peentara,V:RCï¿,ST,a,62,(2) 50-75ms,short,short,V2 short,e,long,no,yes,secondary,a,short
6269,peentara,V:RCï¿,LM,a,59,(2) 50-75ms,short,short,V2 short,i,long,no,yes,secondary,a,short
6270,peentara,V:RCï¿,AL,a,61,(2) 50-75ms,short,short,V2 short,i,long,no,yes,secondary,a,short
6271,peentara,V:RCï¿,AG,a,66,(2) 50-75ms,short,short,V2 short,e,long,no,yes,secondary,a,short
6272,peentara,V:RCï¿,LM,a,60,(2) 50-75ms,short,short,V2 short,i,long,no,yes,secondary,a,short
6273,peentara,V:RCï¿,AL,a,54,(2) 50-75ms,short,short,V2 short,i,long,no,yes,secondary,a,short
6274,peentara,V:RCï¿,EI,o,69,(2) 50-75ms,short,short,V2 short,i,long,no,yes,secondary,a,short
6275,peentara,V:RCï¿,LM,a,73,(2) 50-75ms,short,short,V2 short,i,long,no,yes,secondary,a,short
6276,peentara,V:RCï¿,EI,a,75,(2) 50-75ms,short,short,V2 short,i,long,no,yes,secondary,a,short
6277,peentara,V:RCï¿,EI,a,89,(3) 75-100ms,short,short,V2 short,i,long,no,yes,secondary,a,short
6278,peentara,V:RCï¿,EI,a,74,(2) 50-75ms,short,short,V2 short,i,long,no,yes,secondary,a,short
6279,peentara,V:RCï¿,EI,a,77,(3) 75-100ms,short,short,V2 short,i,long,no,yes,secondary,a,short
6280,peentara,V:RCï¿,AG,a,80,(3) 75-100ms,short,short,V2 short,e,long,no,yes,secondary,a,short
6281,peentara,V:RCï¿,AL,a,70,(2) 50-75ms,short,short,V2 short,i,long,no,yes,secondary,a,short
6282,peentara,V:RCï¿,AG,a,50,(1) <50ms,short,short,V2 short,e,long,no,yes,secondary,a,short
6283,peentara,V:RCï¿,AL,a,55,(2) 50-75ms,short,short,V2 short,i,long,no,yes,secondary,a,short
6284,peentara,V:RCï¿,AG,a,91,(3) 75-100ms,short,short,V2 short,e,long,no,yes,secondary,a,short
6285,peentara,V:RCï¿,EI,a,60,(2) 50-75ms,short,short,V2 short,i,long,no,yes,secondary,a,short
6286,peentara,V:RCï¿,EI,a,85,(3) 75-100ms,short,short,V2 short,i,long,no,yes,secondary,a,short
6287,peentara,V:RCï¿,LM,a,53,(2) 50-75ms,short,short,V2 short,i,long,no,yes,secondary,a,short
6288,peentara,V:RCï¿,ST,a,44,(1) <50ms,short,short,V2 short,e,long,no,yes,secondary,a,short
6289,peentara,V:RCï¿,AL,a,56,(2) 50-75ms,short,short,V2 short,i,long,no,yes,secondary,a,short
6290,peentara,V:RCï¿,ST,a,70,(2) 50-75ms,short,short,V2 short,e,long,no,yes,secondary,a,short
6291,peentara,V:RCï¿,EI,a,59,(2) 50-75ms,short,short,V2 short,i,long,no,yes,secondary,a,short
6292,peentara,V:RCï¿,AG,e,60,(2) 50-75ms,short,short,V2 short,e,long,no,yes,secondary,a,short
6293,peentara,V:RCï¿,LM,a,81,(3) 75-100ms,short,short,V2 short,i,long,no,yes,secondary,a,short
6294,peentara,V:RCï¿,AL,a,56,(2) 50-75ms,short,short,V2 short,i,long,no,yes,secondary,a,short
6295,peentara,V:RCï¿,EI,a,67,(2) 50-75ms,short,short,V2 short,i,long,no,yes,secondary,a,short
6296,peentara,V:RCï¿,AG,a,50,(1) <50ms,short,short,V2 short,e,long,no,yes,secondary,a,short
6297,peentara,V:RCï¿,EI,a,70,(2) 50-75ms,short,short,V2 short,i,long,no,yes,secondary,a,short
6298,peentara,V:RCï¿,EI,a,120,(4) 100-125ms,short,short,V2 short,i,long,no,yes,secondary,a,short
6299,peentara,V:RCï¿,EI,a,95,(3) 75-100ms,short,short,V2 short,i,long,no,yes,secondary,a,short
6300,peentara,V:RCï¿,AL,a,73,(2) 50-75ms,short,short,V2 short,i,long,no,yes,secondary,a,short
6301,peentara,V:RCï¿,AG,a,48,(1) <50ms,short,short,V2 short,e,long,no,yes,secondary,a,short
6302,peentara,V:RCï¿,AG,a,70,(2) 50-75ms,short,short,V2 short,e,long,no,yes,secondary,a,short
6303,peentara,V:RCï¿,ST,a,48,(1) <50ms,short,short,V2 short,e,long,no,yes,secondary,a,short
6304,peentara,V:RCï¿,AG,a,70,(2) 50-75ms,short,short,V2 short,e,long,no,yes,secondary,a,short
6305,peentara,V:RCï¿,EI,a,80,(3) 75-100ms,short,short,V2 short,i,long,no,yes,secondary,a,short
6306,peittiima,V1V2C:V:,ST,i,43,(1) <50ms,long,short,*V2 long,ei,long,yes,no,primary,a,short
6307,peittiima,V1V2C:V:,ST,i,44,(1) <50ms,long,short,*V2 long,ei,long,yes,no,primary,a,short
6308,peittiima,V1V2C:V:,ST,i,51,(2) 50-75ms,long,short,*V2 long,ei,long,yes,no,primary,a,short
6309,petteri,VC:V,AG,e,45,(1) <50ms,short,short,V2 short,e,short,no,no,primary,i,short
6310,petteri,VC:V,AL,e,43,(1) <50ms,short,short,V2 short,e,short,no,no,primary,i,short
6311,petteri,VC:V,AG,e,64,(2) 50-75ms,short,short,V2 short,e,short,no,no,primary,i,short
6312,petteri,VC:V,LM,e,67,(2) 50-75ms,short,short,V2 short,e,short,no,no,primary,i,short
6313,petteri,VC:V,AL,e,41,(1) <50ms,short,short,V2 short,e,short,no,no,primary,i,short
6314,petteri,VC:V,AG,e,56,(2) 50-75ms,short,short,V2 short,e,short,no,no,primary,i,short
6315,petteri,VC:V,LM,e,40,(1) <50ms,short,short,V2 short,e,short,no,no,primary,i,short
6316,petteri,VC:V,AG,e,63,(2) 50-75ms,short,short,V2 short,e,short,no,no,primary,i,short
6317,petteri,VC:V,AL,e,60,(2) 50-75ms,short,short,V2 short,e,short,no,no,primary,i,short
6318,petteri,VC:V,LM,e,50,(1) <50ms,short,short,V2 short,e,short,no,no,primary,i,short
6319,petteri,VC:V,LM,e,35,(1) <50ms,short,short,V2 short,e,short,no,no,primary,i,short
6320,petteri,VC:V,AG,e,63,(2) 50-75ms,short,short,V2 short,e,short,no,no,primary,i,short
6321,petteri,VC:V,LM,e,67,(2) 50-75ms,short,short,V2 short,e,short,no,no,primary,i,short
6322,petteri,VC:V,LM,e,53,(2) 50-75ms,short,short,V2 short,e,short,no,no,primary,i,short
6323,petteri,VC:V,AG,e,41,(1) <50ms,short,short,V2 short,e,short,no,no,primary,i,short
6324,petteri,VC:V,AG,e,54,(2) 50-75ms,short,short,V2 short,e,short,no,no,primary,i,short
6325,petteri,VC:V,EI,e,80,(3) 75-100ms,short,short,V2 short,e,short,no,no,primary,i,short
6326,petteri,VC:V,EI,e,90,(3) 75-100ms,short,short,V2 short,e,short,no,no,primary,i,short
6327,petteri,VC:V,AL,e,80,(3) 75-100ms,short,short,V2 short,e,short,no,no,primary,i,short
6328,petteri,VC:V,ST,e,40,(1) <50ms,short,short,V2 short,e,short,no,no,primary,i,short
6329,petteri,VC:V,AL,e,50,(1) <50ms,short,short,V2 short,e,short,no,no,primary,i,short
6330,petteri,VC:V,LM,e,67,(2) 50-75ms,short,short,V2 short,e,short,no,no,primary,i,short
6331,petteri,VC:V,ST,e,47,(1) <50ms,short,short,V2 short,e,short,no,no,primary,i,short
6332,petteri,VC:V,EI,e,83,(3) 75-100ms,short,short,V2 short,e,short,no,no,primary,i,short
6333,petteri,VC:V,EI,e,71,(2) 50-75ms,short,short,V2 short,e,short,no,no,primary,i,short
6334,petteri,VC:V,ST,e,39,(1) <50ms,short,short,V2 short,e,short,no,no,primary,i,short
6335,petteri,VC:V,AG,e,63,(2) 50-75ms,short,short,V2 short,e,short,no,no,primary,i,short
6336,petteri,VC:V,LM,e,67,(2) 50-75ms,short,short,V2 short,e,short,no,no,primary,i,short
6337,petteri,VC:V,EI,e,61,(2) 50-75ms,short,short,V2 short,e,short,no,no,primary,i,short
6338,petteri,VC:V,EI,e,94,(3) 75-100ms,short,short,V2 short,e,short,no,no,primary,i,short
6339,petteri,VC:V,AL,e,48,(1) <50ms,short,short,V2 short,e,short,no,no,primary,i,short
6340,petteri,VC:V,EI,e,70,(2) 50-75ms,short,short,V2 short,e,short,no,no,primary,i,short
6341,petteri,VC:V,ST,e,50,(1) <50ms,short,short,V2 short,e,short,no,no,primary,i,short
6342,petteri,VC:V,EI,e,92,(3) 75-100ms,short,short,V2 short,e,short,no,no,primary,i,short
6343,petteri,VC:V,EI,e,73,(2) 50-75ms,short,short,V2 short,e,short,no,no,primary,i,short
6344,petteri,VC:V,AL,e,50,(1) <50ms,short,short,V2 short,e,short,no,no,primary,i,short
6345,peukolo,V1V2Cï¿,EI,o,123,(4) 100-125ms,long,short,*V2 long,eu,long,yes,no,secondary,o,short
6346,peukolo,V1V2Cï¿,AL,o,38,(1) <50ms,long,short,*V2 long,eu,long,yes,no,secondary,o,short
6347,peukolo,V1V2Cï¿,AL,o,52,(2) 50-75ms,long,short,*V2 long,eu,long,yes,no,secondary,o,short
6348,peukolo,V1V2Cï¿,LM,o,60,(2) 50-75ms,long,short,*V2 long,eu,long,yes,no,secondary,o,short
6349,peukolo,V1V2Cï¿,LM,o,71,(2) 50-75ms,long,short,*V2 long,eu,long,yes,no,secondary,o,short
6350,peukolo,V1V2Cï¿,AG,o,157,(5) >125ms ,long,short,*V2 long,eu,long,yes,no,secondary,o,short
6351,peukolo,V1V2Cï¿,LM,o,36,(1) <50ms,long,short,*V2 long,eu,long,yes,no,secondary,o,short
6352,peukolo,V1V2Cï¿,LM,o,60,(2) 50-75ms,long,short,*V2 long,eu,long,yes,no,secondary,o,short
6353,peukolo,V1V2Cï¿,EI,o,140,(5) >125ms ,long,short,*V2 long,eu,long,yes,no,secondary,o,short
6354,peukolo,V1V2Cï¿,LM,o,52,(2) 50-75ms,long,short,*V2 long,eu,long,yes,no,secondary,o,short
6355,peukolo,V1V2Cï¿,AG,o,81,(3) 75-100ms,long,short,*V2 long,eu,long,yes,no,secondary,o,short
6356,peukolo,V1V2Cï¿,LM,o,59,(2) 50-75ms,long,short,*V2 long,eu,long,yes,no,secondary,o,short
6357,peukolo,V1V2Cï¿,AG,o,60,(2) 50-75ms,long,short,*V2 long,eu,long,yes,no,secondary,o,short
6358,peukolo,V1V2Cï¿,LM,o,75,(2) 50-75ms,long,short,*V2 long,eu,long,yes,no,secondary,o,short
6359,peukolo,V1V2Cï¿,AL,o,54,(2) 50-75ms,long,short,*V2 long,eu,long,yes,no,secondary,o,short
6360,peukolo,V1V2Cï¿,AG,o,76,(3) 75-100ms,long,short,*V2 long,eu,long,yes,no,secondary,o,short
6361,peukolo,V1V2Cï¿,EI,o,44,(1) <50ms,long,short,*V2 long,eu,long,yes,no,secondary,o,short
6362,peukolo,V1V2Cï¿,EI,o,68,(2) 50-75ms,long,short,*V2 long,eu,long,yes,no,secondary,o,short
6363,peukolo,V1V2Cï¿,ST,o,73,(2) 50-75ms,long,short,*V2 long,eu,long,yes,no,secondary,o,short
6364,peukolo,V1V2Cï¿,EI,o,69,(2) 50-75ms,long,short,*V2 long,eu,long,yes,no,secondary,o,short
6365,peukolo,V1V2Cï¿,AL,o,38,(1) <50ms,long,short,*V2 long,eu,long,yes,no,secondary,o,short
6366,peukolo,V1V2Cï¿,AL,o,49,(1) <50ms,long,short,*V2 long,eu,long,yes,no,secondary,o,short
6367,peukolo,V1V2Cï¿,ST,o,45,(1) <50ms,long,short,*V2 long,eu,long,yes,no,secondary,o,short
6368,peukolo,V1V2Cï¿,AG,o,53,(2) 50-75ms,long,short,*V2 long,eu,long,yes,no,secondary,o,short
6369,peukolo,V1V2Cï¿,AG,o,66,(2) 50-75ms,long,short,*V2 long,eu,long,yes,no,secondary,o,short
6370,peukolo,V1V2Cï¿,AG,o,138,(5) >125ms ,long,short,*V2 long,eu,long,yes,no,secondary,o,short
6371,peukolo,V1V2Cï¿,AL,o,29,(1) <50ms,long,short,*V2 long,eu,long,yes,no,secondary,o,short
6372,peukolo,V1V2Cï¿,ST,o,60,(2) 50-75ms,long,short,*V2 long,eu,long,yes,no,secondary,o,short
6373,peukolo,V1V2Cï¿,ST,o,60,(2) 50-75ms,long,short,*V2 long,eu,long,yes,no,secondary,o,short
6374,peukolo,V1V2Cï¿,ST,o,51,(2) 50-75ms,long,short,*V2 long,eu,long,yes,no,secondary,o,short
6375,peukolo,V1V2Cï¿,AG,o,100,(3) 75-100ms,long,short,*V2 long,eu,long,yes,no,secondary,o,short
6376,peukolo,V1V2Cï¿,AL,o,51,(2) 50-75ms,long,short,*V2 long,eu,long,yes,no,secondary,o,short
6377,peukolo,V1V2Cï¿,EI,o,97,(3) 75-100ms,long,short,*V2 long,eu,long,yes,no,secondary,o,short
6378,peukolo,V1V2Cï¿,EI,o,86,(3) 75-100ms,long,short,*V2 long,eu,long,yes,no,secondary,o,short
6379,peukolo,V1V2Cï¿,AL,o,47,(1) <50ms,long,short,*V2 long,eu,long,yes,no,secondary,o,short
6380,piikoja,V:Cï¿,AG,o,62,(2) 50-75ms,short,short,V2 short,i,long,no,no,secondary,a,short
6381,piikoja,V:Cï¿,LM,o,63,(2) 50-75ms,short,short,V2 short,i,long,no,no,secondary,a,short
6382,piikoja,V:Cï¿,LM,o,59,(2) 50-75ms,short,short,V2 short,i,long,no,no,secondary,a,short
6383,piikoja,V:Cï¿,ST,o,57,(2) 50-75ms,short,short,V2 short,i,long,no,no,secondary,a,short
6384,piikoja,V:Cï¿,EI,o,81,(3) 75-100ms,short,short,V2 short,i,long,no,no,secondary,a,short
6385,piikoja,V:Cï¿,LM,o,61,(2) 50-75ms,short,short,V2 short,i,long,no,no,secondary,a,short
6386,piikoja,V:Cï¿,LM,o,55,(2) 50-75ms,short,short,V2 short,i,long,no,no,secondary,a,short
6387,piikoja,V:Cï¿,LM,o,59,(2) 50-75ms,short,short,V2 short,i,long,no,no,secondary,a,short
6388,piikoja,V:Cï¿,AL,o,62,(2) 50-75ms,short,short,V2 short,i,long,no,no,secondary,a,short
6389,piikoja,V:Cï¿,EI,o,46,(1) <50ms,short,short,V2 short,i,long,no,no,secondary,a,short
6390,piikoja,V:Cï¿,ST,o,56,(2) 50-75ms,short,short,V2 short,i,long,no,no,secondary,a,short
6391,piikoja,V:Cï¿,EI,o,46,(1) <50ms,short,short,V2 short,i,long,no,no,secondary,a,short
6392,piikoja,V:Cï¿,AG,o,25,(1) <50ms,short,short,V2 short,i,long,no,no,secondary,a,short
6393,piikoja,V:Cï¿,AG,o,68,(2) 50-75ms,short,short,V2 short,i,long,no,no,secondary,a,short
6394,piikoja,V:Cï¿,LM,o,59,(2) 50-75ms,short,short,V2 short,i,long,no,no,secondary,a,short
6395,piikoja,V:Cï¿,AG,o,68,(2) 50-75ms,short,short,V2 short,i,long,no,no,secondary,a,short
6396,piikoja,V:Cï¿,LM,o,84,(3) 75-100ms,short,short,V2 short,i,long,no,no,secondary,a,short
6397,piikoja,V:Cï¿,AL,o,61,(2) 50-75ms,short,short,V2 short,i,long,no,no,secondary,a,short
6398,piikoja,V:Cï¿,EI,o,58,(2) 50-75ms,short,short,V2 short,i,long,no,no,secondary,a,short
6399,piikoja,V:Cï¿,ST,o,52,(2) 50-75ms,short,short,V2 short,i,long,no,no,secondary,a,short
6400,piikoja,V:Cï¿,AL,o,74,(2) 50-75ms,short,short,V2 short,i,long,no,no,secondary,a,short
6401,piikoja,V:Cï¿,AL,o,57,(2) 50-75ms,short,short,V2 short,i,long,no,no,secondary,a,short
6402,piikoja,V:Cï¿,EI,o,50,(1) <50ms,short,short,V2 short,i,long,no,no,secondary,a,short
6403,piikoja,V:Cï¿,EI,o,92,(3) 75-100ms,short,short,V2 short,i,long,no,no,secondary,a,short
6404,piikoja,V:Cï¿,AG,o,72,(2) 50-75ms,short,short,V2 short,i,long,no,no,secondary,a,short
6405,piikoja,V:Cï¿,ST,o,49,(1) <50ms,short,short,V2 short,i,long,no,no,secondary,a,short
6406,piikoja,V:Cï¿,AL,o,58,(2) 50-75ms,short,short,V2 short,i,long,no,no,secondary,a,short
6407,piikoja,V:Cï¿,EI,o,93,(3) 75-100ms,short,short,V2 short,eu,long,no,no,secondary,o,short
6408,piikoja,V:Cï¿,AL,o,70,(2) 50-75ms,short,short,V2 short,i,long,no,no,secondary,a,short
6409,piikoja,V:Cï¿,AG,o,57,(2) 50-75ms,short,short,V2 short,i,long,no,no,secondary,a,short
6410,piikoja,V:Cï¿,AL,o,53,(2) 50-75ms,short,short,V2 short,i,long,no,no,secondary,a,short
6411,piikoja,V:Cï¿,LM,o,68,(2) 50-75ms,short,short,V2 short,i,long,no,no,secondary,a,short
6412,pikaari,VCï¿½,AL,a,83,(3) 75-100ms,long,long,V2 long (VCï¿,i,short,no,no,secondary,i,short
6413,pikaari,VCï¿½,AG,a,183,(5) >125ms ,long,long,V2 long (VCï¿,i,short,no,no,secondary,i,short
6414,pikaari,VCï¿½,EI,a,139,(5) >125ms ,long,long,V2 long (VCï¿,i,short,no,no,secondary,i,short
6415,pikaari,VCï¿½,EI,a,150,(5) >125ms ,long,long,V2 long (VCï¿,i,short,no,no,secondary,i,short
6416,pikaari,VCï¿½,AL,a,99,(3) 75-100ms,long,long,V2 long (VCï¿,i,short,no,no,secondary,i,short
6417,pikaari,VCï¿½,AG,a,145,(5) >125ms ,long,long,V2 long (VCï¿,i,short,no,no,secondary,i,short
6418,pikaari,VCï¿½,AG,a,161,(5) >125ms ,long,long,V2 long (VCï¿,i,short,no,no,secondary,i,short
6419,pikaari,VCï¿½,EI,a,110,(4) 100-125ms,long,long,V2 long (VCï¿,i,short,no,no,secondary,i,short
6420,pikaari,VCï¿½,AL,a,112,(4) 100-125ms,long,long,V2 long (VCï¿,i,short,no,no,secondary,i,short
6421,pikaari,VCï¿½,EI,a,133,(5) >125ms ,long,long,V2 long (VCï¿,i,short,no,no,secondary,i,short
6422,pikaari,VCï¿½,EI,a,144,(5) >125ms ,long,long,V2 long (VCï¿,i,short,no,no,secondary,i,short
6423,pikaari,VCï¿½,AL,a,80,(3) 75-100ms,long,long,V2 long (VCï¿,i,short,no,no,secondary,i,short
6424,pikaari,VCï¿½,EI,a,144,(5) >125ms ,long,long,V2 long (VCï¿,i,short,no,no,secondary,i,short
6425,pikaari,VCï¿½,ST,a,138,(5) >125ms ,long,long,V2 long (VCï¿,i,short,no,no,secondary,i,short
6426,pikaari,VCï¿½,EI,a,119,(4) 100-125ms,long,long,V2 long (VCï¿,i,short,no,no,secondary,i,short
6427,pikaari,VCï¿½,AL,a,114,(4) 100-125ms,long,long,V2 long (VCï¿,i,short,no,no,secondary,i,short
6428,pikaari,VCï¿½,LM,a,108,(4) 100-125ms,long,long,V2 long (VCï¿,i,short,no,no,secondary,i,short
6429,pikaari,VCï¿½,AL,a,110,(4) 100-125ms,long,long,V2 long (VCï¿,i,short,no,no,secondary,i,short
6430,pikaari,VCï¿½,EI,a,146,(5) >125ms ,long,long,V2 long (VCï¿,i,short,no,no,secondary,i,short
6431,pikaari,VCï¿½,AL,a,90,(3) 75-100ms,long,long,V2 long (VCï¿,i,short,no,no,secondary,i,short
6432,pikaari,VCï¿½,LM,a,120,(4) 100-125ms,long,long,V2 long (VCï¿,i,short,no,no,secondary,i,short
6433,pikaari,VCï¿½,AG,a,88,(3) 75-100ms,long,long,V2 long (VCï¿,i,short,no,no,secondary,i,short
6434,pikaari,VCï¿½,LM,a,156,(5) >125ms ,long,long,V2 long (VCï¿,i,short,no,no,secondary,i,short
6435,pikaari,VCï¿½,LM,a,131,(5) >125ms ,long,long,V2 long (VCï¿,i,short,no,no,secondary,i,short
6436,pikaari,VCï¿½,AG,a,80,(3) 75-100ms,long,long,V2 long (VCï¿,i,short,no,no,secondary,i,short
6437,pikaari,VCï¿½,ST,a,157,(5) >125ms ,long,long,V2 long (VCï¿,i,short,no,no,secondary,i,short
6438,pikaari,VCï¿½,AG,a,161,(5) >125ms ,long,long,V2 long (VCï¿,i,short,no,no,secondary,i,short
6439,pikaari,VCï¿½,LM,a,120,(4) 100-125ms,long,long,V2 long (VCï¿,i,short,no,no,secondary,i,short
6440,pikaari,VCï¿½,LM,a,139,(5) >125ms ,long,long,V2 long (VCï¿,i,short,no,no,secondary,i,short
6441,pikaari,VCï¿½,LM,a,162,(5) >125ms ,long,long,V2 long (VCï¿,i,short,no,no,secondary,i,short
6442,pikaari,VCï¿½,ST,a,131,(5) >125ms ,long,long,V2 long (VCï¿,i,short,no,no,secondary,i,short
6443,pikaari,VCï¿½,AG,a,105,(4) 100-125ms,long,long,V2 long (VCï¿,i,short,no,no,secondary,i,short
6444,pikaari,VCï¿½,EI,a,130,(5) >125ms ,long,long,V2 long (VCï¿,i,short,no,no,secondary,i,short
6445,pliidale,V:CV,AL,a,87,(3) 75-100ms,short,short,V2 short,i,long,no,no,singleton,e,short
6446,pliidale,V:CV,AL,a,65,(2) 50-75ms,short,short,V2 short,i,long,no,no,singleton,e,short
6447,pliidale,V:CV,AL,a,76,(3) 75-100ms,short,short,V2 short,i,long,no,no,singleton,e,short
6448,pliidale,V:CV,AL,a,60,(2) 50-75ms,short,short,V2 short,i,long,no,no,singleton,e,short
6449,pliidale,V:CV,AL,a,81,(3) 75-100ms,short,short,V2 short,i,long,no,no,singleton,e,short
6450,pliittoja,V:C:V,AL,o,76,(3) 75-100ms,short,short,V2 short,i,long,no,no,primary,a,short
6451,pliittoja,V:C:V,LM,o,71,(2) 50-75ms,short,short,V2 short,i,long,no,no,primary,a,short
6452,pliittoja,V:C:V,EI,o,70,(2) 50-75ms,short,short,V2 short,i,long,no,no,primary,a,short
6453,pliittoja,V:C:V,EI,o,65,(2) 50-75ms,short,short,V2 short,i,long,no,no,primary,a,short
6454,pliittoja,V:C:V,LM,o,87,(3) 75-100ms,short,short,V2 short,i,long,no,no,primary,a,short
6455,pliittoja,V:C:V,AL,o,60,(2) 50-75ms,short,short,V2 short,i,long,no,no,primary,a,short
6456,pliittoja,V:C:V,LM,o,69,(2) 50-75ms,short,short,V2 short,i,long,no,no,primary,a,short
6457,pliittoja,V:C:V,AG,o,93,(3) 75-100ms,short,short,V2 short,i,long,no,no,primary,a,short
6458,pliittoja,V:C:V,EI,o,95,(3) 75-100ms,short,short,V2 short,i,long,no,no,primary,a,short
6459,pliittoja,V:C:V,EI,o,78,(3) 75-100ms,short,short,V2 short,i,long,no,no,primary,a,short
6460,pliittoja,V:C:V,AG,o,83,(3) 75-100ms,short,short,V2 short,i,long,no,no,primary,a,short
6461,pliittoja,V:C:V,ST,o,56,(2) 50-75ms,short,short,V2 short,i,long,no,no,primary,a,short
6462,pliittoja,V:C:V,LM,o,73,(2) 50-75ms,short,short,V2 short,i,long,no,no,primary,a,short
6463,pliittoja,V:C:V,AG,o,81,(3) 75-100ms,short,short,V2 short,i,long,no,no,primary,a,short
6464,pliittoja,V:C:V,EI,o,78,(3) 75-100ms,short,short,V2 short,i,long,no,no,primary,a,short
6465,pliittoja,V:C:V,AG,o,64,(2) 50-75ms,short,short,V2 short,i,long,no,no,primary,a,short
6466,pliittoja,V:C:V,EI,o,81,(3) 75-100ms,short,short,V2 short,i,long,no,no,primary,a,short
6467,pliittoja,V:C:V,LM,o,79,(3) 75-100ms,short,short,V2 short,i,long,no,no,primary,a,short
6468,pliittoja,V:C:V,AL,o,64,(2) 50-75ms,short,short,V2 short,i,long,no,no,primary,a,short
6469,pliittoja,V:C:V,LM,o,70,(2) 50-75ms,short,short,V2 short,i,long,no,no,primary,a,short
6470,pliittoja,V:C:V,AL,o,65,(2) 50-75ms,short,short,V2 short,i,long,no,no,primary,a,short
6471,pliittoja,V:C:V,AL,o,64,(2) 50-75ms,short,short,V2 short,i,long,no,no,primary,a,short
6472,pliittoja,V:C:V,AG,o,69,(2) 50-75ms,short,short,V2 short,i,long,no,no,primary,a,short
6473,pliittoja,V:C:V,EI,o,68,(2) 50-75ms,short,short,V2 short,i,long,no,no,primary,a,short
6474,pliittoja,V:C:V,EI,a,145,(5) >125ms ,short,short,V2 short,i,long,no,no,primary,i,short
6475,pliittoja,V:C:V,EI,o,105,(4) 100-125ms,short,short,V2 short,i,long,no,no,primary,a,short
6476,pliittoja,V:C:V,ST,o,69,(2) 50-75ms,short,short,V2 short,i,long,no,no,primary,a,short
6477,pliittoja,V:C:V,AG,o,91,(3) 75-100ms,short,short,V2 short,i,long,no,no,primary,a,short
6478,pliittoja,V:C:V,AL,o,60,(2) 50-75ms,short,short,V2 short,i,long,no,no,primary,a,short
6479,pliittoja,V:C:V,LM,o,92,(3) 75-100ms,short,short,V2 short,i,long,no,no,primary,a,short
6480,pliittoja,V:C:V,AG,o,86,(3) 75-100ms,short,short,V2 short,i,long,no,no,primary,a,short
6481,pliittoja,V:C:V,LM,o,72,(2) 50-75ms,short,short,V2 short,i,long,no,no,primary,a,short
6482,pliittoja,V:C:V,ST,o,62,(2) 50-75ms,short,short,V2 short,i,long,no,no,primary,a,short
6483,pliittoja,V:C:V,EI,o,107,(4) 100-125ms,short,short,V2 short,i,long,no,no,primary,a,short
6484,pliittoja,V:C:V,AL,o,64,(2) 50-75ms,short,short,V2 short,i,long,no,no,primary,a,short
6485,pliittoja,V:C:V,AG,o,78,(3) 75-100ms,short,short,V2 short,i,long,no,no,primary,a,short
6486,pliittoja,V:C:V,AG,o,60,(2) 50-75ms,short,short,V2 short,i,long,no,no,primary,a,short
6487,pliittoja,V:C:V,EI,o,90,(3) 75-100ms,short,short,V2 short,i,long,no,no,primary,a,short
6488,poikiima,V1V2Cï¿½,LM,i,72,(2) 50-75ms,long,short,*V2 long,oi,long,yes,no,secondary,a,short
6489,poikiima,V1V2Cï¿½,LM,i,46,(1) <50ms,long,short,*V2 long,oi,long,yes,no,secondary,a,short
6490,poikiima,V1V2Cï¿½,LM,i,74,(2) 50-75ms,long,short,*V2 long,oi,long,yes,no,secondary,a,short
6491,poikiima,V1V2Cï¿½,LM,i,57,(2) 50-75ms,long,short,*V2 long,oi,long,yes,no,secondary,a,short
6492,praakkaama,V:C:V:,AL,a,72,(2) 50-75ms,long,short,*V2 long,a,long,no,no,primary,a,short
6493,praakkaama,V:C:V:,EI,o,79,(3) 75-100ms,long,short,*V2 long,i,long,no,no,primary,a,short
6494,praakkaama,V:C:V:,LM,a,69,(2) 50-75ms,long,short,*V2 long,a,long,no,no,primary,a,short
6495,praakkaama,V:C:V:,LM,a,68,(2) 50-75ms,long,short,*V2 long,a,long,no,no,primary,a,short
6496,praakkaama,V:C:V:,EI,a,66,(2) 50-75ms,long,short,*V2 long,a,long,no,no,primary,a,short
6497,praakkaama,V:C:V:,AL,a,64,(2) 50-75ms,long,short,*V2 long,a,long,no,no,primary,a,short
6498,praakkaama,V:C:V:,AG,a,129,(5) >125ms ,long,short,*V2 long,a,long,no,no,primary,a,short
6499,praakkaama,V:C:V:,EI,a,67,(2) 50-75ms,long,short,*V2 long,a,long,no,no,primary,a,short
6500,praakkaama,V:C:V:,LM,a,52,(2) 50-75ms,long,short,*V2 long,a,long,no,no,primary,a,short
6501,praakkaama,V:C:V:,EI,a,68,(2) 50-75ms,long,short,*V2 long,a,long,no,no,primary,a,short
6502,praakkaama,V:C:V:,LM,a,77,(3) 75-100ms,long,short,*V2 long,a,long,no,no,primary,a,short
6503,praakkaama,V:C:V:,LM,a,73,(2) 50-75ms,long,short,*V2 long,a,long,no,no,primary,a,short
6504,praakkaama,V:C:V:,LM,a,55,(2) 50-75ms,long,short,*V2 long,a,long,no,no,primary,a,short
6505,praakkaama,V:C:V:,AG,a,115,(4) 100-125ms,long,short,*V2 long,a,long,no,no,primary,a,short
6506,praakkaama,V:C:V:,LM,a,58,(2) 50-75ms,long,short,*V2 long,a,long,no,no,primary,a,short
6507,praakkaama,V:C:V:,AG,a,105,(4) 100-125ms,long,short,*V2 long,a,long,no,no,primary,a,short
6508,praakkaama,V:C:V:,EI,a,66,(2) 50-75ms,long,short,*V2 long,a,long,no,no,primary,a,short
6509,praakkaama,V:C:V:,EI,a,81,(3) 75-100ms,long,short,*V2 long,a,long,no,no,primary,a,short
6510,praakkaama,V:C:V:,EI,a,75,(2) 50-75ms,long,short,*V2 long,a,long,no,no,primary,a,short
6511,praakkaama,V:C:V:,LM,a,64,(2) 50-75ms,long,short,*V2 long,a,long,no,no,primary,a,short
6512,praakkaama,V:C:V:,AG,a,119,(4) 100-125ms,long,short,*V2 long,a,long,no,no,primary,a,short
6513,praakkaama,V:C:V:,EI,a,108,(4) 100-125ms,long,short,*V2 long,a,long,no,no,primary,a,short
6514,praakkaama,V:C:V:,AL,a,73,(2) 50-75ms,long,short,*V2 long,a,long,no,no,primary,a,short
6515,praakkuuma,V:C:V:,ST,u,53,(2) 50-75ms,long,short,*V2 long,a,long,no,no,primary,a,short
6516,praakkuuma,V:C:V:,ST,u,30,(1) <50ms,long,short,*V2 long,a,long,no,no,primary,a,short
6517,praakkuuma,V:C:V:,ST,u,48,(1) <50ms,long,short,*V2 long,a,long,no,no,primary,a,short
6518,praakkuuma,V:C:V:,ST,u,48,(1) <50ms,long,short,*V2 long,a,long,no,no,primary,a,short
6519,praakkuuma,V:C:V:,ST,u,50,(1) <50ms,long,short,*V2 long,a,long,no,no,primary,a,short
6520,praakkuuma,V:C:V:,ST,u,61,(2) 50-75ms,long,short,*V2 long,a,long,no,no,primary,a,short
6521,praakkuuma,V:C:V:,ST,u,40,(1) <50ms,long,short,*V2 long,a,long,no,no,primary,a,short
6522,praakkuuma,V:C:V:,ST,u,42,(1) <50ms,long,short,*V2 long,a,long,no,no,primary,a,short
6523,praakkuuma,V:C:V:,ST,u,58,(2) 50-75ms,long,short,*V2 long,a,long,no,no,primary,a,short
6524,praakkuuma,V:C:V:,ST,u,58,(2) 50-75ms,long,short,*V2 long,a,long,no,no,primary,a,short
6525,praakkuuma,V:C:V:,ST,u,40,(1) <50ms,long,short,*V2 long,a,long,no,no,primary,a,short
6526,praakkuuma,V:C:V:,ST,u,40,(1) <50ms,long,short,*V2 long,a,long,no,no,primary,a,short
6527,praakkuuma,V:C:V:,ST,u,50,(1) <50ms,long,short,*V2 long,a,long,no,no,primary,a,short
6528,praakkuuma,V:C:V:,ST,u,58,(2) 50-75ms,long,short,*V2 long,a,long,no,no,primary,a,short
6529,praakkuuma,V:C:V:,ST,u,30,(1) <50ms,long,short,*V2 long,a,long,no,no,primary,a,short
6530,preetiimA,V:Cï¿½,AL,i,36,(1) <50ms,long,short,*V2 long,e,long,no,no,secondary,A,short
6531,preetiimA,V:Cï¿½,AL,i,53,(2) 50-75ms,long,short,*V2 long,e,long,no,no,secondary,A,short
6532,preetiimA,V:Cï¿½,AL,i,36,(1) <50ms,long,short,*V2 long,e,long,no,no,secondary,A,short
6533,preetiimA,V:Cï¿½,ST,i,50,(1) <50ms,long,short,*V2 long,e,long,no,no,secondary,A,short
6534,pUnkArA,VRCï¿,AL,A,62,(2) 50-75ms,short,short,V2 short,U,short,no,yes,secondary,A,short
6535,pUnkArA,VRCï¿,AL,A,60,(2) 50-75ms,short,short,V2 short,U,short,no,yes,secondary,A,short
6536,puteeli,VCï¿½,EI,e,141,(5) >125ms ,long,long,V2 long (VCï¿,u,short,no,no,secondary,i,short
6537,puteeli,VCï¿½,EI,e,140,(5) >125ms ,long,long,V2 long (VCï¿,u,short,no,no,secondary,i,short
6538,puteeli,VCï¿½,ST,e,101,(4) 100-125ms,long,long,V2 long (VCï¿,u,short,no,no,secondary,i,short
6539,puteeli,VCï¿½,LM,e,116,(4) 100-125ms,long,long,V2 long (VCï¿,u,short,no,no,secondary,i,short
6540,puteeli,VCï¿½,AL,e,116,(4) 100-125ms,long,long,V2 long (VCï¿,u,short,no,no,secondary,i,short
6541,puteeli,VCï¿½,ST,e,96,(3) 75-100ms,long,long,V2 long (VCï¿,u,short,no,no,secondary,i,short
6542,puteeli,VCï¿½,AG,e,176,(5) >125ms ,long,long,V2 long (VCï¿,u,short,no,no,secondary,i,short
6543,puteeli,VCï¿½,LM,e,165,(5) >125ms ,long,long,V2 long (VCï¿,u,short,no,no,secondary,i,short
6544,puteeli,VCï¿½,LM,e,189,(5) >125ms ,long,long,V2 long (VCï¿,u,short,no,no,secondary,i,short
6545,puteeli,VCï¿½,LM,e,115,(4) 100-125ms,long,long,V2 long (VCï¿,u,short,no,no,secondary,i,short
6546,puteeli,VCï¿½,AG,e,147,(5) >125ms ,long,long,V2 long (VCï¿,u,short,no,no,secondary,i,short
6547,puteeli,VCï¿½,ST,e,70,(2) 50-75ms,long,long,V2 long (VCï¿,u,short,no,no,secondary,i,short
6548,puteeli,VCï¿½,LM,e,110,(4) 100-125ms,long,long,V2 long (VCï¿,u,short,no,no,secondary,i,short
6549,puteeli,VCï¿½,AL,e,99,(3) 75-100ms,long,long,V2 long (VCï¿,u,short,no,no,secondary,i,short
6550,puteeli,VCï¿½,AG,e,135,(5) >125ms ,long,long,V2 long (VCï¿,u,short,no,no,secondary,i,short
6551,puteeli,VCï¿½,AL,e,103,(4) 100-125ms,long,long,V2 long (VCï¿,u,short,no,no,secondary,i,short
6552,puteeli,VCï¿½,LM,e,131,(5) >125ms ,long,long,V2 long (VCï¿,u,short,no,no,secondary,i,short
6553,puteeli,VCï¿½,ST,e,119,(4) 100-125ms,long,long,V2 long (VCï¿,u,short,no,no,secondary,i,short
6554,puteeli,VCï¿½,LM,e,136,(5) >125ms ,long,long,V2 long (VCï¿,u,short,no,no,secondary,i,short
6555,puteeli,VCï¿½,AG,e,138,(5) >125ms ,long,long,V2 long (VCï¿,u,short,no,no,secondary,i,short
6556,puteeli,VCï¿½,AG,e,95,(3) 75-100ms,long,long,V2 long (VCï¿,u,short,no,no,secondary,i,short
6557,puteeli,VCï¿½,EI,e,127,(5) >125ms ,long,long,V2 long (VCï¿,u,short,no,no,secondary,i,short
6558,puteeli,VCï¿½,AG,e,132,(5) >125ms ,long,long,V2 long (VCï¿,u,short,no,no,secondary,i,short
6559,puteeli,VCï¿½,AL,e,86,(3) 75-100ms,long,long,V2 long (VCï¿,u,short,no,no,secondary,i,short
6560,puteeli,VCï¿½,AG,e,144,(5) >125ms ,long,long,V2 long (VCï¿,u,short,no,no,secondary,i,short
6561,puteeli,VCï¿½,EI,e,97,(3) 75-100ms,long,long,V2 long (VCï¿,u,short,no,no,secondary,i,short
6562,puteeli,VCï¿½,AL,e,83,(3) 75-100ms,long,long,V2 long (VCï¿,u,short,no,no,secondary,i,short
6563,puteeli,VCï¿½,EI,e,146,(5) >125ms ,long,long,V2 long (VCï¿,u,short,no,no,secondary,i,short
6564,puteeli,VCï¿½,EI,e,161,(5) >125ms ,long,long,V2 long (VCï¿,u,short,no,no,secondary,i,short
6565,puteeli,VCï¿½,AL,e,100,(3) 75-100ms,long,long,V2 long (VCï¿,u,short,no,no,secondary,i,short
6566,puteeli,VCï¿½,AL,e,93,(3) 75-100ms,long,long,V2 long (VCï¿,u,short,no,no,secondary,i,short
6567,puukkoja,V:C:V,EI,o,65,(2) 50-75ms,short,short,V2 short,u,long,no,no,primary,a,short
6568,puukkoja,V:C:V,LM,o,60,(2) 50-75ms,short,short,V2 short,u,long,no,no,primary,a,short
6569,puukkoja,V:C:V,EI,o,64,(2) 50-75ms,short,short,V2 short,u,long,no,no,primary,a,short
6570,puukkoja,V:C:V,EI,e,167,(5) >125ms ,short,short,V2 short,u,long,no,no,primary,i,short
6571,puukkoja,V:C:V,EI,o,70,(2) 50-75ms,short,short,V2 short,u,long,no,no,primary,a,short
6572,puukkoja,V:C:V,ST,o,71,(2) 50-75ms,short,short,V2 short,u,long,no,no,primary,a,short
6573,puukkoja,V:C:V,AG,o,72,(2) 50-75ms,short,short,V2 short,u,long,no,no,primary,a,short
6574,puukkoja,V:C:V,ST,o,50,(1) <50ms,short,short,V2 short,u,long,no,no,primary,a,short
6575,puukkoja,V:C:V,AL,o,69,(2) 50-75ms,short,short,V2 short,u,long,no,no,primary,a,short
6576,puukkoja,V:C:V,AL,o,54,(2) 50-75ms,short,short,V2 short,u,long,no,no,primary,a,short
6577,puukkoja,V:C:V,EI,o,96,(3) 75-100ms,short,short,V2 short,u,long,no,no,primary,a,short
6578,puukkoja,V:C:V,AG,o,94,(3) 75-100ms,short,short,V2 short,u,long,no,no,primary,a,short
6579,puukkoja,V:C:V,AG,o,66,(2) 50-75ms,short,short,V2 short,u,long,no,no,primary,a,short
6580,puukkoja,V:C:V,EI,o,91,(3) 75-100ms,short,short,V2 short,u,long,no,no,primary,a,short
6581,puukkoja,V:C:V,ST,o,59,(2) 50-75ms,short,short,V2 short,u,long,no,no,primary,a,short
6582,puukkoja,V:C:V,AG,o,57,(2) 50-75ms,short,short,V2 short,u,long,no,no,primary,a,short
6583,puukkoja,V:C:V,AL,o,71,(2) 50-75ms,short,short,V2 short,u,long,no,no,primary,a,short
6584,puukkoja,V:C:V,AG,o,71,(2) 50-75ms,short,short,V2 short,u,long,no,no,primary,a,short
6585,puukkoja,V:C:V,AL,o,61,(2) 50-75ms,short,short,V2 short,u,long,no,no,primary,a,short
6586,puukkoja,V:C:V,LM,o,70,(2) 50-75ms,short,short,V2 short,u,long,no,no,primary,a,short
6587,puukkoja,V:C:V,LM,o,60,(2) 50-75ms,short,short,V2 short,u,long,no,no,primary,a,short
6588,puukkoja,V:C:V,ST,o,62,(2) 50-75ms,short,short,V2 short,u,long,no,no,primary,a,short
6589,puukkoja,V:C:V,LM,o,80,(3) 75-100ms,short,short,V2 short,u,long,no,no,primary,a,short
6590,puukkoja,V:C:V,AG,o,84,(3) 75-100ms,short,short,V2 short,u,long,no,no,primary,a,short
6591,puukkoja,V:C:V,LM,o,69,(2) 50-75ms,short,short,V2 short,u,long,no,no,primary,a,short
6592,puukkoja,V:C:V,LM,o,106,(4) 100-125ms,short,short,V2 short,u,long,no,no,primary,a,short
6593,puukkoja,V:C:V,EI,o,66,(2) 50-75ms,short,short,V2 short,u,long,no,no,primary,a,short
6594,puukkoja,V:C:V,AL,o,68,(2) 50-75ms,short,short,V2 short,u,long,no,no,primary,a,short
6595,puukkoja,V:C:V,AL,o,68,(2) 50-75ms,short,short,V2 short,u,long,no,no,primary,a,short
6596,puukkoja,V:C:V,AG,o,80,(3) 75-100ms,short,short,V2 short,u,long,no,no,primary,a,short
6597,puukkoja,V:C:V,AL,o,54,(2) 50-75ms,short,short,V2 short,u,long,no,no,primary,a,short
6598,puukkoja,V:C:V,LM,o,84,(3) 75-100ms,short,short,V2 short,u,long,no,no,primary,a,short
6599,puukkoja,V:C:V,LM,o,41,(1) <50ms,short,short,V2 short,u,long,no,no,primary,a,short
6600,puukkoja,V:C:V,AG,o,59,(2) 50-75ms,short,short,V2 short,u,long,no,no,primary,a,short
6601,riitele,V:Cï¿,ST,e,42,(1) <50ms,short,short,V2 short,i,long,no,no,secondary,e,short
6602,riitele,V:Cï¿,ST,e,70,(2) 50-75ms,short,short,V2 short,i,long,no,no,secondary,e,short
6603,riitele,V:Cï¿,ST,e,51,(2) 50-75ms,short,short,V2 short,i,long,no,no,secondary,e,short
6604,riitele,V:Cï¿,LM,e,51,(2) 50-75ms,short,short,V2 short,i,long,no,no,secondary,e,short
6605,riitele,V:Cï¿,EI,e,70,(2) 50-75ms,short,short,V2 short,i,long,no,no,secondary,e,short
6606,riitele,V:Cï¿,ST,e,54,(2) 50-75ms,short,short,V2 short,i,long,no,no,secondary,e,short
6607,riitele,V:Cï¿,ST,e,50,(1) <50ms,short,short,V2 short,i,long,no,no,secondary,e,short
6608,riitele,V:Cï¿,LM,e,64,(2) 50-75ms,short,short,V2 short,i,long,no,no,secondary,e,short
6609,riitele,V:Cï¿,ST,e,62,(2) 50-75ms,short,short,V2 short,i,long,no,no,secondary,e,short
6610,riitele,V:Cï¿,LM,e,62,(2) 50-75ms,short,short,V2 short,i,long,no,no,secondary,e,short
6611,riitele,V:Cï¿,AG,e,65,(2) 50-75ms,short,short,V2 short,i,long,no,no,secondary,e,short
6612,riitele,V:Cï¿,AG,e,64,(2) 50-75ms,short,short,V2 short,i,long,no,no,secondary,e,short
6613,riitele,V:Cï¿,AG,e,70,(2) 50-75ms,short,short,V2 short,i,long,no,no,secondary,e,short
6614,riitele,V:Cï¿,ST,e,64,(2) 50-75ms,short,short,V2 short,i,long,no,no,secondary,e,short
6615,riitele,V:Cï¿,ST,e,61,(2) 50-75ms,short,short,V2 short,i,long,no,no,secondary,e,short
6616,riitele,V:Cï¿,LM,e,89,(3) 75-100ms,short,short,V2 short,i,long,no,no,secondary,e,short
6617,riitele,V:Cï¿,EI,e,63,(2) 50-75ms,short,short,V2 short,i,long,no,no,secondary,e,short
6618,riitele,V:Cï¿,LM,e,58,(2) 50-75ms,short,short,V2 short,i,long,no,no,secondary,e,short
6619,riitele,V:Cï¿,ST,e,70,(2) 50-75ms,short,short,V2 short,i,long,no,no,secondary,e,short
6620,riitele,V:Cï¿,ST,e,64,(2) 50-75ms,short,short,V2 short,i,long,no,no,secondary,e,short
6621,riitele,V:Cï¿,ST,e,74,(2) 50-75ms,short,short,V2 short,i,long,no,no,secondary,e,short
6622,riitele,V:Cï¿,EI,e,60,(2) 50-75ms,short,short,V2 short,i,long,no,no,secondary,e,short
6623,riitele,V:Cï¿,LM,e,60,(2) 50-75ms,short,short,V2 short,i,long,no,no,secondary,e,short
6624,riitele,V:Cï¿,LM,e,77,(3) 75-100ms,short,short,V2 short,i,long,no,no,secondary,e,short
6625,riitele,V:Cï¿,ST,e,56,(2) 50-75ms,short,short,V2 short,i,long,no,no,secondary,e,short
6626,riitele,V:Cï¿,AL,e,45,(1) <50ms,short,short,V2 short,i,long,no,no,secondary,e,short
6627,riitele,V:Cï¿,ST,e,50,(1) <50ms,short,short,V2 short,i,long,no,no,secondary,e,short
6628,riitele,V:Cï¿,EI,e,73,(2) 50-75ms,short,short,V2 short,i,long,no,no,secondary,e,short
6629,riitele,V:Cï¿,ST,e,61,(2) 50-75ms,short,short,V2 short,i,long,no,no,secondary,e,short
6630,riitele,V:Cï¿,EI,e,80,(3) 75-100ms,short,short,V2 short,i,long,no,no,secondary,e,short
6631,riitele,V:Cï¿,EI,e,69,(2) 50-75ms,short,short,V2 short,i,long,no,no,secondary,e,short
6632,riitele,V:Cï¿,EI,e,57,(2) 50-75ms,short,short,V2 short,i,long,no,no,secondary,e,short
6633,riitele,V:Cï¿,EI,e,68,(2) 50-75ms,short,short,V2 short,i,long,no,no,secondary,e,short
6634,riitele,V:Cï¿,AL,e,49,(1) <50ms,short,short,V2 short,i,long,no,no,secondary,e,short
6635,riitele,V:Cï¿,AL,e,53,(2) 50-75ms,short,short,V2 short,i,long,no,no,secondary,e,short
6636,saadama,V:CV,ST,a,53,(2) 50-75ms,short,short,V2 short,a,long,no,no,singleton,a,short
6637,saadama,V:CV,EI,a,57,(2) 50-75ms,short,short,V2 short,a,long,no,no,singleton,a,short
6638,saadama,V:CV,AL,a,60,(2) 50-75ms,short,short,V2 short,a,long,no,no,singleton,a,short
6639,saadama,V:CV,ST,a,62,(2) 50-75ms,short,short,V2 short,a,long,no,no,singleton,a,short
6640,saadama,V:CV,ST,a,63,(2) 50-75ms,short,short,V2 short,a,long,no,no,singleton,a,short
6641,saadama,V:CV,ST,a,62,(2) 50-75ms,short,short,V2 short,a,long,no,no,singleton,a,short
6642,saadama,V:CV,AL,a,57,(2) 50-75ms,short,short,V2 short,a,long,no,no,singleton,a,short
6643,saadama,V:CV,AL,a,60,(2) 50-75ms,short,short,V2 short,a,long,no,no,singleton,a,short
6644,saadama,V:CV,ST,a,46,(1) <50ms,short,short,V2 short,a,long,no,no,singleton,a,short
6645,saadama,V:CV,ST,a,46,(1) <50ms,short,short,V2 short,a,long,no,no,singleton,a,short
6646,saadama,V:CV,AL,a,38,(1) <50ms,short,short,V2 short,a,long,no,no,singleton,a,short
6647,saadama,V:CV,AL,a,54,(2) 50-75ms,short,short,V2 short,a,long,no,no,singleton,a,short
6648,saadama,V:CV,AG,a,66,(2) 50-75ms,short,short,V2 short,a,long,no,no,singleton,a,short
6649,saadama,V:CV,AG,a,61,(2) 50-75ms,short,short,V2 short,a,long,no,no,singleton,a,short
6650,saadama,V:CV,LM,a,63,(2) 50-75ms,short,short,V2 short,a,long,no,no,singleton,a,short
6651,saadama,V:CV,EI,a,61,(2) 50-75ms,short,short,V2 short,a,long,no,no,singleton,a,short
6652,saadama,V:CV,AL,a,56,(2) 50-75ms,short,short,V2 short,a,long,no,no,singleton,a,short
6653,saadama,V:CV,AL,a,53,(2) 50-75ms,short,short,V2 short,a,long,no,no,singleton,a,short
6654,saadama,V:CV,EI,a,103,(4) 100-125ms,short,short,V2 short,a,long,no,no,singleton,a,short
6655,saadama,V:CV,EI,a,58,(2) 50-75ms,short,short,V2 short,a,long,no,no,singleton,a,short
6656,saadama,V:CV,EI,a,58,(2) 50-75ms,short,short,V2 short,a,long,no,no,singleton,a,short
6657,saadama,V:CV,AG,a,62,(2) 50-75ms,short,short,V2 short,a,long,no,no,singleton,a,short
6658,saadama,V:CV,LM,a,73,(2) 50-75ms,short,short,V2 short,a,long,no,no,singleton,a,short
6659,saadama,V:CV,LM,a,52,(2) 50-75ms,short,short,V2 short,a,long,no,no,singleton,a,short
6660,saadama,V:CV,EI,a,66,(2) 50-75ms,short,short,V2 short,a,long,no,no,singleton,a,short
6661,saadama,V:CV,ST,a,62,(2) 50-75ms,short,short,V2 short,a,long,no,no,singleton,a,short
6662,saadama,V:CV,ST,a,62,(2) 50-75ms,short,short,V2 short,a,long,no,no,singleton,a,short
6663,saadama,V:CV,EI,a,98,(3) 75-100ms,short,short,V2 short,a,long,no,no,singleton,a,short
6664,saadama,V:CV,EI,a,60,(2) 50-75ms,short,short,V2 short,a,long,no,no,singleton,a,short
6665,saattaja,V:C:V,AL,a,61,(2) 50-75ms,short,short,V2 short,a,long,no,no,primary,a,short
6666,saattaja,V:C:V,AL,a,60,(2) 50-75ms,short,short,V2 short,a,long,no,no,primary,a,short
6667,saattaja,V:C:V,AG,a,69,(2) 50-75ms,short,short,V2 short,a,long,no,no,primary,a,short
6668,saattaja,V:C:V,AG,a,77,(3) 75-100ms,short,short,V2 short,a,long,no,no,primary,a,short
6669,saattaja,V:C:V,AL,a,65,(2) 50-75ms,short,short,V2 short,a,long,no,no,primary,a,short
6670,saattaja,V:C:V,AG,a,80,(3) 75-100ms,short,short,V2 short,a,long,no,no,primary,a,short
6671,saattaja,V:C:V,AG,a,80,(3) 75-100ms,short,short,V2 short,a,long,no,no,primary,a,short
6672,saattaja,V:C:V,LM,a,70,(2) 50-75ms,short,short,V2 short,a,long,no,no,primary,a,short
6673,saattaja,V:C:V,LM,a,54,(2) 50-75ms,short,short,V2 short,a,long,no,no,primary,a,short
6674,saattaja,V:C:V,AG,a,80,(3) 75-100ms,short,short,V2 short,a,long,no,no,primary,a,short
6675,saattaja,V:C:V,AG,a,82,(3) 75-100ms,short,short,V2 short,a,long,no,no,primary,a,short
6676,saattaja,V:C:V,LM,a,58,(2) 50-75ms,short,short,V2 short,a,long,no,no,primary,a,short
6677,saattaja,V:C:V,LM,a,68,(2) 50-75ms,short,short,V2 short,a,long,no,no,primary,a,short
6678,saattaja,V:C:V,AL,a,50,(1) <50ms,short,short,V2 short,a,long,no,no,primary,a,short
6679,saattaja,V:C:V,AL,a,60,(2) 50-75ms,short,short,V2 short,a,long,no,no,primary,a,short
6680,saattaja,V:C:V,EI,a,77,(3) 75-100ms,short,short,V2 short,a,long,no,no,primary,a,short
6681,saattaja,V:C:V,EI,a,80,(3) 75-100ms,short,short,V2 short,a,long,no,no,primary,a,short
6682,saattaja,V:C:V,EI,a,65,(2) 50-75ms,short,short,V2 short,a,long,no,no,primary,a,short
6683,saattaja,V:C:V,EI,a,87,(3) 75-100ms,short,short,V2 short,a,long,no,no,primary,a,short
6684,saattaja,V:C:V,EI,a,90,(3) 75-100ms,short,short,V2 short,a,long,no,no,primary,a,short
6685,saattaja,V:C:V,AG,a,70,(2) 50-75ms,short,short,V2 short,a,long,no,no,primary,a,short
6686,saattaja,V:C:V,EI,a,74,(2) 50-75ms,short,short,V2 short,a,long,no,no,primary,a,short
6687,saattaja,V:C:V,ST,a,59,(2) 50-75ms,short,short,V2 short,a,long,no,no,primary,a,short
6688,saattaja,V:C:V,EI,a,90,(3) 75-100ms,short,short,V2 short,a,long,no,no,primary,a,short
6689,saattaja,V:C:V,ST,a,50,(1) <50ms,short,short,V2 short,a,long,no,no,primary,a,short
6690,saattaja,V:C:V,LM,a,60,(2) 50-75ms,short,short,V2 short,a,long,no,no,primary,a,short
6691,saattaja,V:C:V,EI,a,90,(3) 75-100ms,short,short,V2 short,a,long,no,no,primary,a,short
6692,saattaja,V:C:V,EI,a,91,(3) 75-100ms,short,short,V2 short,a,long,no,no,primary,a,short
6693,saattaja,V:C:V,EI,a,101,(4) 100-125ms,short,short,V2 short,a,long,no,no,primary,a,short
6694,saattaja,V:C:V,LM,a,47,(1) <50ms,short,short,V2 short,a,long,no,no,primary,a,short
6695,saattaja,V:C:V,EI,a,80,(3) 75-100ms,short,short,V2 short,a,long,no,no,primary,a,short
6696,saattaja,V:C:V,AL,a,60,(2) 50-75ms,short,short,V2 short,a,long,no,no,primary,a,short
6697,saattaja,V:C:V,ST,a,84,(3) 75-100ms,short,short,V2 short,a,long,no,no,primary,a,short
6698,saattaja,V:C:V,AL,a,40,(1) <50ms,short,short,V2 short,a,long,no,no,primary,a,short
6699,siikoja,V:Cï¿,LM,o,55,(2) 50-75ms,short,short,V2 short,i,long,no,no,secondary,a,short
6700,siikoja,V:Cï¿,EI,o,76,(3) 75-100ms,short,short,V2 short,i,long,no,no,secondary,a,short
6701,siikoja,V:Cï¿,EI,o,73,(2) 50-75ms,short,short,V2 short,i,long,no,no,secondary,a,short
6702,siikoja,V:Cï¿,EI,o,101,(4) 100-125ms,short,short,V2 short,i,long,no,no,secondary,a,short
6703,siikoja,V:Cï¿,LM,o,66,(2) 50-75ms,short,short,V2 short,i,long,no,no,secondary,a,short
6704,siikoja,V:Cï¿,AL,o,36,(1) <50ms,short,short,V2 short,i,long,no,no,secondary,a,short
6705,siikoja,V:Cï¿,AL,o,60,(2) 50-75ms,short,short,V2 short,i,long,no,no,secondary,a,short
6706,siikoja,V:Cï¿,EI,o,101,(4) 100-125ms,short,short,V2 short,i,long,no,no,secondary,a,short
6707,siikoja,V:Cï¿,AG,o,59,(2) 50-75ms,short,short,V2 short,i,long,no,no,secondary,a,short
6708,siikoja,V:Cï¿,AL,o,71,(2) 50-75ms,short,short,V2 short,i,long,no,no,secondary,a,short
6709,siikoja,V:Cï¿,LM,o,73,(2) 50-75ms,short,short,V2 short,i,long,no,no,secondary,a,short
6710,siikoja,V:Cï¿,AL,o,75,(2) 50-75ms,short,short,V2 short,i,long,no,no,secondary,a,short
6711,siikoja,V:Cï¿,ST,o,57,(2) 50-75ms,short,short,V2 short,i,long,no,no,secondary,a,short
6712,siikoja,V:Cï¿,AG,o,70,(2) 50-75ms,short,short,V2 short,i,long,no,no,secondary,a,short
6713,siikoja,V:Cï¿,EI,o,78,(3) 75-100ms,short,short,V2 short,i,long,no,no,secondary,a,short
6714,siikoja,V:Cï¿,LM,o,40,(1) <50ms,short,short,V2 short,i,long,no,no,secondary,a,short
6715,siikoja,V:Cï¿,AL,o,58,(2) 50-75ms,short,short,V2 short,i,long,no,no,secondary,a,short
6716,siikoja,V:Cï¿,AL,o,70,(2) 50-75ms,short,short,V2 short,i,long,no,no,secondary,a,short
6717,siikoja,V:Cï¿,ST,o,66,(2) 50-75ms,short,short,V2 short,i,long,no,no,secondary,a,short
6718,siikoja,V:Cï¿,AG,o,76,(3) 75-100ms,short,short,V2 short,i,long,no,no,secondary,a,short
6719,siikoja,V:Cï¿,EI,o,93,(3) 75-100ms,short,short,V2 short,i,long,no,no,secondary,a,short
6720,siikoja,V:Cï¿,AG,o,75,(2) 50-75ms,short,short,V2 short,i,long,no,no,secondary,a,short
6721,siikoja,V:Cï¿,AG,o,78,(3) 75-100ms,short,short,V2 short,i,long,no,no,secondary,a,short
6722,siikoja,V:Cï¿,LM,o,53,(2) 50-75ms,short,short,V2 short,i,long,no,no,secondary,a,short
6723,siikoja,V:Cï¿,AL,o,48,(1) <50ms,short,short,V2 short,i,long,no,no,secondary,a,short
6724,siikoja,V:Cï¿,ST,o,60,(2) 50-75ms,short,short,V2 short,i,long,no,no,secondary,a,short
6725,siikoja,V:Cï¿,EI,o,93,(3) 75-100ms,short,short,V2 short,i,long,no,no,secondary,a,short
6726,siikoja,V:Cï¿,AG,o,92,(3) 75-100ms,short,short,V2 short,i,long,no,no,secondary,a,short
6727,siikoja,V:Cï¿,EI,o,79,(3) 75-100ms,short,short,V2 short,i,long,no,no,secondary,a,short
6728,siikoja,V:Cï¿,AL,o,58,(2) 50-75ms,short,short,V2 short,i,long,no,no,secondary,a,short
6729,siikoja,V:Cï¿,AL,o,67,(2) 50-75ms,short,short,V2 short,i,long,no,no,secondary,a,short
6730,siikoja,V:Cï¿,EI,o,73,(2) 50-75ms,short,short,V2 short,i,long,no,no,secondary,a,short
6731,siikoja,V:Cï¿,AG,o,69,(2) 50-75ms,short,short,V2 short,i,long,no,no,secondary,a,short
6732,soidama,V1V2CV,EI,a,81,(3) 75-100ms,short,short,V2 short,oi,long,yes,no,singleton,a,short
6733,soidama,V1V2CV,EI,a,51,(2) 50-75ms,short,short,V2 short,oi,long,yes,no,singleton,a,short
6734,soidama,V1V2CV,LM,a,73,(2) 50-75ms,short,short,V2 short,oi,long,yes,no,singleton,a,short
6735,soidama,V1V2CV,LM,a,27,(1) <50ms,short,short,V2 short,oi,long,yes,no,singleton,a,short
6736,soidama,V1V2CV,EI,a,46,(1) <50ms,short,short,V2 short,oi,long,yes,no,singleton,a,short
6737,soidama,V1V2CV,EI,a,55,(2) 50-75ms,short,short,V2 short,oi,long,yes,no,singleton,a,short
6738,soidama,V1V2CV,AL,a,56,(2) 50-75ms,short,short,V2 short,oi,long,yes,no,singleton,a,short
6739,soidama,V1V2CV,AG,a,105,(4) 100-125ms,short,short,V2 short,oi,long,yes,no,singleton,a,short
6740,soidama,V1V2CV,EI,a,78,(3) 75-100ms,short,short,V2 short,oi,long,yes,no,singleton,a,short
6741,soidama,V1V2CV,EI,a,62,(2) 50-75ms,short,short,V2 short,oi,long,yes,no,singleton,a,short
6742,soidama,V1V2CV,AL,a,79,(3) 75-100ms,short,short,V2 short,oi,long,yes,no,singleton,a,short
6743,soidama,V1V2CV,LM,a,50,(1) <50ms,short,short,V2 short,oi,long,yes,no,singleton,a,short
6744,soidama,V1V2CV,EI,a,69,(2) 50-75ms,short,short,V2 short,oi,long,yes,no,singleton,a,short
6745,soidama,V1V2CV,AL,a,61,(2) 50-75ms,short,short,V2 short,oi,long,yes,no,singleton,a,short
6746,soidama,V1V2CV,AG,a,94,(3) 75-100ms,short,short,V2 short,oi,long,yes,no,singleton,a,short
6747,soidama,V1V2CV,AL,a,48,(1) <50ms,short,short,V2 short,oi,long,yes,no,singleton,a,short
6748,soidama,V1V2CV,EI,a,64,(2) 50-75ms,short,short,V2 short,oi,long,yes,no,singleton,a,short
6749,soidama,V1V2CV,LM,a,60,(2) 50-75ms,short,short,V2 short,oi,long,yes,no,singleton,a,short
6750,soidama,V1V2CV,AL,a,53,(2) 50-75ms,short,short,V2 short,oi,long,yes,no,singleton,a,short
6751,soidama,V1V2CV,AL,a,41,(1) <50ms,short,short,V2 short,oi,long,yes,no,singleton,a,short
6752,soidama,V1V2CV,AL,a,55,(2) 50-75ms,short,short,V2 short,oi,long,yes,no,singleton,a,short
6753,soidama,V1V2CV,AL,a,58,(2) 50-75ms,short,short,V2 short,oi,long,yes,no,singleton,a,short
6754,soidama,V1V2CV,AG,a,95,(3) 75-100ms,short,short,V2 short,oi,long,yes,no,singleton,a,short
6755,soikkola,V1V2C:V,ST,o,58,(2) 50-75ms,short,short,V2 short,oi,long,yes,no,primary,a,short
6756,soikkola,V1V2C:V,EI,o,69,(2) 50-75ms,short,short,V2 short,oi,long,yes,no,primary,a,short
6757,soikkola,V1V2C:V,ST,o,66,(2) 50-75ms,short,short,V2 short,oi,long,yes,no,primary,a,short
6758,soikkola,V1V2C:V,LM,o,54,(2) 50-75ms,short,short,V2 short,oi,long,yes,no,primary,a,short
6759,soikkola,V1V2C:V,AG,o,72,(2) 50-75ms,short,short,V2 short,oi,long,yes,no,primary,a,short
6760,soikkola,V1V2C:V,EI,o,65,(2) 50-75ms,short,short,V2 short,oi,long,yes,no,primary,a,short
6761,soikkola,V1V2C:V,LM,o,68,(2) 50-75ms,short,short,V2 short,oi,long,yes,no,primary,a,short
6762,soikkola,V1V2C:V,AL,o,49,(1) <50ms,short,short,V2 short,oi,long,yes,no,primary,a,short
6763,soikkola,V1V2C:V,AG,o,39,(1) <50ms,short,short,V2 short,oi,long,yes,no,primary,a,short
6764,soikkola,V1V2C:V,LM,o,55,(2) 50-75ms,short,short,V2 short,oi,long,yes,no,primary,a,short
6765,soikkola,V1V2C:V,AG,o,74,(2) 50-75ms,short,short,V2 short,oi,long,yes,no,primary,a,short
6766,soikkola,V1V2C:V,AG,o,49,(1) <50ms,short,short,V2 short,oi,long,yes,no,primary,a,short
6767,soikkola,V1V2C:V,AL,o,57,(2) 50-75ms,short,short,V2 short,oi,long,yes,no,primary,a,short
6768,soikkola,V1V2C:V,LM,o,52,(2) 50-75ms,short,short,V2 short,oi,long,yes,no,primary,a,short
6769,soikkola,V1V2C:V,EI,o,74,(2) 50-75ms,short,short,V2 short,oi,long,yes,no,primary,a,short
6770,soikkola,V1V2C:V,LM,o,54,(2) 50-75ms,short,short,V2 short,oi,long,yes,no,primary,a,short
6771,soikkola,V1V2C:V,AG,o,73,(2) 50-75ms,short,short,V2 short,oi,long,yes,no,primary,a,short
6772,soikkola,V1V2C:V,ST,o,48,(1) <50ms,short,short,V2 short,oi,long,yes,no,primary,a,short
6773,soikkola,V1V2C:V,AL,o,49,(1) <50ms,short,short,V2 short,oi,long,yes,no,primary,a,short
6774,soikkola,V1V2C:V,EI,o,68,(2) 50-75ms,short,short,V2 short,oi,long,yes,no,primary,a,short
6775,soikkola,V1V2C:V,AG,o,59,(2) 50-75ms,short,short,V2 short,oi,long,yes,no,primary,a,short
6776,soikkola,V1V2C:V,AG,o,56,(2) 50-75ms,short,short,V2 short,oi,long,yes,no,primary,a,short
6777,soikkola,V1V2C:V,LM,o,91,(3) 75-100ms,short,short,V2 short,oi,long,yes,no,primary,a,short
6778,soikkola,V1V2C:V,ST,o,78,(3) 75-100ms,short,short,V2 short,oi,long,yes,no,primary,a,short
6779,soikkola,V1V2C:V,LM,o,69,(2) 50-75ms,short,short,V2 short,oi,long,yes,no,primary,a,short
6780,soikkola,V1V2C:V,ST,o,59,(2) 50-75ms,short,short,V2 short,oi,long,yes,no,primary,a,short
6781,soikkola,V1V2C:V,AL,o,53,(2) 50-75ms,short,short,V2 short,oi,long,yes,no,primary,a,short
6782,soikkola,V1V2C:V,AL,o,60,(2) 50-75ms,short,short,V2 short,oi,long,yes,no,primary,a,short
6783,soikkola,V1V2C:V,EI,o,64,(2) 50-75ms,short,short,V2 short,oi,long,yes,no,primary,a,short
6784,soikkola,V1V2C:V,EI,o,60,(2) 50-75ms,short,short,V2 short,oi,long,yes,no,primary,a,short
6785,soikkola,V1V2C:V,ST,o,49,(1) <50ms,short,short,V2 short,oi,long,yes,no,primary,a,short
6786,soikkola,V1V2C:V,ST,o,45,(1) <50ms,short,short,V2 short,oi,long,yes,no,primary,a,short
6787,soikkola,V1V2C:V,AL,o,50,(1) <50ms,short,short,V2 short,oi,long,yes,no,primary,a,short
6788,soikkola,V1V2C:V,EI,o,69,(2) 50-75ms,short,short,V2 short,oi,long,yes,no,primary,a,short
6789,soikkola,V1V2C:V,AL,o,59,(2) 50-75ms,short,short,V2 short,oi,long,yes,no,primary,a,short
6790,solkkaama,VRC:V:,LM,a,63,(2) 50-75ms,long,short,*V2 long,o,short,no,yes,primary,a,short
6791,solkkaama,VRC:V:,EI,a,95,(3) 75-100ms,long,short,*V2 long,o,short,no,yes,primary,a,short
6792,solkkaama,VRC:V:,EI,a,84,(3) 75-100ms,long,short,*V2 long,o,short,no,yes,primary,a,short
6793,solkkaama,VRC:V:,LM,a,65,(2) 50-75ms,long,short,*V2 long,o,short,no,yes,primary,a,short
6794,solkkaama,VRC:V:,LM,a,55,(2) 50-75ms,long,short,*V2 long,o,short,no,yes,primary,a,short
6795,solkkaama,VRC:V:,LM,a,60,(2) 50-75ms,long,short,*V2 long,o,short,no,yes,primary,a,short
6796,solkkaama,VRC:V:,EI,a,65,(2) 50-75ms,long,short,*V2 long,o,short,no,yes,primary,a,short
6797,solkkaama,VRC:V:,AG,a,120,(4) 100-125ms,long,short,*V2 long,o,short,no,yes,primary,a,short
6798,solkkaama,VRC:V:,EI,a,77,(3) 75-100ms,long,short,*V2 long,o,short,no,yes,primary,a,short
6799,solkkaama,VRC:V:,ST,a,58,(2) 50-75ms,long,short,*V2 long,o,short,no,yes,primary,a,short
6800,solkkaama,VRC:V:,AG,a,157,(5) >125ms ,long,short,*V2 long,o,short,no,yes,primary,a,short
6801,solkkaama,VRC:V:,AG,a,94,(3) 75-100ms,long,short,*V2 long,o,short,no,yes,primary,a,short
6802,solkkaama,VRC:V:,AG,a,70,(2) 50-75ms,long,short,*V2 long,o,short,no,yes,primary,a,short
6803,solkkaama,VRC:V:,EI,a,102,(4) 100-125ms,long,short,*V2 long,o,short,no,yes,primary,a,short
6804,solkkaama,VRC:V:,AG,a,101,(4) 100-125ms,long,short,*V2 long,o,short,no,yes,primary,a,short
6805,solkkaama,VRC:V:,AL,a,69,(2) 50-75ms,long,short,*V2 long,o,short,no,yes,primary,a,short
6806,solkkaama,VRC:V:,AL,a,64,(2) 50-75ms,long,short,*V2 long,o,short,no,yes,primary,a,short
6807,solkkaama,VRC:V:,ST,a,51,(2) 50-75ms,long,short,*V2 long,o,short,no,yes,primary,a,short
6808,solkkaama,VRC:V:,LM,a,73,(2) 50-75ms,long,short,*V2 long,o,short,no,yes,primary,a,short
6809,solkkaama,VRC:V:,AL,a,43,(1) <50ms,long,short,*V2 long,o,short,no,yes,primary,a,short
6810,solkkaama,VRC:V:,AG,a,132,(5) >125ms ,long,short,*V2 long,o,short,no,yes,primary,a,short
6811,solkkaama,VRC:V:,LM,a,51,(2) 50-75ms,long,short,*V2 long,o,short,no,yes,primary,a,short
6812,solkkaama,VRC:V:,AL,a,60,(2) 50-75ms,long,short,*V2 long,o,short,no,yes,primary,a,short
6813,solkkaama,VRC:V:,AL,a,53,(2) 50-75ms,long,short,*V2 long,o,short,no,yes,primary,a,short
6814,solkkaama,VRC:V:,LM,a,65,(2) 50-75ms,long,short,*V2 long,o,short,no,yes,primary,a,short
6815,solkkaama,VRC:V:,AL,a,80,(3) 75-100ms,long,short,*V2 long,o,short,no,yes,primary,a,short
6816,solkkaama,VRC:V:,ST,a,48,(1) <50ms,long,short,*V2 long,o,short,no,yes,primary,a,short
6817,solkkaama,VRC:V:,AG,a,107,(4) 100-125ms,long,short,*V2 long,o,short,no,yes,primary,a,short
6818,solkkaama,VRC:V:,AL,a,74,(2) 50-75ms,long,short,*V2 long,o,short,no,yes,primary,a,short
6819,solkkaama,VRC:V:,EI,a,77,(3) 75-100ms,long,short,*V2 long,o,short,no,yes,primary,a,short
6820,solkkaama,VRC:V:,ST,a,51,(2) 50-75ms,long,short,*V2 long,o,short,no,yes,primary,a,short
6821,solkkaama,VRC:V:,ST,a,40,(1) <50ms,long,short,*V2 long,o,short,no,yes,primary,a,short
6822,solkkaama,VRC:V:,LM,a,69,(2) 50-75ms,long,short,*V2 long,o,short,no,yes,primary,a,short
6823,solkkaama,VRC:V:,EI,a,89,(3) 75-100ms,long,short,*V2 long,o,short,no,yes,primary,a,short
6824,solkkaama,VRC:V:,LM,a,100,(3) 75-100ms,long,short,*V2 long,o,short,no,yes,primary,a,short
6825,sOOdAmA,V:CV,LM,A,41,(1) <50ms,short,short,V2 short,U,long,no,no,singleton,A,short
6826,sOOdAmA,V:CV,AL,A,52,(2) 50-75ms,short,short,V2 short,U,long,no,no,singleton,A,short
6827,sOOdAmA,V:CV,LM,A,67,(2) 50-75ms,short,short,V2 short,U,long,no,no,singleton,A,short
6828,sOOdAmA,V:CV,LM,A,48,(1) <50ms,short,short,V2 short,U,long,no,no,singleton,A,short
6829,sOOdAmA,V:CV,LM,A,42,(1) <50ms,short,short,V2 short,U,long,no,no,singleton,A,short
6830,sOOdAmA,V:CV,AL,A,59,(2) 50-75ms,short,short,V2 short,U,long,no,no,singleton,A,short
6831,sOOdAmA,V:CV,AL,A,47,(1) <50ms,short,short,V2 short,U,long,no,no,singleton,A,short
6832,sOOdAmA,V:CV,EI,A,67,(2) 50-75ms,short,short,V2 short,U,long,no,no,singleton,A,short
6833,sOOdAmA,V:CV,EI,A,64,(2) 50-75ms,short,short,V2 short,U,long,no,no,singleton,A,short
6834,sOOdAmA,V:CV,EI,A,78,(3) 75-100ms,short,short,V2 short,U,long,no,no,singleton,A,short
6835,sOOdAmA,V:CV,EI,A,84,(3) 75-100ms,short,short,V2 short,U,long,no,no,singleton,A,short
6836,sOOdAmA,V:CV,AL,A,55,(2) 50-75ms,short,short,V2 short,U,long,no,no,singleton,A,short
6837,sOOdAmA,V:CV,AL,A,68,(2) 50-75ms,short,short,V2 short,U,long,no,no,singleton,A,short
6838,sOOdAmA,V:CV,EI,A,46,(1) <50ms,short,short,V2 short,U,long,no,no,singleton,A,short
6839,sOOdAmA,V:CV,LM,A,57,(2) 50-75ms,short,short,V2 short,U,long,no,no,singleton,A,short
6840,sOOdAmA,V:CV,AL,A,64,(2) 50-75ms,short,short,V2 short,U,long,no,no,singleton,A,short
6841,sOOdAmA,V:CV,AL,A,54,(2) 50-75ms,short,short,V2 short,U,long,no,no,singleton,A,short
6842,sOOdAmA,V:CV,EI,A,54,(2) 50-75ms,short,short,V2 short,U,long,no,no,singleton,A,short
6843,sOOdAmA,V:CV,AL,A,75,(2) 50-75ms,short,short,V2 short,U,long,no,no,singleton,A,short
6844,sOOdAmA,V:CV,EI,A,66,(2) 50-75ms,short,short,V2 short,U,long,no,no,singleton,A,short
6845,sOOdAmA,V:CV,AG,A,63,(2) 50-75ms,short,short,V2 short,O,long,no,no,singleton,A,short
6846,sOOdAmA,V:CV,LM,A,43,(1) <50ms,short,short,V2 short,U,long,no,no,singleton,A,short
6847,sOOdAmA,V:CV,AG,A,75,(2) 50-75ms,short,short,V2 short,O,long,no,no,singleton,A,short
6848,sOOdAmA,V:CV,AL,A,52,(2) 50-75ms,short,short,V2 short,U,long,no,no,singleton,A,short
6849,sOOdAmA,V:CV,LM,A,62,(2) 50-75ms,short,short,V2 short,U,long,no,no,singleton,A,short
6850,sOOdAmA,V:CV,EI,A,70,(2) 50-75ms,short,short,V2 short,U,long,no,no,singleton,A,short
6851,sOOdAmA,V:CV,AL,A,69,(2) 50-75ms,short,short,V2 short,U,long,no,no,singleton,A,short
6852,sOOdAmA,V:CV,AG,A,75,(2) 50-75ms,short,short,V2 short,O,long,no,no,singleton,A,short
6853,sOOdAmA,V:CV,AL,A,54,(2) 50-75ms,short,short,V2 short,U,long,no,no,singleton,A,short
6854,sOOdAmA,V:CV,AL,A,69,(2) 50-75ms,short,short,V2 short,U,long,no,no,singleton,A,short
6855,sOOdAmA,V:CV,AL,A,74,(2) 50-75ms,short,short,V2 short,U,long,no,no,singleton,A,short
6856,sOOdAmA,V:CV,AL,A,59,(2) 50-75ms,short,short,V2 short,U,long,no,no,singleton,A,short
6857,sOOttiimA,V:C:V:,AG,i,83,(3) 75-100ms,long,short,*V2 long,O,long,no,no,primary,A,short
6858,sOOttiimA,V:C:V:,LM,i,62,(2) 50-75ms,long,short,*V2 long,U,long,no,no,primary,A,short
6859,sOOttiimA,V:C:V:,AG,i,60,(2) 50-75ms,long,short,*V2 long,O,long,no,no,primary,A,short
6860,sOOttiimA,V:C:V:,LM,i,71,(2) 50-75ms,long,short,*V2 long,U,long,no,no,primary,A,short
6861,sOOttiimA,V:C:V:,LM,i,79,(3) 75-100ms,long,short,*V2 long,U,long,no,no,primary,A,short
6862,sOOttiimA,V:C:V:,AG,i,67,(2) 50-75ms,long,short,*V2 long,O,long,no,no,primary,A,short
6863,sOOttiimA,V:C:V:,LM,i,58,(2) 50-75ms,long,short,*V2 long,U,long,no,no,primary,A,short
6864,sOOttiimA,V:C:V:,LM,i,88,(3) 75-100ms,long,short,*V2 long,U,long,no,no,primary,A,short
6865,sOOttiimA,V:C:V:,AG,i,52,(2) 50-75ms,long,short,*V2 long,O,long,no,no,primary,A,short
6866,sOOttiimA,V:C:V:,ST,i,40,(1) <50ms,long,short,*V2 long,O,long,no,no,primary,A,short
6867,sOOttiimA,V:C:V:,LM,i,72,(2) 50-75ms,long,short,*V2 long,U,long,no,no,primary,A,short
6868,sOOttiimA,V:C:V:,ST,i,40,(1) <50ms,long,short,*V2 long,O,long,no,no,primary,A,short
6869,sOOttiimA,V:C:V:,AG,i,63,(2) 50-75ms,long,short,*V2 long,O,long,no,no,primary,A,short
6870,sOOttiimA,V:C:V:,LM,i,62,(2) 50-75ms,long,short,*V2 long,U,long,no,no,primary,A,short
6871,sOOttiimA,V:C:V:,ST,i,44,(1) <50ms,long,short,*V2 long,O,long,no,no,primary,A,short
6872,sOOttiimA,V:C:V:,AL,i,50,(1) <50ms,long,short,*V2 long,U,long,no,no,primary,A,short
6873,sOOttiimA,V:C:V:,AG,i,72,(2) 50-75ms,long,short,*V2 long,O,long,no,no,primary,A,short
6874,sOOttiimA,V:C:V:,ST,i,38,(1) <50ms,long,short,*V2 long,O,long,no,no,primary,A,short
6875,sOOttiimA,V:C:V:,AL,i,63,(2) 50-75ms,long,short,*V2 long,U,long,no,no,primary,A,short
6876,sOOttiimA,V:C:V:,LM,i,68,(2) 50-75ms,long,short,*V2 long,U,long,no,no,primary,A,short
6877,sOOttiimA,V:C:V:,AG,i,82,(3) 75-100ms,long,short,*V2 long,O,long,no,no,primary,A,short
6878,sOOttiimA,V:C:V:,AG,i,63,(2) 50-75ms,long,short,*V2 long,O,long,no,no,primary,A,short
6879,sOOttiimA,V:C:V:,AG,i,93,(3) 75-100ms,long,short,*V2 long,O,long,no,no,primary,a,short
6880,sOOttiimA,V:C:V:,AL,i,62,(2) 50-75ms,long,short,*V2 long,U,long,no,no,primary,A,short
6881,sorttiima,VRC:V:,EI,i,55,(2) 50-75ms,long,short,*V2 long,o,short,no,yes,primary,a,short
6882,sorttiima,VRC:V:,EI,i,69,(2) 50-75ms,long,short,*V2 long,o,short,no,yes,primary,a,short
6883,sorttiima,VRC:V:,EI,i,54,(2) 50-75ms,long,short,*V2 long,o,short,no,yes,primary,a,short
6884,sorttiima,VRC:V:,EI,i,89,(3) 75-100ms,long,short,*V2 long,o,short,no,yes,primary,a,short
6885,sorttiima,VRC:V:,EI,i,56,(2) 50-75ms,long,short,*V2 long,o,short,no,yes,primary,a,short
6886,sorttiima,VRC:V:,EI,i,90,(3) 75-100ms,long,short,*V2 long,o,short,no,yes,primary,a,short
6887,sorttiima,VRC:V:,EI,i,52,(2) 50-75ms,long,short,*V2 long,o,short,no,yes,primary,a,short
6888,sorttuuma,VRC:V:,AG,u,52,(2) 50-75ms,long,short,*V2 long,o,short,no,yes,primary,a,short
6889,sorttuuma,VRC:V:,AG,u,50,(1) <50ms,long,short,*V2 long,o,short,no,yes,primary,a,short
6890,sorttuuma,VRC:V:,AL,u,45,(1) <50ms,long,short,*V2 long,O,short,no,yes,primary,a,short
6891,sorttuuma,VRC:V:,LM,u,58,(2) 50-75ms,long,short,*V2 long,o,short,no,yes,primary,a,short
6892,sorttuuma,VRC:V:,AG,u,86,(3) 75-100ms,long,short,*V2 long,o,short,no,yes,primary,a,short
6893,sorttuuma,VRC:V:,LM,u,73,(2) 50-75ms,long,short,*V2 long,o,short,no,yes,primary,a,short
6894,sorttuuma,VRC:V:,AG,u,59,(2) 50-75ms,long,short,*V2 long,O,short,no,yes,primary,A,short
6895,sorttuuma,VRC:V:,AL,u,49,(1) <50ms,long,short,*V2 long,o,short,no,yes,primary,a,short
6896,sorttuuma,VRC:V:,LM,u,70,(2) 50-75ms,long,short,*V2 long,o,short,no,yes,primary,a,short
6897,sorttuuma,VRC:V:,AG,u,131,(5) >125ms ,long,short,*V2 long,o,short,no,yes,primary,a,short
6898,sorttuuma,VRC:V:,AG,u,64,(2) 50-75ms,long,short,*V2 long,o,short,no,yes,primary,a,short
6899,sorttuuma,VRC:V:,AL,u,60,(2) 50-75ms,long,short,*V2 long,o,short,no,yes,primary,a,short
6900,sorttuuma,VRC:V:,AL,u,57,(2) 50-75ms,long,short,*V2 long,o,short,no,yes,primary,a,short
6901,sorttuuma,VRC:V:,AL,u,71,(2) 50-75ms,long,short,*V2 long,o,short,no,yes,primary,a,short
6902,sorttuuma,VRC:V:,AL,u,63,(2) 50-75ms,long,short,*V2 long,o,short,no,yes,primary,a,short
6903,sorttuuma,VRC:V:,LM,u,72,(2) 50-75ms,long,short,*V2 long,o,short,no,yes,primary,a,short
6904,sorttuuma,VRC:V:,LM,u,66,(2) 50-75ms,long,short,*V2 long,o,short,no,yes,primary,a,short
6905,sorttuuma,VRC:V:,AL,u,65,(2) 50-75ms,long,short,*V2 long,o,short,no,yes,primary,a,short
6906,sorttuuma,VRC:V:,LM,u,56,(2) 50-75ms,long,short,*V2 long,o,short,no,yes,primary,a,short
6907,sorttuuma,VRC:V:,AG,u,72,(2) 50-75ms,long,short,*V2 long,o,short,no,yes,primary,a,short
6908,sorttuuma,VRC:V:,LM,u,72,(2) 50-75ms,long,short,*V2 long,o,short,no,yes,primary,a,short
6909,sorttuuma,VRC:V:,LM,u,80,(3) 75-100ms,long,short,*V2 long,o,short,no,yes,primary,a,short
6910,sorttuuma,VRC:V:,AG,u,87,(3) 75-100ms,long,short,*V2 long,o,short,no,yes,primary,a,short
6911,sukuuri,VCï¿½,AL,u,60,(2) 50-75ms,long,long,V2 long (VCï¿,u,short,no,no,secondary,i,short
6912,sukuuri,VCï¿½,AL,u,52,(2) 50-75ms,long,long,V2 long (VCï¿,u,short,no,no,secondary,i,short
6913,sukuuri,VCï¿½,AL,u,85,(3) 75-100ms,long,long,V2 long (VCï¿,u,short,no,no,secondary,i,short
6914,suuduma,V:CV,AL,u,85,(3) 75-100ms,short,short,V2 short,u,long,no,no,singleton,a,short
6915,suuduma,V:CV,ST,u,50,(1) <50ms,short,short,V2 short,u,long,no,no,singleton,a,short
6916,suuduma,V:CV,EI,u,81,(3) 75-100ms,short,short,V2 short,u,long,no,no,singleton,a,short
6917,suuduma,V:CV,AL,u,60,(2) 50-75ms,short,short,V2 short,u,long,no,no,singleton,a,short
6918,suuduma,V:CV,EI,u,63,(2) 50-75ms,short,short,V2 short,u,long,no,no,singleton,a,short
6919,suuduma,V:CV,AL,u,50,(1) <50ms,short,short,V2 short,u,long,no,no,singleton,a,short
6920,suuduma,V:CV,EI,u,76,(3) 75-100ms,short,short,V2 short,u,long,no,no,singleton,a,short
6921,suuduma,V:CV,EI,u,87,(3) 75-100ms,short,short,V2 short,u,long,no,no,singleton,a,short
6922,suuduma,V:CV,AG,u,80,(3) 75-100ms,short,short,V2 short,u,long,no,no,singleton,a,short
6923,suuduma,V:CV,AL,u,57,(2) 50-75ms,short,short,V2 short,u,long,no,no,singleton,a,short
6924,suuduma,V:CV,EI,u,139,(5) >125ms ,short,short,V2 short,u,long,no,no,singleton,a,short
6925,suuduma,V:CV,EI,u,80,(3) 75-100ms,short,short,V2 short,u,long,no,no,singleton,a,short
6926,suuduma,V:CV,AL,u,70,(2) 50-75ms,short,short,V2 short,u,long,no,no,singleton,a,short
6927,suuduma,V:CV,AG,u,74,(2) 50-75ms,short,short,V2 short,u,long,no,no,singleton,a,short
6928,suuduma,V:CV,ST,u,72,(2) 50-75ms,short,short,V2 short,u,long,no,no,singleton,a,short
6929,suuduma,V:CV,LM,u,84,(3) 75-100ms,short,short,V2 short,u,long,no,no,singleton,a,short
6930,suuduma,V:CV,AG,u,68,(2) 50-75ms,short,short,V2 short,u,long,no,no,singleton,a,short
6931,suuduma,V:CV,AL,u,76,(3) 75-100ms,short,short,V2 short,u,long,no,no,singleton,a,short
6932,suuduma,V:CV,AL,u,72,(2) 50-75ms,short,short,V2 short,u,long,no,no,singleton,a,short
6933,suuduma,V:CV,AL,u,81,(3) 75-100ms,short,short,V2 short,u,long,no,no,singleton,a,short
6934,suuduma,V:CV,EI,u,57,(2) 50-75ms,short,short,V2 short,u,long,no,no,singleton,a,short
6935,suuduma,V:CV,AG,u,72,(2) 50-75ms,short,short,V2 short,u,long,no,no,singleton,a,short
6936,suuduma,V:CV,AL,u,58,(2) 50-75ms,short,short,V2 short,u,long,no,no,singleton,a,short
6937,suuduma,V:CV,AL,u,52,(2) 50-75ms,short,short,V2 short,u,long,no,no,singleton,a,short
6938,suuduma,V:CV,EI,u,57,(2) 50-75ms,short,short,V2 short,u,long,no,no,singleton,a,short
6939,suuduma,V:CV,ST,u,52,(2) 50-75ms,short,short,V2 short,u,long,no,no,singleton,a,short
6940,suuduma,V:CV,AG,u,82,(3) 75-100ms,short,short,V2 short,u,long,no,no,singleton,a,short
6941,suuduma,V:CV,LM,u,73,(2) 50-75ms,short,short,V2 short,u,long,no,no,singleton,a,short
6942,suuduma,V:CV,LM,u,80,(3) 75-100ms,short,short,V2 short,u,long,no,no,singleton,a,short
6943,suuduma,V:CV,LM,u,54,(2) 50-75ms,short,short,V2 short,u,long,no,no,singleton,a,short
6944,suuduma,V:CV,ST,u,49,(1) <50ms,short,short,V2 short,u,long,no,no,singleton,a,short
6945,suuduma,V:CV,AG,u,85,(3) 75-100ms,short,short,V2 short,u,long,no,no,singleton,a,short
6946,suuduma,V:CV,LM,u,76,(3) 75-100ms,short,short,V2 short,u,long,no,no,singleton,a,short
6947,suuduma,V:CV,ST,u,50,(1) <50ms,short,short,V2 short,u,long,no,no,singleton,a,short
6948,suuduma,V:CV,ST,u,72,(2) 50-75ms,short,short,V2 short,u,long,no,no,singleton,a,short
6949,suuduma,V:CV,ST,u,24,(1) <50ms,short,short,V2 short,u,long,no,no,singleton,a,short
6950,suuduma,V:CV,EI,u,133,(5) >125ms ,short,short,V2 short,u,long,no,no,singleton,a,short
6951,suuduma,V:CV,EI,u,63,(2) 50-75ms,short,short,V2 short,u,long,no,no,singleton,a,short
6952,suuduma,V:CV,EI,u,65,(2) 50-75ms,short,short,V2 short,u,long,no,no,singleton,a,short
6953,suuduma,V:CV,ST,u,52,(2) 50-75ms,short,short,V2 short,u,long,no,no,singleton,a,short
6954,suuduma,V:CV,EI,u,84,(3) 75-100ms,short,short,V2 short,u,long,no,no,singleton,a,short
6955,suuduma,V:CV,EI,u,67,(2) 50-75ms,short,short,V2 short,u,long,no,no,singleton,a,short
6956,suuduma,V:CV,EI,u,61,(2) 50-75ms,short,short,V2 short,u,long,no,no,singleton,a,short
6957,suuduma,V:CV,EI,u,71,(2) 50-75ms,short,short,V2 short,u,long,no,no,singleton,a,short
6958,suuduma,V:CV,LM,u,83,(3) 75-100ms,short,short,V2 short,u,long,no,no,singleton,a,short
6959,suuduma,V:CV,LM,u,103,(4) 100-125ms,short,short,V2 short,u,long,no,no,singleton,a,short
6960,suuduma,V:CV,AL,u,73,(2) 50-75ms,short,short,V2 short,u,long,no,no,singleton,a,short
6961,suutiima,V:Cï¿½,EI,i,79,(3) 75-100ms,long,short,*V2 long,u,long,no,no,secondary,a,short
6962,suutiima,V:Cï¿½,EI,i,84,(3) 75-100ms,long,short,*V2 long,u,long,no,no,secondary,a,short
6963,suutiima,V:Cï¿½,AL,i,48,(1) <50ms,long,short,*V2 long,u,long,no,no,secondary,a,short
6964,suutiima,V:Cï¿½,EI,i,51,(2) 50-75ms,long,short,*V2 long,u,long,no,no,secondary,a,short
6965,suutiima,V:Cï¿½,EI,i,55,(2) 50-75ms,long,short,*V2 long,u,long,no,no,secondary,a,short
6966,suutiima,V:Cï¿½,AL,i,51,(2) 50-75ms,long,short,*V2 long,u,long,no,no,secondary,a,short
6967,suutiima,V:Cï¿½,EI,i,58,(2) 50-75ms,long,short,*V2 long,u,long,no,no,secondary,a,short
6968,suutiima,V:Cï¿½,EI,i,79,(3) 75-100ms,long,short,*V2 long,u,long,no,no,secondary,a,short
6969,suutiima,V:Cï¿½,EI,i,52,(2) 50-75ms,long,short,*V2 long,u,long,no,no,secondary,a,short
6970,suutiima,V:Cï¿½,AL,i,61,(2) 50-75ms,long,short,*V2 long,u,long,no,no,secondary,a,short
6971,tabama,VCV,EI,a,145,(5) >125ms ,short,long,V2 lengthened,a,short,no,no,singleton,a,short
6972,tabama,VCV,AG,a,148,(5) >125ms ,short,long,V2 lengthened,a,short,no,no,singleton,a,short
6973,tabama,VCV,ST,a,86,(3) 75-100ms,short,long,V2 lengthened,a,short,no,no,singleton,a,short
6974,tabama,VCV,EI,a,136,(5) >125ms ,short,long,V2 lengthened,a,short,no,no,singleton,a,short
6975,tabama,VCV,ST,a,86,(3) 75-100ms,short,long,V2 lengthened,a,short,no,no,singleton,a,short
6976,tabama,VCV,AL,a,101,(4) 100-125ms,short,long,V2 lengthened,a,short,no,no,singleton,a,short
6977,tabama,VCV,AG,a,170,(5) >125ms ,short,long,V2 lengthened,a,short,no,no,singleton,a,short
6978,tabama,VCV,AL,a,101,(4) 100-125ms,short,long,V2 lengthened,a,short,no,no,singleton,a,short
6979,tabama,VCV,ST,a,78,(3) 75-100ms,short,long,V2 lengthened,a,short,no,no,singleton,a,short
6980,tabama,VCV,AL,a,92,(3) 75-100ms,short,long,V2 lengthened,a,short,no,no,singleton,a,short
6981,tabama,VCV,EI,a,144,(5) >125ms ,short,long,V2 lengthened,a,short,no,no,singleton,a,short
6982,tabama,VCV,AL,a,117,(4) 100-125ms,short,long,V2 lengthened,a,short,no,no,singleton,a,short
6983,tabama,VCV,AL,a,93,(3) 75-100ms,short,long,V2 lengthened,a,short,no,no,singleton,a,short
6984,tabama,VCV,ST,a,125,(4) 100-125ms,short,long,V2 lengthened,a,short,no,no,singleton,a,short
6985,tabama,VCV,ST,a,125,(4) 100-125ms,short,long,V2 lengthened,a,short,no,no,singleton,a,short
6986,tabama,VCV,LM,a,151,(5) >125ms ,short,long,V2 lengthened,a,short,no,no,singleton,a,short
6987,tabama,VCV,LM,a,119,(4) 100-125ms,short,long,V2 lengthened,a,short,no,no,singleton,a,short
6988,tabama,VCV,AL,a,109,(4) 100-125ms,short,long,V2 lengthened,a,short,no,no,singleton,a,short
6989,tabama,VCV,EI,a,141,(5) >125ms ,short,long,V2 lengthened,a,short,no,no,singleton,a,short
6990,tabama,VCV,AG,a,179,(5) >125ms ,short,long,V2 lengthened,a,short,no,no,singleton,a,short
6991,tabama,VCV,ST,a,107,(4) 100-125ms,short,long,V2 lengthened,a,short,no,no,singleton,a,short
6992,tabama,VCV,EI,a,144,(5) >125ms ,short,long,V2 lengthened,a,short,no,no,singleton,a,short
6993,tabama,VCV,AL,a,103,(4) 100-125ms,short,long,V2 lengthened,a,short,no,no,singleton,a,short
6994,tabama,VCV,LM,a,129,(5) >125ms ,short,long,V2 lengthened,a,short,no,no,singleton,a,short
6995,tabama,VCV,ST,a,107,(4) 100-125ms,short,long,V2 lengthened,a,short,no,no,singleton,a,short
6996,tabama,VCV,ST,a,78,(3) 75-100ms,short,long,V2 lengthened,a,short,no,no,singleton,a,short
6997,tabama,VCV,EI,a,116,(4) 100-125ms,short,long,V2 lengthened,a,short,no,no,singleton,a,short
6998,tabama,VCV,EI,a,105,(4) 100-125ms,short,long,V2 lengthened,a,short,no,no,singleton,a,short
6999,talkkuna,VRC:V,ST,u,35,(1) <50ms,short,short,V2 short,a,short,no,yes,primary,a,short
7000,talkkuna,VRC:V,ST,u,44,(1) <50ms,short,short,V2 short,a,short,no,yes,primary,a,short
7001,talkkuna,VRC:V,AL,u,53,(2) 50-75ms,short,short,V2 short,a,short,no,yes,primary,a,short
7002,talkkuna,VRC:V,ST,u,99,(3) 75-100ms,short,short,V2 short,a,short,no,yes,primary,a,short
7003,talkkuna,VRC:V,AL,u,30,(1) <50ms,short,short,V2 short,a,short,no,yes,primary,a,short
7004,talkkuna,VRC:V,AL,u,46,(1) <50ms,short,short,V2 short,a,short,no,yes,primary,a,short
7005,talkkuna,VRC:V,ST,u,46,(1) <50ms,short,short,V2 short,a,short,no,yes,primary,a,short
7006,tappele,VC:V,AL,e,56,(2) 50-75ms,short,short,V2 short,a,short,no,no,primary,e,short
7007,tappele,VC:V,AG,e,59,(2) 50-75ms,short,short,V2 short,a,short,no,no,primary,e,short
7008,tappele,VC:V,AG,e,66,(2) 50-75ms,short,short,V2 short,a,short,no,no,primary,e,short
7009,tappele,VC:V,ST,e,50,(1) <50ms,short,short,V2 short,a,short,no,no,primary,e,short
7010,tappele,VC:V,AL,e,68,(2) 50-75ms,short,short,V2 short,a,short,no,no,primary,e,short
7011,tappele,VC:V,AL,e,52,(2) 50-75ms,short,short,V2 short,a,short,no,no,primary,e,short
7012,tappele,VC:V,ST,e,50,(1) <50ms,short,short,V2 short,a,short,no,no,primary,e,short
7013,tappele,VC:V,LM,e,90,(3) 75-100ms,short,short,V2 short,a,short,no,no,primary,e,short
7014,tappele,VC:V,ST,e,43,(1) <50ms,short,short,V2 short,a,short,no,no,primary,e,short
7015,tappele,VC:V,AL,e,43,(1) <50ms,short,short,V2 short,a,short,no,no,primary,e,short
7016,tappele,VC:V,AG,e,82,(3) 75-100ms,short,short,V2 short,a,short,no,no,primary,e,short
7017,tappele,VC:V,AG,e,53,(2) 50-75ms,short,short,V2 short,a,short,no,no,primary,e,short
7018,tappele,VC:V,EI,e,68,(2) 50-75ms,short,short,V2 short,a,short,no,no,primary,e,short
7019,tappele,VC:V,AL,e,63,(2) 50-75ms,short,short,V2 short,a,short,no,no,primary,e,short
7020,tappele,VC:V,EI,e,78,(3) 75-100ms,short,short,V2 short,a,short,no,no,primary,e,short
7021,tappele,VC:V,AL,e,43,(1) <50ms,short,short,V2 short,a,short,no,no,primary,e,short
7022,tappele,VC:V,LM,e,80,(3) 75-100ms,short,short,V2 short,a,short,no,no,primary,e,short
7023,tappele,VC:V,LM,e,55,(2) 50-75ms,short,short,V2 short,a,short,no,no,primary,e,short
7024,tappele,VC:V,AL,e,45,(1) <50ms,short,short,V2 short,a,short,no,no,primary,e,short
7025,tappele,VC:V,AG,e,46,(1) <50ms,short,short,V2 short,a,short,no,no,primary,e,short
7026,tappele,VC:V,EI,e,49,(1) <50ms,short,short,V2 short,a,short,no,no,primary,e,short
7027,tappele,VC:V,LM,e,81,(3) 75-100ms,short,short,V2 short,a,short,no,no,primary,e,short
7028,tappele,VC:V,EI,e,59,(2) 50-75ms,short,short,V2 short,a,short,no,no,primary,e,short
7029,tappele,VC:V,LM,e,84,(3) 75-100ms,short,short,V2 short,a,short,no,no,primary,e,short
7030,tappele,VC:V,EI,e,50,(1) <50ms,short,short,V2 short,a,short,no,no,primary,e,short
7031,tappele,VC:V,LM,e,88,(3) 75-100ms,short,short,V2 short,a,short,no,no,primary,e,short
7032,tappele,VC:V,AG,e,47,(1) <50ms,short,short,V2 short,a,short,no,no,primary,e,short
7033,tappele,VC:V,EI,e,60,(2) 50-75ms,short,short,V2 short,a,short,no,no,primary,e,short
7034,tappele,VC:V,AG,e,53,(2) 50-75ms,short,short,V2 short,a,short,no,no,primary,e,short
7035,tappele,VC:V,AG,e,53,(2) 50-75ms,short,short,V2 short,a,short,no,no,primary,e,short
7036,tappele,VC:V,LM,e,65,(2) 50-75ms,short,short,V2 short,a,short,no,no,primary,e,short
7037,tappele,VC:V,EI,e,55,(2) 50-75ms,short,short,V2 short,a,short,no,no,primary,e,short
7038,tappele,VC:V,EI,e,67,(2) 50-75ms,short,short,V2 short,a,short,no,no,primary,e,short
7039,tapuuna,VCï¿½,ST,u,84,(3) 75-100ms,long,long,V2 long (VCï¿,a,short,no,no,secondary,a,short
7040,tapuuna,VCï¿½,ST,u,99,(3) 75-100ms,long,long,V2 long (VCï¿,a,short,no,no,secondary,a,short
7041,tapuuna,VCï¿½,ST,u,53,(2) 50-75ms,long,long,V2 long (VCï¿,a,short,no,no,secondary,a,short
7042,tarkkaama,VRC:V:,AL,a,53,(2) 50-75ms,long,short,*V2 long,a,short,no,yes,primary,a,short
7043,tarkkaama,VRC:V:,AL,a,42,(1) <50ms,long,short,*V2 long,a,short,no,yes,primary,a,short
7044,tarkkoja,VRC:V,AG,o,58,(2) 50-75ms,short,short,V2 short,a,short,no,yes,primary,a,short
7045,tarkkoja,VRC:V,AL,o,50,(1) <50ms,short,short,V2 short,a,short,no,yes,primary,a,short
7046,tarkkoja,VRC:V,AL,o,52,(2) 50-75ms,short,short,V2 short,a,short,no,yes,primary,a,short
7047,tarkkoja,VRC:V,AL,o,62,(2) 50-75ms,short,short,V2 short,a,short,no,yes,primary,a,short
7048,tarkkoja,VRC:V,AL,o,58,(2) 50-75ms,short,short,V2 short,a,short,no,yes,primary,a,short
7049,tarkkoja,VRC:V,AG,o,97,(3) 75-100ms,short,short,V2 short,a,short,no,yes,primary,a,short
7050,tarkkoja,VRC:V,EI,o,80,(3) 75-100ms,short,short,V2 short,a,short,no,yes,primary,a,short
7051,tarkkoja,VRC:V,AG,o,55,(2) 50-75ms,short,short,V2 short,a,short,no,yes,primary,a,short
7052,tarkkoja,VRC:V,AL,o,43,(1) <50ms,short,short,V2 short,a,short,no,yes,primary,a,short
7053,tarkkoja,VRC:V,EI,o,86,(3) 75-100ms,short,short,V2 short,a,short,no,yes,primary,a,short
7054,tarkkoja,VRC:V,LM,o,56,(2) 50-75ms,short,short,V2 short,a,short,no,yes,primary,a,short
7055,tarkkoja,VRC:V,AL,o,46,(1) <50ms,short,short,V2 short,a,short,no,yes,primary,a,short
7056,tarkkoja,VRC:V,LM,o,60,(2) 50-75ms,short,short,V2 short,a,short,no,yes,primary,a,short
7057,tarkkoja,VRC:V,AG,o,45,(1) <50ms,short,short,V2 short,a,short,no,yes,primary,a,short
7058,tarkkoja,VRC:V,LM,o,71,(2) 50-75ms,short,short,V2 short,a,short,no,yes,primary,a,short
7059,tarkkoja,VRC:V,EI,o,81,(3) 75-100ms,short,short,V2 short,a,short,no,yes,primary,a,short
7060,tarkkoja,VRC:V,AL,o,51,(2) 50-75ms,short,short,V2 short,a,short,no,yes,primary,a,short
7061,tarkkoja,VRC:V,EI,o,84,(3) 75-100ms,short,short,V2 short,a,short,no,yes,primary,a,short
7062,tarkkoja,VRC:V,LM,o,81,(3) 75-100ms,short,short,V2 short,a,short,no,yes,primary,a,short
7063,tarkkoja,VRC:V,EI,o,79,(3) 75-100ms,short,short,V2 short,a,short,no,yes,primary,a,short
7064,tarkkoja,VRC:V,LM,o,65,(2) 50-75ms,short,short,V2 short,a,short,no,yes,primary,a,short
7065,tarkkoja,VRC:V,AG,o,78,(3) 75-100ms,short,short,V2 short,a,short,no,yes,primary,a,short
7066,tarkkoja,VRC:V,LM,o,66,(2) 50-75ms,short,short,V2 short,a,short,no,yes,primary,a,short
7067,tarkkoja,VRC:V,AG,o,75,(2) 50-75ms,short,short,V2 short,a,short,no,yes,primary,a,short
7068,tarkkoja,VRC:V,AL,o,63,(2) 50-75ms,short,short,V2 short,a,short,no,yes,primary,a,short
7069,tarkkoja,VRC:V,LM,o,73,(2) 50-75ms,short,short,V2 short,a,short,no,yes,primary,a,short
7070,tarkkoja,VRC:V,AG,o,89,(3) 75-100ms,short,short,V2 short,a,short,no,yes,primary,a,short
7071,tarkkoja,VRC:V,LM,o,60,(2) 50-75ms,short,short,V2 short,a,short,no,yes,primary,a,short
7072,tarkkoja,VRC:V,EI,o,77,(3) 75-100ms,short,short,V2 short,a,short,no,yes,primary,a,short
7073,tarkkoja,VRC:V,EI,o,72,(2) 50-75ms,short,short,V2 short,a,short,no,yes,primary,a,short
7074,tilkkoja,VRC:V,LM,o,75,(2) 50-75ms,short,short,V2 short,i,short,no,yes,primary,a,short
7075,tilkkoja,VRC:V,LM,o,79,(3) 75-100ms,short,short,V2 short,i,short,no,yes,primary,a,short
7076,tilkkoja,VRC:V,LM,o,64,(2) 50-75ms,short,short,V2 short,i,short,no,yes,primary,a,short
7077,toittiima,V1V2C:V:,LM,i,58,(2) 50-75ms,long,short,*V2 long,oi,long,yes,no,primary,a,short
7078,toittiima,V1V2C:V:,EI,i,73,(2) 50-75ms,long,short,*V2 long,oi,long,yes,no,primary,a,short
7079,toittiima,V1V2C:V:,AL,i,132,(5) >125ms ,long,short,*V2 long,oi,long,yes,no,primary,a,short
7080,toittiima,V1V2C:V:,LM,i,57,(2) 50-75ms,long,short,*V2 long,oi,long,yes,no,primary,a,short
7081,toittiima,V1V2C:V:,ST,i,58,(2) 50-75ms,long,short,*V2 long,oi,long,yes,no,primary,a,short
7082,toittiima,V1V2C:V:,AG,i,80,(3) 75-100ms,long,short,*V2 long,oi,long,yes,no,primary,a,short
7083,toittiima,V1V2C:V:,AG,i,60,(2) 50-75ms,long,short,*V2 long,oi,long,yes,no,primary,a,short
7084,toittiima,V1V2C:V:,ST,i,35,(1) <50ms,long,short,*V2 long,oi,long,yes,no,primary,a,short
7085,toittiima,V1V2C:V:,LM,i,59,(2) 50-75ms,long,short,*V2 long,oi,long,yes,no,primary,a,short
7086,toittiima,V1V2C:V:,EI,i,74,(2) 50-75ms,long,short,*V2 long,oi,long,yes,no,primary,a,short
7087,toittiima,V1V2C:V:,LM,i,80,(3) 75-100ms,long,short,*V2 long,oi,long,yes,no,primary,a,short
7088,toittiima,V1V2C:V:,AG,i,78,(3) 75-100ms,long,short,*V2 long,oi,long,yes,no,primary,a,short
7089,toittiima,V1V2C:V:,ST,i,45,(1) <50ms,long,short,*V2 long,oi,long,yes,no,primary,a,short
7090,toittiima,V1V2C:V:,LM,i,50,(1) <50ms,long,short,*V2 long,oi,long,yes,no,primary,a,short
7091,toittiima,V1V2C:V:,AG,i,62,(2) 50-75ms,long,short,*V2 long,oi,long,yes,no,primary,a,short
7092,toittiima,V1V2C:V:,EI,i,86,(3) 75-100ms,long,short,*V2 long,oi,long,yes,no,primary,a,short
7093,toittiima,V1V2C:V:,EI,i,81,(3) 75-100ms,long,short,*V2 long,oi,long,yes,no,primary,a,short
7094,toittiima,V1V2C:V:,AL,i,34,(1) <50ms,long,short,*V2 long,oi,long,yes,no,primary,a,short
7095,toittiima,V1V2C:V:,EI,i,77,(3) 75-100ms,long,short,*V2 long,oi,long,yes,no,primary,a,short
7096,toittiima,V1V2C:V:,AG,i,88,(3) 75-100ms,long,short,*V2 long,oi,long,yes,no,primary,a,short
7097,toittiima,V1V2C:V:,AL,i,41,(1) <50ms,long,short,*V2 long,oi,long,yes,no,primary,a,short
7098,toittiima,V1V2C:V:,AL,i,43,(1) <50ms,long,short,*V2 long,oi,long,yes,no,primary,a,short
7099,toittiima,V1V2C:V:,ST,i,51,(2) 50-75ms,long,short,*V2 long,oi,long,yes,no,primary,a,short
7100,toittiima,V1V2C:V:,AL,i,51,(2) 50-75ms,long,short,*V2 long,oi,long,yes,no,primary,a,short
7101,toittiima,V1V2C:V:,AG,i,72,(2) 50-75ms,long,short,*V2 long,oi,long,yes,no,primary,a,short
7102,toittiima,V1V2C:V:,EI,i,90,(3) 75-100ms,long,short,*V2 long,oi,long,yes,no,primary,a,short
7103,toittiima,V1V2C:V:,EI,i,74,(2) 50-75ms,long,short,*V2 long,oi,long,yes,no,primary,a,short
7104,toittiima,V1V2C:V:,AL,i,38,(1) <50ms,long,short,*V2 long,oi,long,yes,no,primary,a,short
7105,toittiima,V1V2C:V:,AL,i,65,(2) 50-75ms,long,short,*V2 long,oi,long,yes,no,primary,a,short
7106,toittiima,V1V2C:V:,EI,i,80,(3) 75-100ms,long,short,*V2 long,oi,long,yes,no,primary,a,short
7107,toittiima,V1V2C:V:,LM,i,73,(2) 50-75ms,long,short,*V2 long,oi,long,yes,no,primary,a,short
7108,toittiima,V1V2C:V:,EI,i,98,(3) 75-100ms,long,short,*V2 long,oi,long,yes,no,primary,a,short
7109,toittiima,V1V2C:V:,AL,i,48,(1) <50ms,long,short,*V2 long,oi,long,yes,no,primary,a,short
7110,toittiima,V1V2C:V:,LM,i,59,(2) 50-75ms,long,short,*V2 long,oi,long,yes,no,primary,a,short
7111,tOrgAdA,VRCV,LM,a,52,(2) 50-75ms,short,short,V2 short,O,short,no,yes,singleton,A,short
7112,tOrgAdA,VRCV,LM,a,66,(2) 50-75ms,short,short,V2 short,O,short,no,yes,singleton,A,short
7113,tOrgAdA,VRCV,EI,A,60,(2) 50-75ms,short,short,V2 short,O,short,no,yes,singleton,A,short
7114,tOrgAdA,VRCV,AL,a,57,(2) 50-75ms,short,short,V2 short,O,short,no,yes,singleton,a,short
7115,tOrgAdA,VRCV,EI,A,28,(1) <50ms,short,short,V2 short,O,short,no,yes,singleton,A,short
7116,tOrgAdA,VRCV,EI,A,51,(2) 50-75ms,short,short,V2 short,O,short,no,yes,singleton,A,short
7117,tOrgAdA,VRCV,LM,a,75,(2) 50-75ms,short,short,V2 short,O,short,no,yes,singleton,A,short
7118,tOrgAdA,VRCV,AL,a,45,(1) <50ms,short,short,V2 short,O,short,no,yes,singleton,a,short
7119,tOrgAdA,VRCV,LM,a,71,(2) 50-75ms,short,short,V2 short,O,short,no,yes,singleton,A,short
7120,tOrgAdA,VRCV,EI,A,60,(2) 50-75ms,short,short,V2 short,O,short,no,yes,singleton,A,short
7121,tOrgAdA,VRCV,EI,A,51,(2) 50-75ms,short,short,V2 short,O,short,no,yes,singleton,A,short
7122,tOrgAdA,VRCV,EI,A,80,(3) 75-100ms,short,short,V2 short,O,short,no,yes,singleton,A,short
7123,tOrgAdA,VRCV,AL,A,53,(2) 50-75ms,short,short,V2 short,O,short,no,yes,singleton,A,short
7124,tOrgAdA,VRCV,EI,A,62,(2) 50-75ms,short,short,V2 short,O,short,no,yes,singleton,A,short
7125,tOrgAdA,VRCV,AG,a,60,(2) 50-75ms,short,short,V2 short,O,short,no,yes,singleton,a,short
7126,tOrgAdA,VRCV,EI,A,141,(5) >125ms ,short,short,V2 short,O,short,no,yes,singleton,A,short
7127,tOrgAdA,VRCV,AL,A,58,(2) 50-75ms,short,short,V2 short,O,short,no,yes,singleton,A,short
7128,tOrgAdA,VRCV,AL,a,49,(1) <50ms,short,short,V2 short,O,short,no,yes,singleton,a,short
7129,tOrgAdA,VRCV,AL,A,30,(1) <50ms,short,short,V2 short,O,short,no,yes,singleton,A,short
7130,tOrgAdA,VRCV,AL,A,46,(1) <50ms,short,short,V2 short,O,short,no,yes,singleton,A,short
7131,tOrgAdA,VRCV,EI,A,43,(1) <50ms,short,short,V2 short,O,short,no,yes,singleton,A,short
7132,tOrgAdA,VRCV,AL,A,51,(2) 50-75ms,short,short,V2 short,O,short,no,yes,singleton,A,short
7133,tOrgAdA,VRCV,EI,A,48,(1) <50ms,short,short,V2 short,O,short,no,yes,singleton,A,short
7134,tOrgAdA,VRCV,EI,A,50,(1) <50ms,short,short,V2 short,O,short,no,yes,singleton,A,short
7135,tOrgAdA,VRCV,EI,A,57,(2) 50-75ms,short,short,V2 short,O,short,no,yes,singleton,A,short
7136,tOrkkAAmA,VRC:V:,AG,A,164,(5) >125ms ,long,short,*V2 long,O,short,no,yes,primary,A,short
7137,tOrkkAAmA,VRC:V:,EI,A,71,(2) 50-75ms,long,short,*V2 long,O,short,no,yes,primary,A,short
7138,tOrkkAAmA,VRC:V:,ST,A,47,(1) <50ms,long,short,*V2 long,O,short,no,yes,primary,A,short
7139,tOrkkAAmA,VRC:V:,LM,A,75,(2) 50-75ms,long,short,*V2 long,O,short,no,yes,primary,A,short
7140,tOrkkAAmA,VRC:V:,AL,A,54,(2) 50-75ms,long,short,*V2 long,O,short,no,yes,primary,A,short
7141,tOrkkAAmA,VRC:V:,AL,A,57,(2) 50-75ms,long,short,*V2 long,O,short,no,yes,primary,A,short
7142,tOrkkAAmA,VRC:V:,EI,A,71,(2) 50-75ms,long,short,*V2 long,O,short,no,yes,primary,A,short
7143,tOrkkAAmA,VRC:V:,AG,A,126,(5) >125ms ,long,short,*V2 long,O,short,no,yes,primary,A,short
7144,tOrkkAAmA,VRC:V:,LM,A,68,(2) 50-75ms,long,short,*V2 long,O,short,no,yes,primary,A,short
7145,tOrkkAAmA,VRC:V:,EI,A,78,(3) 75-100ms,long,short,*V2 long,O,short,no,yes,primary,A,short
7146,tOrkkAAmA,VRC:V:,LM,A,120,(4) 100-125ms,long,short,*V2 long,O,short,no,yes,primary,A,short
7147,tOrkkAAmA,VRC:V:,AG,A,81,(3) 75-100ms,long,short,*V2 long,O,short,no,yes,primary,A,short
7148,tOrkkAAmA,VRC:V:,LM,A,51,(2) 50-75ms,long,short,*V2 long,O,short,no,yes,primary,A,short
7149,tOrkkAAmA,VRC:V:,LM,A,80,(3) 75-100ms,long,short,*V2 long,O,short,no,yes,primary,A,short
7150,tOrkkAAmA,VRC:V:,LM,A,61,(2) 50-75ms,long,short,*V2 long,O,short,no,yes,primary,A,short
7151,tOrkkAAmA,VRC:V:,ST,A,42,(1) <50ms,long,short,*V2 long,O,short,no,yes,primary,A,short
7152,tOrkkAAmA,VRC:V:,AG,a,92,(3) 75-100ms,long,short,*V2 long,O,short,no,yes,primary,a,short
7153,tOrkkAAmA,VRC:V:,AL,A,38,(1) <50ms,long,short,*V2 long,O,short,no,yes,primary,A,short
7154,tOrkkAAmA,VRC:V:,ST,A,40,(1) <50ms,long,short,*V2 long,O,short,no,yes,primary,A,short
7155,tOrkkAAmA,VRC:V:,EI,A,87,(3) 75-100ms,long,short,*V2 long,O,short,no,yes,primary,A,short
7156,tOrkkAAmA,VRC:V:,AL,A,67,(2) 50-75ms,long,short,*V2 long,O,short,no,yes,primary,A,short
7157,tOrkkAAmA,VRC:V:,ST,A,53,(2) 50-75ms,long,short,*V2 long,O,short,no,yes,primary,A,short
7158,tOrkkAAmA,VRC:V:,EI,A,90,(3) 75-100ms,long,short,*V2 long,O,short,no,yes,primary,A,short
7159,tOrkkAAmA,VRC:V:,AG,A,92,(3) 75-100ms,long,short,*V2 long,O,short,no,yes,primary,A,short
7160,tOrkkAAmA,VRC:V:,ST,A,47,(1) <50ms,long,short,*V2 long,O,short,no,yes,primary,A,short
7161,tOrkkAAmA,VRC:V:,EI,A,95,(3) 75-100ms,long,short,*V2 long,O,short,no,yes,primary,A,short
7162,tOrkkAAmA,VRC:V:,AG,A,156,(5) >125ms ,long,short,*V2 long,O,short,no,yes,primary,A,short
7163,tOrkkAAmA,VRC:V:,ST,A,44,(1) <50ms,long,short,*V2 long,O,short,no,yes,primary,A,short
7164,tOrkkAAmA,VRC:V:,AG,A,83,(3) 75-100ms,long,short,*V2 long,O,short,no,yes,primary,A,short
7165,tOrkkAAmA,VRC:V:,EI,A,65,(2) 50-75ms,long,short,*V2 long,O,short,no,yes,primary,A,short
7166,tOrkkAAmA,VRC:V:,ST,A,40,(1) <50ms,long,short,*V2 long,O,short,no,yes,primary,A,short
7167,tOrkkAAmA,VRC:V:,AL,A,79,(3) 75-100ms,long,short,*V2 long,O,short,no,yes,primary,A,short
7168,tOrkkAAmA,VRC:V:,AG,A,132,(5) >125ms ,long,short,*V2 long,O,short,no,yes,primary,A,short
7169,tOrkkAAmA,VRC:V:,LM,A,85,(3) 75-100ms,long,short,*V2 long,O,short,no,yes,primary,A,short
7170,tOrkkAAmA,VRC:V:,EI,A,72,(2) 50-75ms,long,short,*V2 long,O,short,no,yes,primary,A,short
7171,tOrkkAAmA,VRC:V:,AL,A,55,(2) 50-75ms,long,short,*V2 long,O,short,no,yes,primary,A,short
7172,tOrkkAAmA,VRC:V:,LM,A,90,(3) 75-100ms,long,short,*V2 long,O,short,no,yes,primary,A,short
7173,tOrkkAAmA,VRC:V:,LM,A,57,(2) 50-75ms,long,short,*V2 long,O,short,no,yes,primary,A,short
7174,tOrkkAAmA,VRC:V:,EI,A,83,(3) 75-100ms,long,short,*V2 long,O,short,no,yes,primary,A,short
7175,tOrkkAAmA,VRC:V:,ST,A,67,(2) 50-75ms,long,short,*V2 long,O,short,no,yes,primary,A,short
7176,tOrkkAAmA,VRC:V:,AG,A,117,(4) 100-125ms,long,short,*V2 long,O,short,no,yes,primary,A,short
7177,tOrkkAAmA,VRC:V:,ST,A,52,(2) 50-75ms,long,short,*V2 long,O,short,no,yes,primary,A,short
7178,ugole,VCV,EI,o,142,(5) >125ms ,short,long,V2 lengthened,u,short,no,no,singleton,e,short
7179,ugole,VCV,AL,o,80,(3) 75-100ms,short,long,V2 lengthened,u,short,no,no,singleton,e,short
7180,ugole,VCV,AL,o,137,(5) >125ms ,short,long,V2 lengthened,u,short,no,no,singleton,e,short
7181,ugole,VCV,EI,o,175,(5) >125ms ,short,long,V2 lengthened,u,short,no,no,singleton,e,short
7182,ugole,VCV,AL,o,161,(5) >125ms ,short,long,V2 lengthened,u,short,no,no,singleton,e,short
7183,ugole,VCV,LM,o,151,(5) >125ms ,short,long,V2 lengthened,u,short,no,no,singleton,e,short
7184,ugole,VCV,EI,o,135,(5) >125ms ,short,long,V2 lengthened,u,short,no,no,singleton,e,short
7185,ugole,VCV,AL,o,115,(4) 100-125ms,short,long,V2 lengthened,u,short,no,no,singleton,e,short
7186,ugole,VCV,AL,o,145,(5) >125ms ,short,long,V2 lengthened,u,short,no,no,singleton,e,short
7187,ugole,VCV,AG,o,145,(5) >125ms ,short,long,V2 lengthened,u,short,no,no,singleton,e,short
7188,ugole,VCV,AL,o,146,(5) >125ms ,short,long,V2 lengthened,u,short,no,no,singleton,e,short
7189,ugole,VCV,AG,o,74,(2) 50-75ms,short,long,V2 lengthened,u,short,no,no,singleton,e,short
7190,ugole,VCV,AL,o,116,(4) 100-125ms,short,long,V2 lengthened,u,short,no,no,singleton,e,short
7191,ugole,VCV,EI,o,145,(5) >125ms ,short,long,V2 lengthened,u,short,no,no,singleton,e,short
7192,ugole,VCV,EI,o,149,(5) >125ms ,short,long,V2 lengthened,u,short,no,no,singleton,e,short
7193,ugole,VCV,AG,o,129,(5) >125ms ,short,long,V2 lengthened,u,short,no,no,singleton,e,short
7194,ugole,VCV,EI,o,157,(5) >125ms ,short,long,V2 lengthened,u,short,no,no,singleton,e,short
7195,ugole,VCV,LM,o,143,(5) >125ms ,short,long,V2 lengthened,u,short,no,no,singleton,e,short
7196,ugole,VCV,LM,o,111,(4) 100-125ms,short,long,V2 lengthened,u,short,no,no,singleton,e,short
7197,ugole,VCV,EI,o,157,(5) >125ms ,short,long,V2 lengthened,u,short,no,no,singleton,e,short
7198,vAAndelOO,V:RCV,AG,e,75,(2) 50-75ms,short,short,V2 short,A,long,no,yes,singleton,O,long
7199,vAAndelOO,V:RCV,AL,e,57,(2) 50-75ms,short,short,V2 short,A,long,no,yes,singleton,O,long
7200,vAAndelOO,V:RCV,AG,e,61,(2) 50-75ms,short,short,V2 short,A,long,no,yes,singleton,O,long
7201,vAAndelOO,V:RCV,EI,e,64,(2) 50-75ms,short,short,V2 short,A,long,no,yes,singleton,O,long
7202,vAAndelOO,V:RCV,AL,e,54,(2) 50-75ms,short,short,V2 short,A,long,no,yes,singleton,O,long
7203,vAAndelOO,V:RCV,LM,e,107,(4) 100-125ms,short,short,V2 short,A,long,no,yes,singleton,O,long
7204,vAAndelOO,V:RCV,EI,e,56,(2) 50-75ms,short,short,V2 short,A,long,no,yes,singleton,O,long
7205,vAAndelOO,V:RCV,EI,e,45,(1) <50ms,short,short,V2 short,A,long,no,yes,singleton,O,long
7206,vAAndelOO,V:RCV,AL,e,53,(2) 50-75ms,short,short,V2 short,A,long,no,yes,singleton,O,long
7207,vAAndelOO,V:RCV,AG,e,54,(2) 50-75ms,short,short,V2 short,A,long,no,yes,singleton,O,long
7208,vAAndelOO,V:RCV,LM,e,103,(4) 100-125ms,short,short,V2 short,A,long,no,yes,singleton,O,long
7209,vAAndelOO,V:RCV,EI,e,74,(2) 50-75ms,short,short,V2 short,A,long,no,yes,singleton,O,long
7210,vAAndelOO,V:RCV,AL,e,56,(2) 50-75ms,short,short,V2 short,A,long,no,yes,singleton,O,long
7211,vAAndelOO,V:RCV,EI,e,74,(2) 50-75ms,short,short,V2 short,A,long,no,yes,singleton,O,long
7212,vAAndelOO,V:RCV,EI,e,64,(2) 50-75ms,short,short,V2 short,A,long,no,yes,singleton,O,long
7213,vAAndelOO,V:RCV,EI,e,66,(2) 50-75ms,short,short,V2 short,A,long,no,yes,singleton,O,long
7214,vAAndelOO,V:RCV,AL,e,50,(1) <50ms,short,short,V2 short,A,long,no,yes,singleton,O,long
7215,vAAndelOO,V:RCV,AL,e,60,(2) 50-75ms,short,short,V2 short,A,long,no,yes,singleton,O,long
7216,vAAndelOO,V:RCV,AL,e,47,(1) <50ms,short,short,V2 short,A,long,no,yes,singleton,O,long
7217,vAAndelOO,V:RCV,LM,e,79,(3) 75-100ms,short,short,V2 short,A,long,no,yes,singleton,O,long
7218,vAAndelOO,V:RCV,AL,e,71,(2) 50-75ms,short,short,V2 short,A,long,no,yes,singleton,O,long
7219,vAAndelOO,V:RCV,AL,e,67,(2) 50-75ms,short,short,V2 short,A,long,no,yes,singleton,O,long
7220,vAAntele,V:RCï¿,AL,e,35,(1) <50ms,short,short,V2 short,A,long,no,yes,secondary,i,short
7221,vAAnteli,V:RCï¿,LM,e,64,(2) 50-75ms,short,short,V2 short,A,long,no,yes,secondary,i,short
7222,vAAnteli,V:RCï¿,AL,e,41,(1) <50ms,short,short,V2 short,A,long,no,yes,secondary,i,short
7223,vAAnteli,V:RCï¿,ST,e,78,(3) 75-100ms,short,short,V2 short,A,long,no,yes,secondary,i,short
7224,vAAnteli,V:RCï¿,ST,e,67,(2) 50-75ms,short,short,V2 short,A,long,no,yes,secondary,i,short
7225,vAAnteli,V:RCï¿,AL,e,47,(1) <50ms,short,short,V2 short,A,long,no,yes,secondary,i,short
7226,vAAnteli,V:RCï¿,AL,e,35,(1) <50ms,short,short,V2 short,A,long,no,yes,secondary,i,short
7227,vAAnteli,V:RCï¿,AL,e,51,(2) 50-75ms,short,short,V2 short,A,long,no,yes,secondary,i,short
7228,vAAnteli,V:RCï¿,AL,e,52,(2) 50-75ms,short,short,V2 short,A,long,no,yes,secondary,i,short
7229,vAAnteli,V:RCï¿,LM,e,56,(2) 50-75ms,short,short,V2 short,A,long,no,yes,secondary,i,short
7230,vAAnteli,V:RCï¿,LM,e,69,(2) 50-75ms,short,short,V2 short,A,long,no,yes,secondary,i,short
7231,vAAnteli,V:RCï¿,LM,e,66,(2) 50-75ms,short,short,V2 short,A,long,no,yes,secondary,i,short
7232,vAAnteli,V:RCï¿,EI,e,56,(2) 50-75ms,short,short,V2 short,A,long,no,yes,secondary,i,short
7233,vAAnteli,V:RCï¿,ST,e,62,(2) 50-75ms,short,short,V2 short,A,long,no,yes,secondary,i,short
7234,vAAnteli,V:RCï¿,EI,e,67,(2) 50-75ms,short,short,V2 short,A,long,no,yes,secondary,i,short
7235,vAAnteli,V:RCï¿,EI,e,83,(3) 75-100ms,short,short,V2 short,A,long,no,yes,secondary,i,short
7236,vAAnteli,V:RCï¿,AL,e,40,(1) <50ms,short,short,V2 short,A,long,no,yes,secondary,i,short
7237,vAAnteli,V:RCï¿,EI,e,69,(2) 50-75ms,short,short,V2 short,A,long,no,yes,secondary,i,short
7238,vAAnteli,V:RCï¿,EI,e,60,(2) 50-75ms,short,short,V2 short,A,long,no,yes,secondary,i,short
7239,vAAnteli,V:RCï¿,EI,e,69,(2) 50-75ms,short,short,V2 short,A,long,no,yes,secondary,i,short
7240,vAAnteli,V:RCï¿,EI,e,55,(2) 50-75ms,short,short,V2 short,A,long,no,yes,secondary,i,short
7241,vAAnteli,V:RCï¿,AG,e,59,(2) 50-75ms,short,short,V2 short,A,long,no,yes,secondary,i,short
7242,vAAnteli,V:RCï¿,LM,e,69,(2) 50-75ms,short,short,V2 short,A,long,no,yes,secondary,i,short
7243,vAAnteli,V:RCï¿,AL,e,40,(1) <50ms,short,short,V2 short,A,long,no,yes,secondary,i,short
7244,vAAnteli,V:RCï¿,AG,e,77,(3) 75-100ms,short,short,V2 short,A,long,no,yes,secondary,i,short
7245,vAAnteli,V:RCï¿,LM,e,71,(2) 50-75ms,short,short,V2 short,A,long,no,yes,secondary,i,short
7246,vAAnteli,V:RCï¿,EI,e,76,(3) 75-100ms,short,short,V2 short,A,long,no,yes,secondary,i,short
7247,vAAnteli,V:RCï¿,AL,e,37,(1) <50ms,short,short,V2 short,A,long,no,yes,secondary,i,short
7248,vAAnteli,V:RCï¿,AL,e,47,(1) <50ms,short,short,V2 short,A,long,no,yes,secondary,i,short
7249,vAAnteli,V:RCï¿,AG,e,90,(3) 75-100ms,short,short,V2 short,A,long,no,yes,secondary,i,short
7250,vAAnteli,V:RCï¿,LM,e,75,(2) 50-75ms,short,short,V2 short,A,long,no,yes,secondary,i,short
7251,vAAnteli,V:RCï¿,AG,e,53,(2) 50-75ms,short,short,V2 short,A,long,no,yes,secondary,i,short
7252,vAAnteli,V:RCï¿,AG,e,73,(2) 50-75ms,short,short,V2 short,A,long,no,yes,secondary,i,short
7253,vAAnteli,V:RCï¿,AG,e,61,(2) 50-75ms,short,short,V2 short,A,long,no,yes,secondary,i,short
7254,vAAnteli,V:RCï¿,AG,e,75,(2) 50-75ms,short,short,V2 short,A,long,no,yes,secondary,i,short
7255,vAAntiimA,V:RCï¿½,EI,i,73,(2) 50-75ms,long,short,*V2 long,A,long,no,yes,secondary,A,short
7256,vAAntiimA,V:RCï¿½,EI,i,71,(2) 50-75ms,long,short,*V2 long,A,long,no,yes,secondary,A,short
7257,vAAntiimA,V:RCï¿½,AG,i,88,(3) 75-100ms,long,short,*V2 long,A,long,no,yes,secondary,A,short
7258,vAAntiimA,V:RCï¿½,ST,i,51,(2) 50-75ms,long,short,*V2 long,A,long,no,yes,secondary,A,short
7259,vAAntiimA,V:RCï¿½,AL,i,50,(1) <50ms,long,short,*V2 long,A,long,no,yes,secondary,A,short
7260,vAAntiimA,V:RCï¿½,ST,i,67,(2) 50-75ms,long,short,*V2 long,A,long,no,yes,secondary,A,short
7261,vAAntiimA,V:RCï¿½,AG,i,94,(3) 75-100ms,long,short,*V2 long,A,long,no,yes,secondary,A,short
7262,vAAntiimA,V:RCï¿½,AG,i,56,(2) 50-75ms,long,short,*V2 long,A,long,no,yes,secondary,A,short
7263,vAAntiimA,V:RCï¿½,AG,i,48,(1) <50ms,long,short,*V2 long,A,long,no,yes,secondary,A,short
7264,vAAntiimA,V:RCï¿½,LM,i,64,(2) 50-75ms,long,short,*V2 long,A,long,no,yes,secondary,A,short
7265,vAAntiimA,V:RCï¿½,AL,i,56,(2) 50-75ms,long,short,*V2 long,A,long,no,yes,secondary,A,short
7266,vAAntiimA,V:RCï¿½,AG,i,48,(1) <50ms,long,short,*V2 long,A,long,no,yes,secondary,A,short
7267,vAAntiimA,V:RCï¿½,AG,i,58,(2) 50-75ms,long,short,*V2 long,A,long,no,yes,secondary,A,short
7268,vAAntiimA,V:RCï¿½,ST,i,80,(3) 75-100ms,long,short,*V2 long,A,long,no,yes,secondary,A,short
7269,vAAntiimA,V:RCï¿½,ST,i,52,(2) 50-75ms,long,short,*V2 long,A,long,no,yes,secondary,A,short
7270,vAAntiimA,V:RCï¿½,LM,i,58,(2) 50-75ms,long,short,*V2 long,A,long,no,yes,secondary,A,short
7271,vAAntiimA,V:RCï¿½,AG,i,64,(2) 50-75ms,long,short,*V2 long,A,long,no,yes,secondary,A,short
7272,vAAntiimA,V:RCï¿½,ST,i,58,(2) 50-75ms,long,short,*V2 long,A,long,no,yes,secondary,A,short
7273,vAAntiimA,V:RCï¿½,AG,i,64,(2) 50-75ms,long,short,*V2 long,A,long,no,yes,secondary,A,short
7274,vAAntiimA,V:RCï¿½,EI,i,59,(2) 50-75ms,long,short,*V2 long,A,long,no,yes,secondary,A,short
7275,vAAntiimA,V:RCï¿½,AG,i,98,(3) 75-100ms,long,short,*V2 long,A,long,no,yes,secondary,A,short
7276,vAAntiimA,V:RCï¿½,AG,i,42,(1) <50ms,long,short,*V2 long,A,long,no,yes,secondary,A,short
7277,vAAntiimA,V:RCï¿½,AG,i,64,(2) 50-75ms,long,short,*V2 long,A,long,no,yes,secondary,A,short
7278,vAAntiimA,V:RCï¿½,EI,i,102,(4) 100-125ms,long,short,*V2 long,A,long,no,yes,secondary,A,short
7279,vAAntiimA,V:RCï¿½,AG,i,53,(2) 50-75ms,long,short,*V2 long,A,long,no,yes,secondary,A,short
7280,vAAntiimA,V:RCï¿½,LM,i,83,(3) 75-100ms,long,short,*V2 long,A,long,no,yes,secondary,A,short
7281,vAAntiimA,V:RCï¿½,LM,i,58,(2) 50-75ms,long,short,*V2 long,A,long,no,yes,secondary,A,short
7282,vAAntiimA,V:RCï¿½,AG,i,63,(2) 50-75ms,long,short,*V2 long,A,long,no,yes,secondary,A,short
7283,vAAntiimA,V:RCï¿½,AL,i,48,(1) <50ms,long,short,*V2 long,A,long,no,yes,secondary,A,short
7284,vAAntiimA,V:RCï¿½,AG,i,51,(2) 50-75ms,long,short,*V2 long,A,long,no,yes,secondary,A,short
7285,vAAntiimA,V:RCï¿½,ST,i,80,(3) 75-100ms,long,short,*V2 long,A,long,no,yes,secondary,A,short
7286,vAAntiimA,V:RCï¿½,ST,i,68,(2) 50-75ms,long,short,*V2 long,A,long,no,yes,secondary,A,short
7287,vAAntiimA,V:RCï¿½,AG,i,52,(2) 50-75ms,long,short,*V2 long,A,long,no,yes,secondary,A,short
7288,vAAntiimA,V:RCï¿½,AG,i,46,(1) <50ms,long,short,*V2 long,A,long,no,yes,secondary,A,short
7289,vAAntiimA,V:RCï¿½,AG,i,66,(2) 50-75ms,long,short,*V2 long,A,long,no,yes,secondary,A,short
7290,vAAntiimA,V:RCï¿½,AG,i,59,(2) 50-75ms,long,short,*V2 long,A,long,no,yes,secondary,A,short
7291,vAAntiimA,V:RCï¿½,ST,i,64,(2) 50-75ms,long,short,*V2 long,A,long,no,yes,secondary,A,short
7292,vAAntiimA,V:RCï¿½,EI,i,81,(3) 75-100ms,long,short,*V2 long,A,long,no,yes,secondary,A,short
7293,vAAntiimA,V:RCï¿½,EI,i,49,(1) <50ms,long,short,*V2 long,A,long,no,yes,secondary,A,short
7294,vAAntiimA,V:RCï¿½,AG,i,63,(2) 50-75ms,long,short,*V2 long,A,long,no,yes,secondary,A,short
7295,vAAntiimA,V:RCï¿½,AG,i,90,(3) 75-100ms,long,short,*V2 long,A,long,no,yes,secondary,A,short
7296,vAAntiimA,V:RCï¿½,AL,i,43,(1) <50ms,long,short,*V2 long,A,long,no,yes,secondary,A,short
7297,vAAntiimA,V:RCï¿½,AL,i,51,(2) 50-75ms,long,short,*V2 long,A,long,no,yes,secondary,A,short
7298,vAAntiimA,V:RCï¿½,AG,i,70,(2) 50-75ms,long,short,*V2 long,A,long,no,yes,secondary,A,short
7299,vAAntiimA,V:RCï¿½,LM,i,67,(2) 50-75ms,long,short,*V2 long,A,long,no,yes,secondary,A,short
7300,vAAntiimA,V:RCï¿½,AG,i,50,(1) <50ms,long,short,*V2 long,A,long,no,yes,secondary,A,short
7301,vAAntiimA,V:RCï¿½,AG,i,97,(3) 75-100ms,long,short,*V2 long,A,long,no,yes,secondary,A,short
7302,vAAntiimA,V:RCï¿½,LM,i,70,(2) 50-75ms,long,short,*V2 long,A,long,no,yes,secondary,A,short
7303,vAAntiimA,V:RCï¿½,LM,i,60,(2) 50-75ms,long,short,*V2 long,A,long,no,yes,secondary,A,short
7304,vAAntiimA,V:RCï¿½,EI,i,69,(2) 50-75ms,long,short,*V2 long,A,long,no,yes,secondary,A,short
7305,vAAntiimA,V:RCï¿½,LM,i,51,(2) 50-75ms,long,short,*V2 long,A,long,no,yes,secondary,A,short
7306,vAAntiimA,V:RCï¿½,LM,i,69,(2) 50-75ms,long,short,*V2 long,A,long,no,yes,secondary,A,short
7307,vAAntiimA,V:RCï¿½,AG,i,85,(3) 75-100ms,long,short,*V2 long,A,long,no,yes,secondary,A,short
7308,vAAntiimA,V:RCï¿½,ST,i,76,(3) 75-100ms,long,short,*V2 long,A,long,no,yes,secondary,A,short
7309,vAAntiimA,V:RCï¿½,AG,i,51,(2) 50-75ms,long,short,*V2 long,A,long,no,yes,secondary,A,short
7310,vAAntiimA,V:RCï¿½,AL,i,57,(2) 50-75ms,long,short,*V2 long,A,long,no,yes,secondary,A,short
7311,vAAntiimA,V:RCï¿½,AG,i,83,(3) 75-100ms,long,short,*V2 long,A,long,no,yes,secondary,A,short
7312,vAAntiimA,V:RCï¿½,AL,i,41,(1) <50ms,long,short,*V2 long,A,long,no,yes,secondary,A,short
7313,vAAntiimA,V:RCï¿½,LM,i,84,(3) 75-100ms,long,short,*V2 long,A,long,no,yes,secondary,A,short
7314,vAAntiimA,V:RCï¿½,LM,i,71,(2) 50-75ms,long,short,*V2 long,A,long,no,yes,secondary,A,short
7315,vaattiima,V:C:V:,ST,i,53,(2) 50-75ms,long,short,*V2 long,a,long,no,no,primary,a,short
7316,vaattiima,V:C:V:,ST,i,57,(2) 50-75ms,long,short,*V2 long,a,long,no,no,primary,a,short
7317,vaattiima,V:C:V:,LM,i,70,(2) 50-75ms,long,short,*V2 long,a,long,no,no,primary,a,short
7318,vaattiima,V:C:V:,ST,i,41,(1) <50ms,long,short,*V2 long,a,long,no,no,primary,a,short
7319,vaattiima,V:C:V:,LM,i,78,(3) 75-100ms,long,short,*V2 long,a,long,no,no,primary,a,short
7320,vaattiima,V:C:V:,AL,i,41,(1) <50ms,long,short,*V2 long,a,long,no,no,primary,a,short
7321,vaattiima,V:C:V:,LM,i,54,(2) 50-75ms,long,short,*V2 long,a,long,no,no,primary,a,short
7322,vaattiima,V:C:V:,ST,i,53,(2) 50-75ms,long,short,*V2 long,a,long,no,no,primary,a,short
7323,vaattiima,V:C:V:,EI,i,70,(2) 50-75ms,long,short,*V2 long,a,long,no,no,primary,a,short
7324,vaattiima,V:C:V:,EI,i,78,(3) 75-100ms,long,short,*V2 long,a,long,no,no,primary,a,short
7325,vaattiima,V:C:V:,AG,i,67,(2) 50-75ms,long,short,*V2 long,a,long,no,no,primary,a,short
7326,vaattiima,V:C:V:,EI,i,76,(3) 75-100ms,long,short,*V2 long,a,long,no,no,primary,a,short
7327,vaattiima,V:C:V:,LM,i,50,(1) <50ms,long,short,*V2 long,a,long,no,no,primary,a,short
7328,vaattiima,V:C:V:,AG,i,45,(1) <50ms,long,short,*V2 long,a,long,no,no,primary,a,short
7329,vaattiima,V:C:V:,LM,i,80,(3) 75-100ms,long,short,*V2 long,a,long,no,no,primary,a,short
7330,vaattiima,V:C:V:,LM,i,50,(1) <50ms,long,short,*V2 long,a,long,no,no,primary,a,short
7331,vaattiima,V:C:V:,ST,i,50,(1) <50ms,long,short,*V2 long,a,long,no,no,primary,a,short
7332,vaattiima,V:C:V:,AG,i,60,(2) 50-75ms,long,short,*V2 long,a,long,no,no,primary,a,short
7333,vaattiima,V:C:V:,ST,i,51,(2) 50-75ms,long,short,*V2 long,a,long,no,no,primary,a,short
7334,vaattiima,V:C:V:,ST,i,50,(1) <50ms,long,short,*V2 long,a,long,no,no,primary,a,short
7335,vaattiima,V:C:V:,ST,i,46,(1) <50ms,long,short,*V2 long,a,long,no,no,primary,a,short
7336,vaattiima,V:C:V:,LM,i,51,(2) 50-75ms,long,short,*V2 long,a,long,no,no,primary,a,short
7337,vaattiima,V:C:V:,ST,i,48,(1) <50ms,long,short,*V2 long,a,long,no,no,primary,a,short
7338,vaattiima,V:C:V:,LM,i,60,(2) 50-75ms,long,short,*V2 long,a,long,no,no,primary,a,short
7339,vaattiima,V:C:V:,LM,i,50,(1) <50ms,long,short,*V2 long,a,long,no,no,primary,a,short
7340,vaattiima,V:C:V:,LM,i,42,(1) <50ms,long,short,*V2 long,a,long,no,no,primary,a,short
7341,vaattiima,V:C:V:,AL,i,43,(1) <50ms,long,short,*V2 long,a,long,no,no,primary,a,short
7342,vaattiima,V:C:V:,AL,i,80,(3) 75-100ms,long,short,*V2 long,a,long,no,no,primary,a,short
7343,vaattiima,V:C:V:,ST,i,50,(1) <50ms,long,short,*V2 long,a,long,no,no,primary,a,short
7344,vaattiima,V:C:V:,AG,i,42,(1) <50ms,long,short,*V2 long,a,long,no,no,primary,a,short
7345,vaattiima,V:C:V:,ST,i,57,(2) 50-75ms,long,short,*V2 long,a,long,no,no,primary,a,short
7346,vaattiima,V:C:V:,EI,i,66,(2) 50-75ms,long,short,*V2 long,a,long,no,no,primary,a,short
7347,vaattiima,V:C:V:,AG,i,78,(3) 75-100ms,long,short,*V2 long,a,long,no,no,primary,a,short
7348,vaattiima,V:C:V:,EI,i,70,(2) 50-75ms,long,short,*V2 long,a,long,no,no,primary,a,short
7349,vaattiima,V:C:V:,AG,i,62,(2) 50-75ms,long,short,*V2 long,a,long,no,no,primary,a,short
7350,vaattiima,V:C:V:,EI,i,69,(2) 50-75ms,long,short,*V2 long,a,long,no,no,primary,a,short
7351,vaattiima,V:C:V:,AG,i,67,(2) 50-75ms,long,short,*V2 long,a,long,no,no,primary,a,short
7352,vaattiima,V:C:V:,EI,i,63,(2) 50-75ms,long,short,*V2 long,a,long,no,no,primary,a,short
7353,vaattiima,V:C:V:,ST,i,61,(2) 50-75ms,long,short,*V2 long,a,long,no,no,primary,a,short
7354,vaattiima,V:C:V:,ST,i,62,(2) 50-75ms,long,short,*V2 long,a,long,no,no,primary,a,short
7355,vaattiima,V:C:V:,ST,i,58,(2) 50-75ms,long,short,*V2 long,a,long,no,no,primary,a,short
7356,vaattiima,V:C:V:,ST,i,46,(1) <50ms,long,short,*V2 long,a,long,no,no,primary,a,short
7357,vaattiima,V:C:V:,AG,i,70,(2) 50-75ms,long,short,*V2 long,a,long,no,no,primary,a,short
7358,vaattiima,V:C:V:,EI,i,86,(3) 75-100ms,long,short,*V2 long,a,long,no,no,primary,a,short
7359,vaattiima,V:C:V:,EI,i,71,(2) 50-75ms,long,short,*V2 long,a,long,no,no,primary,a,short
7360,vaattiima,V:C:V:,ST,i,49,(1) <50ms,long,short,*V2 long,a,long,no,no,primary,a,short
7361,vAkOOvA,VCï¿½,EI,O,69,(2) 50-75ms,long,long,V2 long (VCï¿,A,short,no,no,secondary,A,short
7362,vAkOOvA,VCï¿½,AG,O,110,(4) 100-125ms,long,long,V2 long (VCï¿,A,short,no,no,secondary,A,short
7363,vAkOOvA,VCï¿½,EI,O,91,(3) 75-100ms,long,long,V2 long (VCï¿,A,short,no,no,secondary,A,short
7364,vAkOOvA,VCï¿½,EI,O,116,(4) 100-125ms,long,long,V2 long (VCï¿,A,short,no,no,secondary,A,short
7365,vAkOOvA,VCï¿½,AL,O,56,(2) 50-75ms,long,long,V2 long (VCï¿,A,short,no,no,secondary,A,short
7366,vAkOOvA,VCï¿½,EI,O,120,(4) 100-125ms,long,long,V2 long (VCï¿,A,short,no,no,secondary,A,short
7367,vAkOOvA,VCï¿½,EI,O,83,(3) 75-100ms,long,long,V2 long (VCï¿,A,short,no,no,secondary,A,short
7368,vAkOOvA,VCï¿½,AL,O,75,(2) 50-75ms,long,long,V2 long (VCï¿,A,short,no,no,secondary,A,short
7369,vAkOOvA,VCï¿½,LM,O,107,(4) 100-125ms,long,long,V2 long (VCï¿,A,short,no,no,secondary,A,short
7370,vAkOOvA,VCï¿½,LM,O,58,(2) 50-75ms,long,long,V2 long (VCï¿,A,short,no,no,secondary,A,short
7371,vAkOOvA,VCï¿½,EI,O,86,(3) 75-100ms,long,long,V2 long (VCï¿,A,short,no,no,secondary,A,short
7372,vAkOOvA,VCï¿½,AG,O,127,(5) >125ms ,long,long,V2 long (VCï¿,A,short,no,no,secondary,A,short
7373,vAkOOvA,VCï¿½,AL,O,78,(3) 75-100ms,long,long,V2 long (VCï¿,A,short,no,no,secondary,A,short
7374,vAkOOvA,VCï¿½,AL,O,76,(3) 75-100ms,long,long,V2 long (VCï¿,A,short,no,no,secondary,A,short
7375,vAkOOvA,VCï¿½,AL,O,78,(3) 75-100ms,long,long,V2 long (VCï¿,A,short,no,no,secondary,A,short
7376,vAkOOvA,VCï¿½,EI,O,83,(3) 75-100ms,long,long,V2 long (VCï¿,A,short,no,no,secondary,A,short
7377,vAkOOvA,VCï¿½,AL,O,72,(2) 50-75ms,long,long,V2 long (VCï¿,A,short,no,no,secondary,A,short
7378,vAkOOvA,VCï¿½,ST,O,83,(3) 75-100ms,long,long,V2 long (VCï¿,A,short,no,no,secondary,A,short
7379,vAkOOvA,VCï¿½,LM,O,100,(3) 75-100ms,long,long,V2 long (VCï¿,A,short,no,no,secondary,A,short
7380,vAkOOvA,VCï¿½,AG,O,190,(5) >125ms ,long,long,V2 long (VCï¿,A,short,no,no,secondary,A,short
7381,vAkOOvA,VCï¿½,AL,O,60,(2) 50-75ms,long,long,V2 long (VCï¿,A,short,no,no,secondary,A,short
7382,vAkOOvA,VCï¿½,AG,O,168,(5) >125ms ,long,long,V2 long (VCï¿,A,short,no,no,secondary,A,short
7383,vAkOOvA,VCï¿½,ST,O,93,(3) 75-100ms,long,long,V2 long (VCï¿,A,short,no,no,secondary,A,short
7384,vAkOOvA,VCï¿½,AG,O,214,(5) >125ms ,long,long,V2 long (VCï¿,A,short,no,no,secondary,A,short
7385,vAkOOvA,VCï¿½,AG,O,144,(5) >125ms ,long,long,V2 long (VCï¿,A,short,no,no,secondary,A,short
7386,vAkOOvA,VCï¿½,LM,O,175,(5) >125ms ,long,long,V2 long (VCï¿,A,short,no,no,secondary,A,short
7387,vAkOOvA,VCï¿½,LM,O,207,(5) >125ms ,long,long,V2 long (VCï¿,A,short,no,no,secondary,A,short
7388,vAkOOvA,VCï¿½,ST,O,103,(4) 100-125ms,long,long,V2 long (VCï¿,A,short,no,no,secondary,A,short
7389,vAkOOvA,VCï¿½,LM,O,176,(5) >125ms ,long,long,V2 long (VCï¿,A,short,no,no,secondary,A,short
7390,vAkOOvA,VCï¿½,LM,O,125,(4) 100-125ms,long,long,V2 long (VCï¿,A,short,no,no,secondary,A,short
7391,vAkOOvA,VCï¿½,AG,O,88,(3) 75-100ms,long,long,V2 long (VCï¿,A,short,no,no,secondary,A,short
7392,vAkOOvA,VCï¿½,ST,O,73,(2) 50-75ms,long,long,V2 long (VCï¿,A,short,no,no,secondary,A,short
7393,vankkuri,VRC:V,AL,u,43,(1) <50ms,short,short,V2 short,a,short,no,yes,primary,i,short
7394,vankkuri,VRC:V,AL,u,50,(1) <50ms,short,short,V2 short,a,short,no,yes,primary,i,short
7395,vankkuri,VRC:V,AL,u,52,(2) 50-75ms,short,short,V2 short,a,short,no,yes,primary,i,short
7396,vArttAnA,VRC:V,AL,A,40,(1) <50ms,short,short,V2 short,A,short,no,yes,primary,A,short
7397,vArttAnA,VRC:V,ST,A,57,(2) 50-75ms,short,short,V2 short,A,short,no,yes,primary,A,short
7398,vArttAnA,VRC:V,LM,A,35,(1) <50ms,short,short,V2 short,A,short,no,yes,primary,A,short
7399,vArttAnA,VRC:V,LM,A,30,(1) <50ms,short,short,V2 short,A,short,no,yes,primary,A,short
7400,vArttAnA,VRC:V,AL,A,48,(1) <50ms,short,short,V2 short,A,short,no,yes,primary,A,short
7401,vArttAnA,VRC:V,ST,A,48,(1) <50ms,short,short,V2 short,A,short,no,yes,primary,A,short
7402,vArttAnA,VRC:V,LM,A,30,(1) <50ms,short,short,V2 short,A,short,no,yes,primary,A,short
7403,vArttAnA,VRC:V,ST,A,47,(1) <50ms,short,short,V2 short,A,short,no,yes,primary,A,short
7404,vArttAnA,VRC:V,LM,A,50,(1) <50ms,short,short,V2 short,A,short,no,yes,primary,A,short
7405,vArttAnA,VRC:V,AL,A,51,(2) 50-75ms,short,short,V2 short,A,short,no,yes,primary,A,short
7406,veerdelOO,V:RCV,AG,e,65,(2) 50-75ms,short,short,V2 short,e,long,no,yes,singleton,O,long
7407,veerdelOO,V:RCV,AL,e,59,(2) 50-75ms,short,short,V2 short,i,long,no,yes,singleton,O,long
7408,veerdelOO,V:RCV,AL,e,39,(1) <50ms,short,short,V2 short,i,long,no,yes,singleton,O,long
7409,veerdelOO,V:RCV,AL,e,49,(1) <50ms,short,short,V2 short,i,long,no,yes,singleton,O,long
7410,veerdelOO,V:RCV,AG,e,66,(2) 50-75ms,short,short,V2 short,e,long,no,yes,singleton,O,long
7411,veerdelOO,V:RCV,AL,e,50,(1) <50ms,short,short,V2 short,i,long,no,yes,singleton,O,long
7412,veerdelOO,V:RCV,AL,e,64,(2) 50-75ms,short,short,V2 short,i,long,no,yes,singleton,O,long
7413,veerdelOO,V:RCV,AG,e,101,(4) 100-125ms,short,short,V2 short,e,long,no,yes,singleton,O,long
7414,veerdelOO,V:RCV,AL,e,64,(2) 50-75ms,short,short,V2 short,i,long,no,yes,singleton,O,long
7415,veerdelOO,V:RCV,AL,e,55,(2) 50-75ms,short,short,V2 short,i,long,no,yes,singleton,O,long
7416,veerdelOO,V:RCV,AL,e,65,(2) 50-75ms,short,short,V2 short,i,long,no,yes,singleton,O,long
7417,veerdelOO,V:RCV,AL,e,72,(2) 50-75ms,short,short,V2 short,i,long,no,yes,singleton,O,long
7418,veerdelOO,V:RCV,AL,e,60,(2) 50-75ms,short,short,V2 short,i,long,no,yes,singleton,O,long
7419,veerteli,V:RCï¿,LM,e,68,(2) 50-75ms,short,short,V2 short,i,long,no,yes,secondary,i,short
7420,veerteli,V:RCï¿,AL,e,37,(1) <50ms,short,short,V2 short,i,long,no,yes,secondary,i,short
7421,veerteli,V:RCï¿,AL,e,45,(1) <50ms,short,short,V2 short,i,long,no,yes,secondary,i,short
7422,veerteli,V:RCï¿,LM,e,56,(2) 50-75ms,short,short,V2 short,i,long,no,yes,secondary,i,short
7423,veerteli,V:RCï¿,AL,e,39,(1) <50ms,short,short,V2 short,i,long,no,yes,secondary,i,short
7424,veerteli,V:RCï¿,AL,e,58,(2) 50-75ms,short,short,V2 short,i,long,no,yes,secondary,i,short
7425,veerteli,V:RCï¿,AL,e,53,(2) 50-75ms,short,short,V2 short,i,long,no,yes,secondary,i,short
7426,veerteli,V:RCï¿,AL,e,33,(1) <50ms,short,short,V2 short,i,long,no,yes,secondary,i,short
7427,veerteli,V:RCï¿,AL,e,57,(2) 50-75ms,short,short,V2 short,i,long,no,yes,secondary,i,short
7428,veerteli,V:RCï¿,AL,e,36,(1) <50ms,short,short,V2 short,i,long,no,yes,secondary,i,short
7429,veertiimA,V:RCï¿½,AG,i,81,(3) 75-100ms,long,short,*V2 long,e,long,no,yes,secondary,A,short
7430,veertiimA,V:RCï¿½,AG,i,42,(1) <50ms,long,short,*V2 long,e,long,no,yes,secondary,A,short
7431,veertiimA,V:RCï¿½,AL,i,40,(1) <50ms,long,short,*V2 long,i,long,no,yes,secondary,A,short
7432,veertiimA,V:RCï¿½,AG,i,61,(2) 50-75ms,long,short,*V2 long,e,long,no,yes,secondary,A,short
7433,veertiimA,V:RCï¿½,AG,i,40,(1) <50ms,long,short,*V2 long,e,long,no,yes,secondary,A,short
7434,veertiimA,V:RCï¿½,AG,i,48,(1) <50ms,long,short,*V2 long,e,long,no,yes,secondary,A,short
7435,veertiimA,V:RCï¿½,AG,i,91,(3) 75-100ms,long,short,*V2 long,e,long,no,yes,secondary,A,short
7436,veertiimA,V:RCï¿½,AG,i,63,(2) 50-75ms,long,short,*V2 long,e,long,no,yes,secondary,A,short
7437,veertiimA,V:RCï¿½,AL,i,50,(1) <50ms,long,short,*V2 long,i,long,no,yes,secondary,A,short
7438,veertiimA,V:RCï¿½,AL,i,43,(1) <50ms,long,short,*V2 long,i,long,no,yes,secondary,A,short
7439,veertiimA,V:RCï¿½,AL,i,50,(1) <50ms,long,short,*V2 long,i,long,no,yes,secondary,A,short
7440,veertiimA,V:RCï¿½,AL,i,70,(2) 50-75ms,long,short,*V2 long,i,long,no,yes,secondary,A,short
7441,veertiimA,V:RCï¿½,AL,i,69,(2) 50-75ms,long,short,*V2 long,i,long,no,yes,secondary,A,short
7442,veertiimA,V:RCï¿½,AL,i,67,(2) 50-75ms,long,short,*V2 long,i,long,no,yes,secondary,A,short
7443,veertiimA,V:RCï¿½,AL,i,44,(1) <50ms,long,short,*V2 long,i,long,no,yes,secondary,A,short
7444,veertiimA,V:RCï¿½,AL,i,78,(3) 75-100ms,long,short,*V2 long,i,long,no,yes,secondary,A,short
7445,veertiimA,V:RCï¿½,AL,i,60,(2) 50-75ms,long,short,*V2 long,i,long,no,yes,secondary,A,short
7446,veertiimA,V:RCï¿½,AL,i,47,(1) <50ms,long,short,*V2 long,i,long,no,yes,secondary,A,short
7447,veertiimA,V:RCï¿½,AL,i,42,(1) <50ms,long,short,*V2 long,i,long,no,yes,secondary,A,short
7448,veertiimA,V:RCï¿½,AL,i,57,(2) 50-75ms,long,short,*V2 long,i,long,no,yes,secondary,A,short
7449,veertiimA,V:RCï¿½,AL,i,41,(1) <50ms,long,short,*V2 long,i,long,no,yes,secondary,A,short
7450,veertiimA,V:RCï¿½,AL,i,48,(1) <50ms,long,short,*V2 long,i,long,no,yes,secondary,A,short
7451,veertiimA,V:RCï¿½,AG,i,81,(3) 75-100ms,long,short,*V2 long,e,long,no,yes,secondary,A,short
7452,veertiimA,V:RCï¿½,AG,i,42,(1) <50ms,long,short,*V2 long,e,long,no,yes,secondary,A,short
7453,veertiimA,V:RCï¿½,AL,i,40,(1) <50ms,long,short,*V2 long,i,long,no,yes,secondary,A,short
7454,veertiimA,V:RCï¿½,AG,i,61,(2) 50-75ms,long,short,*V2 long,e,long,no,yes,secondary,A,short
7455,veertiimA,V:RCï¿½,AG,i,40,(1) <50ms,long,short,*V2 long,e,long,no,yes,secondary,A,short
7456,veertiimA,V:RCï¿½,AG,i,48,(1) <50ms,long,short,*V2 long,e,long,no,yes,secondary,A,short
7457,veertiimA,V:RCï¿½,AG,i,91,(3) 75-100ms,long,short,*V2 long,e,long,no,yes,secondary,A,short
7458,veertiimA,V:RCï¿½,AG,i,63,(2) 50-75ms,long,short,*V2 long,e,long,no,yes,secondary,A,short
7459,veertiimA,V:RCï¿½,AL,i,50,(1) <50ms,long,short,*V2 long,i,long,no,yes,secondary,A,short
7460,veertiimA,V:RCï¿½,AL,i,43,(1) <50ms,long,short,*V2 long,i,long,no,yes,secondary,A,short
7461,veertiimA,V:RCï¿½,AL,i,50,(1) <50ms,long,short,*V2 long,i,long,no,yes,secondary,A,short
7462,veertiimA,V:RCï¿½,AL,i,70,(2) 50-75ms,long,short,*V2 long,i,long,no,yes,secondary,A,short
7463,veertiimA,V:RCï¿½,AL,i,69,(2) 50-75ms,long,short,*V2 long,i,long,no,yes,secondary,A,short
7464,veertiimA,V:RCï¿½,AL,i,67,(2) 50-75ms,long,short,*V2 long,i,long,no,yes,secondary,A,short
7465,veertiimA,V:RCï¿½,AL,i,44,(1) <50ms,long,short,*V2 long,i,long,no,yes,secondary,A,short
7466,veertiimA,V:RCï¿½,AL,i,78,(3) 75-100ms,long,short,*V2 long,i,long,no,yes,secondary,A,short
7467,veertiimA,V:RCï¿½,AL,i,60,(2) 50-75ms,long,short,*V2 long,i,long,no,yes,secondary,A,short
7468,veertiimA,V:RCï¿½,AL,i,47,(1) <50ms,long,short,*V2 long,i,long,no,yes,secondary,A,short
7469,veertiimA,V:RCï¿½,AL,i,42,(1) <50ms,long,short,*V2 long,i,long,no,yes,secondary,A,short
7470,veertiimA,V:RCï¿½,AL,i,57,(2) 50-75ms,long,short,*V2 long,i,long,no,yes,secondary,A,short
7471,veertiimA,V:RCï¿½,AL,i,41,(1) <50ms,long,short,*V2 long,i,long,no,yes,secondary,A,short
7472,veertiimA,V:RCï¿½,AL,i,48,(1) <50ms,long,short,*V2 long,i,long,no,yes,secondary,A,short
7473,veitteli,V1V2C:V,ST,e,76,(3) 75-100ms,short,short,V2 short,ei,long,yes,no,primary,i,short
7474,veitteli,V1V2C:V,ST,e,64,(2) 50-75ms,short,short,V2 short,ei,long,yes,no,primary,i,short
7475,veitteli,V1V2C:V,ST,e,48,(1) <50ms,short,short,V2 short,ei,long,yes,no,primary,i,short
7476,velkoja,VRCï¿,AG,o,56,(2) 50-75ms,short,short,V2 short,e,short,no,yes,secondary,a,short
7477,velkoja,VRCï¿,ST,o,58,(2) 50-75ms,short,short,V2 short,e,short,no,yes,secondary,a,short
7478,velkoja,VRCï¿,ST,o,59,(2) 50-75ms,short,short,V2 short,e,short,no,yes,secondary,a,short
7479,velkoja,VRCï¿,LM,o,66,(2) 50-75ms,short,short,V2 short,e,short,no,yes,secondary,a,short
7480,velkoja,VRCï¿,EI,o,69,(2) 50-75ms,short,short,V2 short,e,short,no,yes,secondary,a,short
7481,velkoja,VRCï¿,AG,o,64,(2) 50-75ms,short,short,V2 short,e,short,no,yes,secondary,a,short
7482,velkoja,VRCï¿,ST,o,64,(2) 50-75ms,short,short,V2 short,e,short,no,yes,secondary,a,short
7483,velkoja,VRCï¿,LM,o,62,(2) 50-75ms,short,short,V2 short,e,short,no,yes,secondary,a,short
7484,velkoja,VRCï¿,EI,o,70,(2) 50-75ms,short,short,V2 short,e,short,no,yes,secondary,a,short
7485,velkoja,VRCï¿,ST,o,66,(2) 50-75ms,short,short,V2 short,e,short,no,yes,secondary,a,short
7486,velkoja,VRCï¿,LM,o,61,(2) 50-75ms,short,short,V2 short,e,short,no,yes,secondary,a,short
7487,velkoja,VRCï¿,AL,o,60,(2) 50-75ms,short,short,V2 short,e,short,no,yes,secondary,a,short
7488,velkoja,VRCï¿,AG,o,85,(3) 75-100ms,short,short,V2 short,e,short,no,yes,secondary,a,short
7489,velkoja,VRCï¿,LM,o,73,(2) 50-75ms,short,short,V2 short,e,short,no,yes,secondary,a,short
7490,velkoja,VRCï¿,AL,o,50,(1) <50ms,short,short,V2 short,e,short,no,yes,secondary,a,short
7491,velkoja,VRCï¿,EI,o,59,(2) 50-75ms,short,short,V2 short,e,short,no,yes,secondary,a,short
7492,velkoja,VRCï¿,AL,o,62,(2) 50-75ms,short,short,V2 short,e,short,no,yes,secondary,a,short
7493,velkoja,VRCï¿,AL,o,56,(2) 50-75ms,short,short,V2 short,e,short,no,yes,secondary,a,short
7494,velkoja,VRCï¿,EI,o,80,(3) 75-100ms,short,short,V2 short,e,short,no,yes,secondary,a,short
7495,velkoja,VRCï¿,AG,o,77,(3) 75-100ms,short,short,V2 short,e,short,no,yes,secondary,a,short
7496,velkoja,VRCï¿,AG,o,70,(2) 50-75ms,short,short,V2 short,e,short,no,yes,secondary,a,short
7497,velkoja,VRCï¿,EI,o,75,(2) 50-75ms,short,short,V2 short,e,short,no,yes,secondary,a,short
7498,velkoja,VRCï¿,AL,o,53,(2) 50-75ms,short,short,V2 short,e,short,no,yes,secondary,a,short
7499,velkoja,VRCï¿,AL,o,67,(2) 50-75ms,short,short,V2 short,e,short,no,yes,secondary,a,short
7500,velkoja,VRCï¿,EI,o,99,(3) 75-100ms,short,short,V2 short,e,short,no,yes,secondary,a,short
7501,velkoja,VRCï¿,LM,o,85,(3) 75-100ms,short,short,V2 short,e,short,no,yes,secondary,a,short
7502,velkoja,VRCï¿,EI,o,75,(2) 50-75ms,short,short,V2 short,e,short,no,yes,secondary,a,short
7503,velkoja,VRCï¿,LM,o,71,(2) 50-75ms,short,short,V2 short,e,short,no,yes,secondary,a,short
7504,velkoja,VRCï¿,AG,o,70,(2) 50-75ms,short,short,V2 short,e,short,no,yes,secondary,a,short
7505,velkoja,VRCï¿,LM,o,71,(2) 50-75ms,short,short,V2 short,e,short,no,yes,secondary,a,short
7506,velkoja,VRCï¿,AL,o,65,(2) 50-75ms,short,short,V2 short,e,short,no,yes,secondary,a,short
7507,velkoja,VRCï¿,AL,o,78,(3) 75-100ms,short,short,V2 short,e,short,no,yes,secondary,a,short
7508,velkoja,VRCï¿,AG,o,65,(2) 50-75ms,short,short,V2 short,e,short,no,yes,secondary,a,short
7509,vertaama,VRCï¿½,LM,a,60,(2) 50-75ms,long,short,*V2 long,e,short,no,yes,secondary,a,short
7510,vertaama,VRCï¿½,LM,a,44,(1) <50ms,long,short,*V2 long,e,short,no,yes,secondary,a,short
7511,vertaama,VRCï¿½,EI,a,120,(4) 100-125ms,long,short,*V2 long,e,short,no,yes,secondary,a,short
7512,vertaama,VRCï¿½,EI,a,118,(4) 100-125ms,long,short,*V2 long,e,short,no,yes,secondary,a,short
7513,vertaama,VRCï¿½,LM,a,63,(2) 50-75ms,long,short,*V2 long,e,short,no,yes,secondary,a,short
7514,vertaama,VRCï¿½,LM,a,62,(2) 50-75ms,long,short,*V2 long,e,short,no,yes,secondary,a,short
7515,vertaama,VRCï¿½,AL,a,71,(2) 50-75ms,long,short,*V2 long,e,short,no,yes,secondary,a,short
7516,vertaama,VRCï¿½,EI,a,71,(2) 50-75ms,long,short,*V2 long,e,short,no,yes,secondary,a,short
7517,vertaama,VRCï¿½,EI,a,53,(2) 50-75ms,long,short,*V2 long,e,short,no,yes,secondary,a,short
7518,vertaama,VRCï¿½,AL,a,75,(2) 50-75ms,long,short,*V2 long,e,short,no,yes,secondary,a,short
7519,vertaama,VRCï¿½,LM,a,73,(2) 50-75ms,long,short,*V2 long,e,short,no,yes,secondary,a,short
7520,vertaama,VRCï¿½,EI,a,113,(4) 100-125ms,long,short,*V2 long,e,short,no,yes,secondary,a,short
7521,vertaama,VRCï¿½,AL,a,71,(2) 50-75ms,long,short,*V2 long,e,short,no,yes,secondary,a,short
7522,vertaama,VRCï¿½,AL,a,53,(2) 50-75ms,long,short,*V2 long,e,short,no,yes,secondary,a,short
7523,vertaama,VRCï¿½,LM,a,86,(3) 75-100ms,long,short,*V2 long,e,short,no,yes,secondary,a,short
7524,vertaama,VRCï¿½,AL,a,66,(2) 50-75ms,long,short,*V2 long,e,short,no,yes,secondary,a,short
7525,vertaama,VRCï¿½,AL,a,42,(1) <50ms,long,short,*V2 long,e,short,no,yes,secondary,a,short
7526,vertaama,VRCï¿½,EI,a,94,(3) 75-100ms,long,short,*V2 long,e,short,no,yes,secondary,a,short
7527,vertaama,VRCï¿½,LM,a,91,(3) 75-100ms,long,short,*V2 long,e,short,no,yes,secondary,a,short
7528,vertaama,VRCï¿½,AL,a,70,(2) 50-75ms,long,short,*V2 long,e,short,no,yes,secondary,a,short
7529,vertaama,VRCï¿½,EI,a,120,(4) 100-125ms,long,short,*V2 long,e,short,no,yes,secondary,a,short
7530,vertaama,VRCï¿½,EI,a,98,(3) 75-100ms,long,short,*V2 long,e,short,no,yes,secondary,a,short
7531,vertaama,VRCï¿½,LM,a,54,(2) 50-75ms,long,short,*V2 long,e,short,no,yes,secondary,a,short
7532,vertaama,VRCï¿½,LM,a,76,(3) 75-100ms,long,short,*V2 long,e,short,no,yes,secondary,a,short
7533,voitele,V1V2Cï¿,AL,e,37,(1) <50ms,long,short,*V2 long,oi,long,yes,no,secondary,e,short
7534,voiteli,V1V2Cï¿,LM,e,75,(2) 50-75ms,long,short,*V2 long,oi,long,yes,no,secondary,i,short
7535,voiteli,V1V2Cï¿,ST,e,52,(2) 50-75ms,long,short,*V2 long,oi,long,yes,no,secondary,i,short
7536,voiteli,V1V2Cï¿,AG,e,32,(1) <50ms,long,short,*V2 long,oi,long,yes,no,secondary,i,short
7537,voiteli,V1V2Cï¿,LM,e,62,(2) 50-75ms,long,short,*V2 long,oi,long,yes,no,secondary,i,short
7538,voiteli,V1V2Cï¿,AL,e,37,(1) <50ms,long,short,*V2 long,oi,long,yes,no,secondary,i,short
7539,voiteli,V1V2Cï¿,EI,e,61,(2) 50-75ms,long,short,*V2 long,oi,long,yes,no,secondary,i,short
7540,voiteli,V1V2Cï¿,LM,e,70,(2) 50-75ms,long,short,*V2 long,oi,long,yes,no,secondary,i,short
7541,voiteli,V1V2Cï¿,AL,e,35,(1) <50ms,long,short,*V2 long,oi,long,yes,no,secondary,i,short
7542,voiteli,V1V2Cï¿,EI,e,65,(2) 50-75ms,long,short,*V2 long,oi,long,yes,no,secondary,i,short
7543,voiteli,V1V2Cï¿,LM,e,55,(2) 50-75ms,long,short,*V2 long,oi,long,yes,no,secondary,i,short
7544,voiteli,V1V2Cï¿,AG,e,56,(2) 50-75ms,long,short,*V2 long,oi,long,yes,no,secondary,i,short
7545,voiteli,V1V2Cï¿,AG,e,63,(2) 50-75ms,long,short,*V2 long,oi,long,yes,no,secondary,i,short
7546,voiteli,V1V2Cï¿,EI,e,53,(2) 50-75ms,long,short,*V2 long,oi,long,yes,no,secondary,i,short
7547,voiteli,V1V2Cï¿,AG,e,64,(2) 50-75ms,long,short,*V2 long,oi,long,yes,no,secondary,i,short
7548,voiteli,V1V2Cï¿,AL,e,32,(1) <50ms,long,short,*V2 long,oi,long,yes,no,secondary,i,short
7549,voiteli,V1V2Cï¿,LM,e,70,(2) 50-75ms,long,short,*V2 long,oi,long,yes,no,secondary,i,short
7550,voiteli,V1V2Cï¿,EI,e,61,(2) 50-75ms,long,short,*V2 long,oi,long,yes,no,secondary,i,short
7551,voittele,V:C:V,AL,e,41,(1) <50ms,short,short,V2 short,oi,long,no,no,primary,e,short
7552,voittele,V:C:V,AL,e,38,(1) <50ms,short,short,V2 short,oi,long,no,no,primary,e,short
7553,voittele,V:C:V,AL,e,34,(1) <50ms,short,short,V2 short,oi,long,no,no,primary,e,short
7554,voittele,V:C:V,AL,e,47,(1) <50ms,short,short,V2 short,oi,long,no,no,primary,e,short
7555,voitteli,V1V2C:V,AG,e,55,(2) 50-75ms,short,short,V2 short,oi,long,yes,no,primary,i,short
7556,voitteli,V1V2C:V,ST,e,54,(2) 50-75ms,short,short,V2 short,oi,long,yes,no,primary,i,short
7557,voitteli,V1V2C:V,EI,e,65,(2) 50-75ms,short,short,V2 short,oi,long,yes,no,primary,i,short
7558,voitteli,V1V2C:V,EI,e,59,(2) 50-75ms,short,short,V2 short,oi,long,yes,no,primary,i,short
7559,voitteli,V1V2C:V,ST,e,45,(1) <50ms,short,short,V2 short,oi,long,yes,no,primary,i,short
7560,voitteli,V1V2C:V,AG,e,46,(1) <50ms,short,short,V2 short,oi,long,yes,no,primary,i,short
7561,voitteli,V1V2C:V,AG,e,80,(3) 75-100ms,short,short,V2 short,oi,long,yes,no,primary,i,short
7562,voitteli,V1V2C:V,LM,e,70,(2) 50-75ms,short,short,V2 short,oi,long,yes,no,primary,i,short
7563,voitteli,V1V2C:V,ST,e,44,(1) <50ms,short,short,V2 short,oi,long,yes,no,primary,i,short
7564,voitteli,V1V2C:V,EI,e,56,(2) 50-75ms,short,short,V2 short,oi,long,yes,no,primary,i,short
7565,voitteli,V1V2C:V,LM,e,71,(2) 50-75ms,short,short,V2 short,oi,long,yes,no,primary,i,short
7566,voitteli,V1V2C:V,LM,e,65,(2) 50-75ms,short,short,V2 short,oi,long,yes,no,primary,i,short
7567,voitteli,V1V2C:V,AG,e,48,(1) <50ms,short,short,V2 short,oi,long,yes,no,primary,i,short
7568,voitteli,V1V2C:V,EI,e,77,(3) 75-100ms,short,short,V2 short,oi,long,yes,no,primary,i,short
7569,voitteli,V1V2C:V,ST,e,49,(1) <50ms,short,short,V2 short,oi,long,yes,no,primary,i,short
7570,voitteli,V1V2C:V,LM,e,65,(2) 50-75ms,short,short,V2 short,oi,long,yes,no,primary,i,short
7571,voitteli,V1V2C:V,LM,e,76,(3) 75-100ms,short,short,V2 short,oi,long,yes,no,primary,i,short
7572,voitteli,V1V2C:V,EI,e,52,(2) 50-75ms,short,short,V2 short,oi,long,yes,no,primary,i,short
7573,voitteli,V1V2C:V,AG,e,65,(2) 50-75ms,short,short,V2 short,oi,long,yes,no,primary,i,short
7574,voitteli,V1V2C:V,AG,e,42,(1) <50ms,short,short,V2 short,oi,long,yes,no,primary,i,short
7575,voitteli,V1V2C:V,LM,e,61,(2) 50-75ms,short,short,V2 short,oi,long,yes,no,primary,i,short
7576,voitteli,V1V2C:V,AL,e,30,(1) <50ms,short,short,V2 short,oi,long,yes,no,primary,i,short
7577,voitteli,V1V2C:V,AL,e,56,(2) 50-75ms,short,short,V2 short,oi,long,yes,no,primary,i,short
7578,voitteli,V1V2C:V,EI,e,42,(1) <50ms,short,short,V2 short,oi,long,yes,no,primary,i,short
7579,voitteli,V1V2C:V,AG,e,52,(2) 50-75ms,short,short,V2 short,oi,long,yes,no,primary,i,short
7580,voitteli,V1V2C:V,LM,e,40,(1) <50ms,short,short,V2 short,oi,long,yes,no,primary,i,short
7581,voitteli,V1V2C:V,LM,e,66,(2) 50-75ms,short,short,V2 short,oi,long,yes,no,primary,i,short
7582,voitteli,V1V2C:V,LM,e,62,(2) 50-75ms,short,short,V2 short,oi,long,yes,no,primary,i,short
7583,voitteli,V1V2C:V,ST,e,51,(2) 50-75ms,short,short,V2 short,oi,long,yes,no,primary,i,short
7584,voitteli,V1V2C:V,ST,e,49,(1) <50ms,short,short,V2 short,oi,long,yes,no,primary,i,short
7585,voitteli,V1V2C:V,EI,e,69,(2) 50-75ms,short,short,V2 short,oi,long,yes,no,primary,i,short
7586,voitteli,V1V2C:V,ST,e,53,(2) 50-75ms,short,short,V2 short,oi,long,yes,no,primary,i,short
7587,voitteli,V1V2C:V,ST,e,50,(1) <50ms,short,short,V2 short,oi,long,yes,no,primary,i,short
7588,voitteli,V1V2C:V,AG,e,61,(2) 50-75ms,short,short,V2 short,oi,long,yes,no,primary,i,short
7589,voitteli,V1V2C:V,AL,e,24,(1) <50ms,short,short,V2 short,oi,long,yes,no,primary,i,short
7590,voitteli,V1V2C:V,LM,e,50,(1) <50ms,short,short,V2 short,oi,long,yes,no,primary,i,short
7591,vootava,V:Cï¿,AL,a,75,(2) 50-75ms,short,short,V2 short,u,long,no,no,secondary,a,short
7592,vootava,V:Cï¿,EI,a,70,(2) 50-75ms,short,short,V2 short,u,long,no,no,secondary,a,short
7593,vootava,V:Cï¿,AL,a,54,(2) 50-75ms,short,short,V2 short,u,long,no,no,secondary,a,short
7594,vootava,V:Cï¿,LM,a,43,(1) <50ms,short,short,V2 short,u,long,no,no,secondary,a,short
7595,vootava,V:Cï¿,LM,a,70,(2) 50-75ms,short,short,V2 short,u,long,no,no,secondary,a,short
7596,vootava,V:Cï¿,EI,a,88,(3) 75-100ms,short,short,V2 short,u,long,no,no,secondary,a,short
7597,vootava,V:Cï¿,EI,a,74,(2) 50-75ms,short,short,V2 short,u,long,no,no,secondary,a,short
7598,vootava,V:Cï¿,EI,a,110,(4) 100-125ms,short,short,V2 short,u,long,no,no,secondary,a,short
7599,vootava,V:Cï¿,LM,a,90,(3) 75-100ms,short,short,V2 short,u,long,no,no,secondary,a,short
7600,vootava,V:Cï¿,LM,a,63,(2) 50-75ms,short,short,V2 short,u,long,no,no,secondary,a,short
7601,vootava,V:Cï¿,EI,a,102,(4) 100-125ms,short,short,V2 short,u,long,no,no,secondary,a,short
7602,vootava,V:Cï¿,AL,a,62,(2) 50-75ms,short,short,V2 short,u,long,no,no,secondary,a,short
7603,vootava,V:Cï¿,AG,a,78,(3) 75-100ms,short,short,V2 short,o,long,no,no,secondary,a,short
7604,vootava,V:Cï¿,AG,a,64,(2) 50-75ms,short,short,V2 short,o,long,no,no,secondary,a,short
7605,vootava,V:Cï¿,LM,a,95,(3) 75-100ms,short,short,V2 short,o,long,no,no,secondary,a,short
7606,vootava,V:Cï¿,EI,a,116,(4) 100-125ms,short,short,V2 short,u,long,no,no,secondary,a,short
7607,vootava,V:Cï¿,AL,a,70,(2) 50-75ms,short,short,V2 short,u,long,no,no,secondary,a,short
7608,vootava,V:Cï¿,LM,a,67,(2) 50-75ms,short,short,V2 short,u,long,no,no,secondary,a,short
7609,vootava,V:Cï¿,AG,a,66,(2) 50-75ms,short,short,V2 short,o,long,no,no,secondary,a,short
7610,vootava,V:Cï¿,AL,a,68,(2) 50-75ms,short,short,V2 short,u,long,no,no,secondary,a,short
7611,vootava,V:Cï¿,EI,a,80,(3) 75-100ms,short,short,V2 short,u,long,no,no,secondary,a,short
7612,vootava,V:Cï¿,LM,a,58,(2) 50-75ms,short,short,V2 short,o,long,no,no,secondary,a,short
7613,vootava,V:Cï¿,AL,a,66,(2) 50-75ms,short,short,V2 short,u,long,no,no,secondary,a,short
7614,vootava,V:Cï¿,EI,a,83,(3) 75-100ms,short,short,V2 short,u,long,no,no,secondary,a,short
7615,vootava,V:Cï¿,AG,a,92,(3) 75-100ms,short,short,V2 short,o,long,no,no,secondary,a,short
7616,vootava,V:Cï¿,AG,a,77,(3) 75-100ms,short,short,V2 short,o,long,no,no,secondary,a,short
7617,vootava,V:Cï¿,LM,a,88,(3) 75-100ms,short,short,V2 short,o,long,no,no,secondary,a,short
7618,vootava,V:Cï¿,EI,a,60,(2) 50-75ms,short,short,V2 short,u,long,no,no,secondary,a,short
7619,vootava,V:Cï¿,EI,a,89,(3) 75-100ms,short,short,V2 short,u,long,no,no,secondary,a,short
7620,vootava,V:Cï¿,AL,a,80,(3) 75-100ms,short,short,V2 short,u,long,no,no,secondary,a,short
7621,vootava,V:Cï¿,AG,a,81,(3) 75-100ms,short,short,V2 short,o,long,no,no,secondary,a,short
7622,vootava,V:Cï¿,AG,a,79,(3) 75-100ms,short,short,V2 short,o,long,no,no,secondary,a,short
7623,vootava,V:Cï¿,EI,a,99,(3) 75-100ms,short,short,V2 short,u,long,no,no,secondary,a,short
7624,vootava,V:Cï¿,LM,a,77,(3) 75-100ms,short,short,V2 short,o,long,no,no,secondary,a,short
